original,translate
#Accessories,#饰品
Armored Boots,护甲靴
Masterwork Armored Boots,精工护甲靴
Noble's Boots,贵族靴
Masterwork Noble's Boots,精工贵族靴
Leather Boots,皮靴
Masterwork Leather Boots,精工皮靴
Travelers Boots,旅者靴
Masterwork Travelers Boots,精工旅者靴
The Farstriders,远行者之靴
These legendary boots increase the Carrying Capacity of the wearer by 30 lb as well as conferring a +1 bonus to their Fortitude,这双传奇靴子使穿戴者的负重上限增加30磅，并为其体质提供+1加成
The Tyrant,暴君
This helmet increases the user’s Awareness and Spell Aptitude by +1,这顶头盔使用者的察觉和法术资质+1
Armored Gauntlets,护甲手套
Masterwork Armored Gauntlets,精工护甲手套
Noble's Gloves,贵族手套
Masterwork Noble's Gloves,精工贵族手套
Leather Gloves,皮手套
Masterwork Leather Gloves,精工皮手套
Mailed Gauntlets,锁甲手套
Masterwork Mailed Gauntlets,精工锁甲手套
Travelers Gloves,旅者手套
Masterwork Travelers Gloves,精工旅者手套
Headwear,帽子
Hat,帽子
Bonnet,软帽
Leather Coif,皮头巾
Rag,破布
Hood,兜帽
Antlers,鹿角
Reaver Crown,劫掠者王冠
"A wide-brimmed, felt hat",一顶宽檐毡帽
It is quite stylish but offers little protection,它非常时尚，但提供的保护很少
Wreath,花环
Mail Coif,锁甲头巾
Coif and Helmet,头巾与头盔
Masterwork Mail Coif,精工锁甲头巾
Full Helmet,全盔
Masterwork Full Helmet,精工全盔
Horned Helmet,角盔
Masterwork Horned Helmet,精工角盔
Steel Helmet,钢盔
Masterwork Steel Helmet,精工钢盔
Plumed Helmet,羽盔
Masterwork Plumed Helmet,精工羽盔
Tower Helmet,塔盔
Soldier's Helmet,士兵头盔
Officer's Helmet,军官头盔
Jester's Cap,弄臣帽
#Accessories Jewelry,#饰品 珠宝
Amulet of Perfect Health,无暇健康护符
Grants the wearer immunity to Disease,赋予佩戴者疾病免疫
The Lunar Ring,月之戒
The Lunar Ring increases the radius of Aura spells by,月之戒增加光环法术的半径
Skull Necklace,颅骨项链
An exquisitely crafted necklace that could be quite valuable,一条制作精美的项链，可能价值不菲
Diamond Necklace,钻石项链
Firegold Necklace,火金项链
Coral Necklace,珊瑚项链
Pagan Necklace,异教项链
Beryl Necklace,绿柱石项链
Garnet Necklace,石榴石项链
Profane Necklace,渎神项链
Arcane Necklace,奥术项链
Ancient Necklace,古代项链
Brass Necklace,黄铜项链
A necklace that can be sold for a few coins,一条可以卖几个硬币的项链
Opal Necklace,欧泊项链
A necklace that will fetch a nice price,一条能卖个好价钱的项链
Silver Necklace,银项链
Gold Necklace,金项链
Copper Necklace,铜项链
Copper Locket,铜吊坠
Jade Necklace,翡翠项链
Ruby Necklace,红宝石项链
Ancient Gold Necklace,古代金项链
Ancient Jade Necklace,古代翡翠项链
The Guarded Heart,守护之心
A beautifully crafted golden ring with a heart carved into it,一枚制作精美的金戒指，上面雕刻着一颗心
The wearer of this ring will find their resolve strengthened,佩戴此戒指者将发现自己的决心得到增强
Adds +1 to Will,意志+1
Skull Ring,颅骨戒指
An exquisitely crafted ring that could be quite valuable,一枚制作精美的戒指，可能价值不菲
Topaz Ring,黄玉戒指
Lapis Ring,青金石戒指
Frater's Ring,弗拉特之戒
Sepulchite's Ring,墓祀教团之戒
Flowgold Ring,流金戒指
Wavestrider Ring,踏浪者之戒
Tempest Ring,风暴之戒
Lupercal Ring,卢佩卡尔戒指
Arboreal Ring,林木戒指
Primordial Ring,原初之戒
Ruby Ring,红宝石戒指
Genesis Ring,创世之戒
Fire Opal Ring,火欧泊戒指
Emerald Ring,翡翠戒指
Amethyst Ring,紫水晶戒指
Serpent Ring,蛇形戒指
Aquamarine Ring,海蓝宝石戒指
Sunstone Ring,日长石戒指
Green Sapphire Ring,绿宝石戒指
Brass Ring,黄铜戒指
"A modest, but well crafted ring",一枚朴素但做工精良的戒指
Silver Ring,银戒指
Gold Ring,金戒指
"A modest, but well crafted golden ring",一枚朴素但做工精良的金戒指
#Accessories - Types,#饰品 - 类型
Footwear,鞋靴
Glove,手套
Headwear,帽子
Necklace,项链
Ring,戒指
#Accessory,#饰品
Armored Boots,护甲靴
Masterwork Armored Boots,精工护甲靴
Noble's Boots,贵族靴
Masterwork Noble's Boots,精工贵族靴
Leather Boots,皮靴
Masterwork Leather Boots,精工皮靴
Travelers Boots,旅者靴
Masterwork Travelers Boots,精工旅者靴
The Farstriders,远行者之靴
These legendary boots increase the Carrying Capacity of the wearer by 30 lb as well as conferring a +1 bonus to their Fortitude,这双传奇靴子使穿戴者的负重上限增加30磅，并为其体质提供+1加成，
The Tyrant,暴君
This helmet increases the user’s Awareness and Spell Aptitude by +1,这顶头盔使使用者的察觉和法术资质各+1，
Armored Gauntlets,护甲手套
Masterwork Armored Gauntlets,精工护甲手套
Noble's Gloves,贵族手套
Masterwork Noble's Gloves,精工贵族手套
Leather Gloves,皮手套
Masterwork Leather Gloves,精工皮手套
Mailed Gauntlets,锁甲手套
Masterwork Mailed Gauntlets,精工锁甲手套
Travelers Gloves,旅者手套
Masterwork Travelers Gloves,精工旅者手套
Headwear,帽子
Hat,帽子
Bonnet,软帽
Leather Coif,皮头巾
Rag,破布
Hood,兜帽
Antlers,鹿角
Reaver Crown,劫掠者王冠
"A wide-brimmed, felt hat","""一顶宽檐毡帽"""
It is quite stylish but offers little protection,它相当时髦，但提供的保护微乎其微，
Wreath,花环
Mail Coif,锁甲头巾
Coif and Helmet,头巾与头盔
Masterwork Mail Coif,精工锁甲头巾
Full Helmet,全盔
Masterwork Full Helmet,精工全盔
Horned Helmet,角盔
Masterwork Horned Helmet,精工角盔
Steel Helmet,钢盔
Masterwork Steel Helmet,精工钢盔
Plumed Helmet,羽盔
Masterwork Plumed Helmet,精工羽盔
Round Helmet,圆盔
Soldier's Helmet,士兵头盔
Officer's Helmet,军官头盔
Jester's Cap,弄臣帽
#Adventuring - Books,#冒险 - 书籍
Astronomer's Journal,天文学家的日志
"A small, well-used journal",一本破旧的小日志
The journal contains a large amount of tabulated data that appears to be astrological in nature interspersed with notes,这本日志包含了大量似乎是占星性质的表格数据，其间穿插着笔记
The final entries appear to have been made only days before your arrival,最后的几篇日志似乎是在你到达前几天才写下的
Observed strange dancing lights in the sky,观察到天空中奇异的舞动光芒
Not unlike those sailors to the far south describe near polar regions yet somehow different,与那些远南海员描述的极地附近的光芒并非完全不同，但又有某种不同
Colors indescribable - Mesmerizing,颜色难以形容——令人着迷
For a fleeting moment I even thought I heard a sound,在那一瞬间，我甚至以为我听到了一个声音
Somewhere between a deep wail and singing,介于深沉的哀嚎与歌唱之间
Could not perform observations tonight,今晚无法进行观测
Charts or instruments are off and I cannot make sense of the sky,星图或仪器出了问题，我无法理解天空
There are bodies there,那里有天体
Bodies that are alien to me,对我来说陌生的天体
It must be some form of comet storm or some other extraordinary astronomical event that has not been predicted in the Imperial Charts,这一定是某种彗星风暴或其他未被帝国星图预测到的异常天文事件
They are wrong!,它们错了！
I have done the calculations over and over and I come to the same conclusion,我一遍又一遍地计算，得出的结论都一样
The stars are wrong - in so many ways!,星辰错了——在很多方面都错了！
"As I observed an alien cluster in the southeastern quadrant, it dawned on me with absolute certainty",当我观测东南象限的一个陌生星团时，我绝对确定地意识到
I am not watching them - they are watching me,不是我在观测它们——而是它们在注视我
I dread to look again yet I feel compelled to do so,我害怕再次仰望，却又感到非看不可
They beckon me,它们在召唤我
I am certain that if I look again into that dreadful cluster in the southeastern quadrant I shall be undone,我确信，如果我再次望向东南象限那个可怕的星团，我必将崩溃
Yet there are answers there,然而那里有答案
Deeper and more profound than any mortal mind can comprehend,比任何凡人的心智所能理解的都更深刻、更深远
I believe I shall look again,我想我会再次仰望
I must,我必须这么做
Origins of the Legionnaire’s Rest,《归战花的起源》
"A small, generic book of lore",一本薄薄的、普通的学识书籍
Fawlon’s Treatise on the Origins of Imperial Fauna Excerpt,《帝国动物起源》节选，法隆著
Legionnaire’s Rest,归战花
Colours indescribable - Mesmerising,颜色难以形容——令人着迷
"It was a time of great sorrow, but from this calamity, new life blossomed",那是一个巨大悲痛的时期，但正是从这场灾难中，新的生命绽放了
For from the soil beneath which the lost legions lay an abundance of crimson red flowers sprouted forth,因为在那些失落军团安息的土壤之下，大量深红色的花朵破土而出
"Flowers that, it is said, will only grow upon the graves of those fallen in battle",据说，这种花只会在那些战死沙场之人的坟墓上生长
Folk Poetry of the North,北方民谣
Volume,卷
THE RIVEMAN'S RHYME,河上人歌谣
"To the river I will go,",我将去往河边，
"To soothe a heart that’s full of woe,",去抚慰一颗充满悲伤的心，
For in the water’s cool embrace,因为在河水的清凉怀抱中
My true self I will face,我将面对真实的自我
FOLK LITANY OF THE DEAD,民间亡者祷文
"Bathe the flesh,",洗净肉身，
Mend the bone,接好断骨
"Then lay the body,",然后安放遗体，
Beneath the stone,于石碑之下
AN ODE TO THE POTATO,土豆颂
"Oh, how blessed we’ll be,",哦，我们将多么有福，
"To taste your earthy bliss,",品尝你那泥土的福泽，
When we have sown our fields,当我们播下田地
And planted your seeds,种下你的种子
And awaited rain’s gentle kiss,并等待雨水的轻柔之吻
Postscript,附言
"For context and comaprison, I have taken the opportunity of adding the transcript of a fruit farmer's tirade to the local magistrate on the issue of the potatoe-related agricultural reforms",为了提供背景和对比，我借此机会附上了一位果农就土豆相关农业改革问题向地方法官发出的长篇怒骂的抄本
If I receive one more decree commanding me to re-sow my fruit orchards into bloody potato fields!,要是我再收到一道命令，让我把我的果园改种成该死的土豆田！
I’m going to send him a bag full of my ripest manure!,我就送他一袋我这儿最熟的粪肥！
"Bloody Magi, making a mess of the world and leaving it to us lot to clean it up!",该死的法师，把世界搞得一团糟，然后丢给我们这帮人来收拾！
Not on my farm!,别想在我的农场上搞！
They can shove their bloody seed-potatoes up their sacred arses for all I bleeding care!,他们可以把他们那该死的种薯塞进他们神圣的屁股里，我才他妈的不管呢！
Origins of the Sorroweater,《悲噬花的起源》
Sorrow-Eater,悲噬花
"In the year of 641 GA, after the lay-Countess of Vaul lost her firstborn to dry lung, it is rumored that she locked herself up in her chambers to wallow in her grief",在升天纪641年，瓦乌尔的世俗女爵因干肺病失去了她的第一个孩子后，据传她将自己锁在房间里，沉溺于悲痛之中
"One of the lay-Countess's most important offices was as head of the High Forum, and thus, fearing her absence would cause much unrest amongst nobility, the countess’ majordomo sought help from a wise old crone",这位世俗女爵最重要的职责之一是担任大议会的首脑，因此，担心她的缺席会在贵族中引起巨大动荡，女爵的大管家向一位睿智的老妇寻求帮助
"After hearing her plea, the crone handed the countess’ majordomo a single, violet coloured flower",听了她的请求后，老妇递给女爵的大管家一朵紫色的花
"Place this beside her bed, and to it all her sorrow shall be fed",将此花放在她床边，她所有的悲伤都将被它吞噬
"Desperate, the countess’ majordomo did as the crone advised, and less than a tide later, the lay-Countess of Vaul left her chambers for the first time since the loss of her child",绝望之下，女爵的大管家照老妇的建议做了，不到一个潮汐之后，瓦乌尔的世俗女爵自失去孩子以来第一次离开了她的房间
"The tale was quickly passed between courtiers, and ever since, the fauna - aptly named ‘Sorroweater’ - has been given as a gift in times of great sorrow",这个故事很快在朝臣之间流传开来，从那时起，这种被恰当地命名为‘悲噬花’的植物，便成为了在巨大悲痛时刻赠送的礼物
The High Forum of 641 was indeed a great success,641年的大议会确实取得了巨大的成功
"As so often when the lay-nobility conveens, much was discussed, little was decided and nothing was accomplished save gluttony, fornication and a stabbing or two",正如世俗贵族集会时常有的情况，讨论了很多，决定得很少，除了暴食、淫乱和一两次捅人事件外，一事无成
Origins of the Starspawn,《星泪花的起源》
Starspawn,星泪花
"Despite its beautiful appearance, the legend on the origin of the Starflower is a grim one",尽管外表美丽，但关于星裔花起源的传说却是一个残酷的故事
"Many centuries ago, before Gallina came from the south, a fatally wounded warrior lay dying",许多世纪以前，在伽里安从南方到来之前，一个受了致命伤的战士奄奄一息地躺着
He pleaded to the Gods for help just as a shooting star passed through the sky,正当一颗流星划过天际时，他向众神祈求帮助
"Hearing his cries and taking pity on the young man, the star descended to earth to answer his prayers",听到了他的哭喊，并对这个年轻人起了怜悯之心，那颗星星降临到凡间来回应他的祈祷
For such was her nature,因为这就是她的本性
"At first the soldier was grateful, but he became smitten by her beauty and soon grew lustful",起初，士兵很感激，但他被她的美貌迷住，很快就变得充满欲望
Then possessive and finally cruel towards the stellar being,然后是占有欲，最后对这位星辰存在变得残忍
For such was his nature,因为这就是他的本性
"She refused him, claiming that stars belong to all who love them and the soldier went mad with rage",她拒绝了他，声称星星属于所有爱它们的人，士兵因愤怒而发狂
"He strangled her then and there for if he could not have her, no one would",他当场扼死了她，因为他若不能拥有她，谁也别想
"As the star’s last breath left her, her Sisters began to weep",当那颗星星呼出最后一口气时，她的姐妹们开始哭泣
"In a shower of burning light, their tears fell to the earth where the star lay, immolating the man who had killed her",在一阵燃烧的光雨中，她们的泪水落在那颗星星躺卧的大地上，将杀害她的男人烧成了灰烬
"When dawn finally broke and the stars withdrew, all that was left in their wake was a field of star-shaped flowers",当黎明终于到来，群星隐退时，它们留下的唯有一片星形花朵的田野
Origins of the Sunmouth,《向阳吻的起源》
Sunmouth,向阳吻
This bright fauna was first discovered in the province of Gorremia following one of the worst winters in the region’s history,这种明亮的植物是在该地区历史上最严酷的一个冬天之后，在戈雷米亚省首次发现的
"It is reported that after months of unrelenting snow and ice, the land in this region had become so barren the locals worried new life would never grow from it again",据报道，在持续数月无情的冰雪之后，这片地区的土地变得如此贫瘠，以至于本地人担心新的生命再也无法从中生长出来
"Fearing the worst, a handful of villagers decided to seek out new homes, and set out with heavy hearts to begin the long journey to the temperate Heartlands",担心最坏的情况发生，一小群村民决定去寻找新的家园，怀着沉重的心情踏上了前往气候温和的心脏地带的漫长旅程
"It was at this moment, as the villagers braced themselves to leave their lives behind, that a single ray of sunlight broke through the clouds to light the barren area before them",就在这一刻，当村民们鼓起勇气准备抛弃他们原有的生活时，一缕阳光穿透云层，照亮了他们面前那片贫瘠的土地
"Breaths held, the villagers watched as that sliver of sunlight thawed the icy ground, unveiling the beginnings of a single, yellow bud",村民们屏住呼吸，看着那一缕阳光融化了冰封的地面，显露出一株黄色花苞的雏形
"A bud that, to this day, has only ever been found to grow in areas of direct sunlight",一个直到今天，都只在阳光直射的地方才能被发现生长的花苞
Monk's Journal,修士的日记
We’re working long hours into the night to deal with the recent influx of corpses,我们长时间工作到深夜，以处理最近涌入的大量尸体
What compels these people to act so cruelly?,是什么驱使这些人做出如此残忍的行为？
Yesterday we had the corpse of a young boy of no more than 12 years come in,昨天我们收到了一具不超过12岁的小男孩的尸体
He had been beaten to death by the looks of it,从外表看他是被殴打致死的
"Sacred dead preserve me - were it not for the calling, I’m not sure I would have persevered",神圣的亡者保佑我——若不是因为这份天职，我不确定我是否能坚持下去
A glimmer of light,一丝光明
"Brother Aruun came running up from the crypt, so frightened he had pissed his robes",阿鲁恩修士从墓室跑上来，吓得尿湿了他的长袍
He claimed he saw something move down in the crypt,他声称看到墓室下面有东西在动
Something “unnatural,某种“不自然”的东西
"We laughed till we fell over and by the end, so did he",我们笑得前仰后合，到最后，他也笑了
No doubt he saw one of the rats but it’s funny where the mind wanders when sleep becomes scarce,毫无疑问他看到了某只老鼠，但当睡眠不足时，人的思绪会飘到哪儿去，这很有趣
Something is wrong in the village!,村子里出事了！
They say some kind of riot has broken out,他们说爆发了某种骚乱
Hierophant Leios said Driina has gone to investigate and that we monks should stay in the crypt for our own safety,大祭司莱奥斯说德莉娜已经去调查了，为了我们自己的安全，我们这些修士应该待在墓室里
We try to pass the time with work but I wish we knew what was happening,我们试图用工作打发时间，但我真希望我们知道发生了什么
They came from the lower crypts!,它们从下层墓室来了！
All are dead save me and brother Aruun!,除了我和阿鲁恩修士，所有人都死了！
We have locked ourselves in the storage room,我们把自己锁在了储藏室里
How can this be?,这怎么可能？
How can such abominations walk?,这样的畸形生物怎么能行走？
There is no light in the afterlife!,来世没有光！
Only black stars,只有黑色的星辰
No water,没有水
Aruun did not wake today,阿鲁恩今天没有醒来
I dare not leave this room - I hear them outside,我不敢离开这个房间——我听到它们在外面
I too shall pass,我也将逝去
Black stars beckon,黑色的星辰在召唤
A Ragged Note,破旧的字条
A ragged letter that seems to contain direction of some sort,一封破旧的信，似乎包含某种指示
Enter the sewers from the harbor through the westernmost outlet,从港口通过最西边的排水口进入下水道
Follow the chalk arrows on the wall and make your way east past the central cistern and then south,沿着墙上的粉笔箭头，向东经过中央蓄水池，然后向南
From there you’ll find a stairs going down and into the Rat-Maze,从那里你会找到一段楼梯，向下进入鼠迷宫
"In the maze, go W, S, S, W, W and you’ll find yourself in the Underhalls",在迷宫中，向西，向南，向南，向西，向西，你就会到达地下大厅
Mind your manners while you’re there and be sure to peruse the Black Market,在那里注意你的举止，并且一定要去逛逛黑市
Surgeon's Journal,船医的日记
A journal that was kept by the ship surgeon of the Zephyr,一本由西风号船医保管的日志
Written on the day of departure from the mainland,写于离开大陆的那天
Left Adler's Helm today with a full complement of passengers,今天离开了鹰盔堡，船上载满了乘客
Mercenaries by the looks of it,看起来是雇佣兵
Paid well,报酬丰厚
Ship was dispatched by Guild before we could fully restock medical supplies,我们还没来得及完全补充医疗用品，船就被公会派遣出发了
Hopefully we won't need them,希望我们用不上它们
"Then again, our passengers make me uneasy",不过话说回来，我们的乘客让我感到不安
Written 5 days ago,写于5天前
Brawl in mess - had to set nose,食堂斗殴——不得不去正骨
Men seem on edge,人们似乎很紧张
Can't say I blame them,不能说怪他们
Have been sleeping poorly and dreams are... unsound,一直睡得不好，梦……很不安宁
Written 4 days ago,写于4天前
Igan came to me today with a bite-wound that he sustained whilst working in the hold,伊根今天来找我，他在货舱工作时被咬伤了
Didn't see creature and I would say it was a rat's bite if it weren't for the size and some aspect of the dentition that I find hard to explain properly,没看到是什么生物，如果不是因为伤口的大小和某些我难以解释清楚的齿痕特征，我会说那是老鼠咬的
Written two days ago,写于两天前
Was visited today by navigator Aslam,今天航海长阿斯拉姆来找我
He asked for Whitefern - a sedative,他要白蕨——一种镇静剂
Claimed he had trouble sleeping,声称他难以入睡
"Suspected he was not fully forthcoming and when pushed, he mumbled something about the stars being 'odd'",怀疑他没有完全说实话，在我追问下，他含糊地说了些关于星星变得‘古怪’的话
Not sure what he meant and he left before I could push him further,不确定他是什么意思，我还没来得及进一步追问，他就离开了
Written today,写于今天
Men are about to break,人们快要崩溃了
We cannot maintain our course for Idra,我们无法维持前往伊德拉的航线
Captain advised me today to make ready the surgery and to expect casualties,船长今天通知我准备好手术室，并预计会有伤亡
I suspect he intends to inform our passengers that he refuses to land on the island,我怀疑他打算通知我们的乘客，他拒绝在该岛登陆
If this is my last,如果这是我的最后一篇
The entry trails off,日志内容逐渐消失
Caspar's Journal,卡斯帕的日记
"A small, leather-bound journal filled with neat handwritten notes",一本皮革装订的小日志，写满了整洁的手写笔记
Noted on the inside cover is the name “Caspar of Loral,内封上注明了名字“洛拉尔的卡斯帕”
About a year ago,大约一年前
Arrived today and was met by the man who is to be my overseer,今天抵达，见到了那个将成为我监管者的人
Mathias,马蒂亚斯
He seemed nice enough albeit eccentric,他看起来足够友善，尽管有些古怪
Is this to be my fate as well?,这也将是我的命运吗？
"Woe to me that my wretched life and poor choices has landed me, Caspar of Loral, on this barren rock as the keeper of lights",我真是不幸啊，我悲惨的生活和糟糕的选择，竟让我，洛拉尔的卡斯帕，来到这块不毛之地上做守灯人
About six months ago,大约六个月前
Saw lights on the shore near the cave entrance,在洞穴入口附近的海岸上看到了光
Smugglers Mathias say,马蒂亚斯说是走私者
"He insists we leave them alone and I am forced to abide, though my mind wanders often to that cave and what may lay within",他坚持要我们别管他们，我被迫服从，尽管我的思绪常常飘向那个洞穴以及里面可能藏着的东西
About a month ago,大约一个月前
I cannot take it any more!,我再也受不了了！
The old bastard is driving me mad!,那个老混蛋快把我逼疯了！
He spies on me and gives me strange looks,他监视我，还用奇怪的眼神看我
And I’m sure he goes through my things!,而且我敢肯定他翻过我的东西！
I went for a walk to clear my head and I ended up by the entrance to the sea-cave,我出去散步想清醒一下头脑，结果走到了海蚀洞窟的入口
Something is calling me there,那里有什么东西在召唤我
I hear it even in my sleep,我甚至在睡梦中也能听到
About a week before your arrival in Idra,大约在你抵达伊德拉的一周前
Dreams driving me mad!,梦快把我逼疯了！
Always it calls me to the caves,它总是召唤我去那些洞穴
To the deeper dark that lies beneath where no man has tread for eons,去往那下方更深层的黑暗，那亘古以来无人踏足之地
The looking stone and the ancient sleepers,那窥视之石与远古的沉睡者
The blade calls me,那刀剑在召唤我
I can take no more,我再也无法忍受了
Smuggler's Journal,走私者的日记
A small leather-bound book,一本皮革装订的小书
I hate these jobs,我讨厌这些活儿
Dropped off and told to guard the cargo until it can be collected,被放下船，被告知要守着货物直到有人来取
And whilst the bastards up in the northern cave are living the good life I’m stuck in this hole,当北边洞穴里的那些混蛋过着好日子时，我却困在这个洞里
I sometimes think the Imperial dungeons would be preferable,我有时觉得帝国的地牢都比这儿强
We explored the cave today and found what appears to be an underwater tunnel in one of the dead-ends,我们今天探索了洞穴，在其中一个死胡同里发现了一条看起来像是水下隧道的东西
Bryn insisted we try to swim it but I can think of no worse nightmare than being lost in the dark underwater,布林坚持要我们试着游过去，但我想不出比在黑暗的水下迷路更可怕的噩梦了
I told him as much and he got agitated,我把这话告诉了他，他变得焦躁不安
Yelled something about dreaming of an ancient relic,喊了些什么梦到一件古代遗物的话
I have no idea what he’s on about,我完全不知道他在说什么
Golden dead!,黄金亡者啊！
Bryn got attacked by a crab the size of a warhound today!,布林今天被一只战犬那么大的螃蟹袭击了！
Nearly took his leg off!,差点把他的腿给弄断了！
Neither of us have seen anything like it before and we can only pray it was alone!,我们俩以前都没见过这样的东西，只能祈祷它是独自一只！
Hope the ship won't be delayed much longer,希望船不会再延误太久了
Bryn is gone,布林不见了
I know in my heart he’s gone to the underwater tunnel,我内心深处知道他去了那条水下隧道
Madness!,疯了！
Shapes are moving in the dark now,现在黑暗中有影子在移动
No way out and no one is coming for me!,没有出路，也没有人会来救我！
Light is failing,光正在消逝
Mother,母亲
Marita's Cookbook,玛丽塔的食谱
A humble cookbook,一本朴素的食谱
Potatoes - Carrots - Leeks,土豆 - 胡萝卜 - 韭葱
All of the above can be found growing in our field,以上所有都可以在我们的田地里找到
x Eggs - Potatoes - Onions,x 鸡蛋 - 土豆 - 洋葱
Sea bird eggs will do just fine,海鸟蛋就很好
Onions grow wild in abundance,洋葱大量野生
Cabal Journal,秘盟的日记
A journal that appears to have been written by one of the members of the Cabal expedition,一本似乎是由秘盟考察队一名成员所写的日志
This one was found in the base-camp,这本是在大本营找到的
ENTRY,条目
We’ve finally arrived at the Priory and found it in shockingly good condition,我们终于抵达了修道院，发现它的状况好得惊人
It’s as if time has stood still here,仿佛时间在这里静止了
The initial survey does not reveal a clear means of accessing the lower level but I’m confident we’ll find a way given enough time,初步勘查没有发现进入下层的明确途径，但我相信只要有足够的时间，我们会找到办法的
This place boggles the mind,这个地方令人难以想象
It appears to stand as it was left millennia ago,它似乎保持着数千年前被遗弃时的样子
How it could have slipped so well out of time and history is truly a mystery to me,它怎么能如此彻底地脱离时间和历史，对我来说真是个谜
As is the fate of the Priory’s original occupants,修道院原住民的命运也是如此
Still no success in finding the door to the catacombs,寻找地下墓穴之门仍未成功
I can only conclude it’s somehow concealed,我只能断定它被以某种方式隐藏起来了
"We did, however, make an interesting discovery",不过，我们确实有了一个有趣的发现
The four statues on the “pilgrim’s road” can be rotated,“朝圣之路”上的四尊雕像可以旋转
I’m certain this is somehow significant!,我确信这在某种程度上意义重大！
Some form of disease is spreading amongst the men,某种疾病正在队员中传播
Abdominal pain and swelling combined with fevers,腹痛和肿胀，并伴有发热
Our apothecary is so far at a loss at curing it but suggests that proximity to the fungal growths that started sprouting is a potential vector of infection,我们的药剂师至今仍无法治愈它，但提出靠近那些开始萌发的真菌生长物是潜在的感染媒介
I’ve ordered that masks be worn near the growths,我已下令在那些生长物附近必须佩戴口罩
A breakthrough,一个突破
We found a document in the scriptorium with a verse on it!,我们在缮写室找到了一份带有韵文的文件！
It’s so clear now,现在一切都清晰了
The portal had been hidden in plain sight all along - all it took to open it was the correct configuration of the statues!,那传送门一直就隐藏在显眼之处——打开它只需要将雕像调整到正确的排列！
The dreaming halls await!,梦境大厅在等待着！
A journal that appears to have been written by one of the members of the Cabal expedition that was dispatched to the Priory,一本似乎是由被派往修道院的秘盟考察队一名成员所写的日志
This one was found on a cocooned corpse in the catacombs,这本是在地下墓穴中一具被茧包裹的尸体上找到的
We entered the ‘Dreaming Hall’ today,我们今天进入了‘梦境大厅’
I’m awestruck by the mystery of it all,我对这一切的神秘感到敬畏
What secrets did the Sleeper whisper to the monks as they dreamed?,当修士们做梦时，沉睡者向他们低语了什么秘密？
We must push on and soon enough we too shall stand before his timeless glory,我们必须继续前进，很快我们也将站在他永恒的荣耀面前
"By the Maiden’s, we found it!",以圣女之名，我们找到了！
The tomb in all its glory,那墓穴的壮丽全貌
We lost two members to traps trying to enter the room but it’s only a matter of time now,我们在试图进入房间时因陷阱失去了两名成员，但现在只是时间问题了
This is a disaster!,这是一场灾难！
I know there is something here - calling for us!,我知道这里有东西——在召唤我们！
There must be some other way?,一定还有别的路吧？
Several pages are ruined from the fungal infection,有几页被真菌感染毁坏了
to move in and out of the caves and continue excavating the Eternity Gate,进出洞穴并继续挖掘永恒之门
My greatest concern at this point is the rate at which we are losing crew to suicides and infection,此刻我最担心的是我们因自杀和感染而损失队员的速度
I saw them change before my very eyes!,我亲眼看着他们在我眼前变化！
"Oh, blessed Maidens I may have escaped for now but I cannot escape the images that now haunt me",哦，圣洁的圣女们，我或许暂时逃脱了，但我无法摆脱现在萦绕我的那些景象
"What’s worse, the entire complex is somehow resealing itself and I’m trapped between the false tomb and the surface level",更糟的是，整个建筑群正在以某种方式自我封闭，我被困在了假墓和地表层之间
I can only pray someone is left alive topside to open the gate,我只能祈祷上面还有人活着来打开大门
This one was found on a corpse in the catacombs,这本是在地下墓穴的一具尸体上找到的
They’ve found the secret passage to some kind of cave below the false tomb,他们找到了通往假墓下方某个洞穴的秘密通道
Something far older than the Priory itself,比修道院本身还要古老得多的东西
Older than the Empire even is the talk around camp,甚至比帝国还要古老，营地里都这么传
I just wish my insides didn’t hurt as much,我只希望我的肚子别那么疼
They’re sending me down with the next shipment of tools,他们要派我带着下一批工具下去
That means passing the ‘night-maze’,那意味着要穿过‘黑夜迷宫’
They say it can’t be lit even by magical lighting,他们说那里甚至无法被魔法照明点亮
I hate the dark,我讨厌黑暗
Apparently it’s easy enough to navigate if you know how,显然，如果知道走法，通过那里相当容易
South until you hit the first wall and then west until wall - north until wall - west until wall - north until wall - west until wall - then north and you’re there,向南直到碰到第一面墙，然后向西直到墙——向北直到墙——向西直到墙——向北直到墙——向西直到墙——然后向北，你就到了
I went all the way to the sanctum this time,这次我一路走到了圣所
By the Golden how I wish I had not,以黄金之神的名义，我真希望我没有去
How can such a thing be?,怎么会有这样的东西？
The writing becomes rushed,字迹变得潦草
Hear screams below,听到下面有尖叫声
Something is wrong,出事了
Save us!,救救我们！
#Adventuring Items,#冒险物品
Crowbar,撬棍
An iron crowbar,一根铁撬棍
Perfect for breaking and entering,非常适合破门而入
Lantern,提灯
A small lantern,一盏小提灯
Press 'T' to equip it whilst exploring,探索时按“T”键装备它
Thieves' Tools,盗贼工具
Tools used for lockpicking,用于撬锁的工具
You lose a few each time you pick a lock so take care to gather a supply,每次撬锁都会损失一些，所以注意收集储备
Pickaxe,镐子
A pickeaxe used for mining,一把用于采矿的镐子
In the right hands it could be used as a weapon,在合适的人手中，它也可以用作武器
Rope,绳索
A 20-foot coil of hemp rope,一卷20英尺长的麻绳
Indispensable for spelunkers and mountaineers,洞穴探险者和登山者不可或缺
Sewer Map,下水道地图
A hand-drawn map depicting the sewers underneath Horryn,一张手绘地图，描绘了霍林下方的下水道
Shovel,铲子
Used for digging in the ground!,用于挖掘地面！
#Adventuring - Keys,#冒险 - 钥匙
Crypt Key,墓室钥匙
A bloodied bronze key that opens something in the crypt under the temple in Horryn,一把带血的青铜钥匙，能打开霍林神庙下方墓室中的某样东西
Surgery Door Key,手术室钥匙
"A small key that unlocks the door to the surgery on the ""Zephyr",一把小钥匙，能打开“西风号”上手术室的门
Armory Key,军械库钥匙
A key that was discovered inside the keep in Horryn,在霍林要塞内发现的一把钥匙
Black Key,黑钥匙
A large black key that unlocks something inside the Black Priory,一把大黑钥匙，能打开黑修院内的某样东西
Smugglers Key,走私者的钥匙
A large rusty key that seems like it would open a chest or some other container,一把生锈的大钥匙，似乎能打开箱子或其他容器
You found it on a drowned corpse beneath the lighthouse,你在灯塔下方的一具溺水尸体上找到了它
#Adventuring - Misc,#冒险 - 杂项
Misc,杂项
Vomit Cups,呕吐杯
"A bag of highly toxic fungi for Esteban, the alchemist in the Underhalls",一袋剧毒菌类，给地下大厅的炼金术师埃斯特班
Bee Smoker,蜂烟器
A small apparatus that creates smoke,一种产生烟雾的小装置
Used to calm bees before harvesting honey,用于在采蜜前安抚蜜蜂
Cassilda's Song,卡丝尔达的歌
A folded up piece of paper that has ‘To Camilla - From Cassilda' written on it,一张折叠的纸，上面写着“致卡米拉——来自卡丝尔达”
Supposedly it contains the words of a song intended for Camilla’s eyes only,据说里面有一首只给卡米拉看的歌的歌词
A Foul-Smelling Potion,一瓶恶臭药水
A bottle of medicine made by Mother Katak to help cure the infection that is spreading through the Idran refugee camp,一瓶由卡塔克嬷嬷制作的药水，用于帮助治愈在伊德拉难民营蔓延的感染
Firgol Honey,菲尔戈尔蜂蜜
A honeycomb retrieved from one of the beehives in Firgol,从菲尔戈的一个蜂巢中取出的蜂巢
It has a spectacular shade of yellow,它呈现出一种惊人的黄色色调
Vessel,容器
A strange vessel that could hold liquid,一个可以盛放液体的奇怪容器
Full Vessel,装满的容器
A strange vessel containing liquid,一个盛有液体的奇怪容器
Stuffed Animal,毛绒玩具
"A small, ragged stuffed animal",一个破旧的小毛绒玩具
No doubt it should be returned to its owner with all due haste,毫无疑问，应该尽快将它归还给它的主人
Giant Lizard Egg,巨蜥蛋
Large eggs,巨大的蛋
Something appears to be moving inside,里面似乎有什么东西在动
Mallet,木槌
A rounded mallet that seems to have some kind of ceremonial purpose,一个圆头木槌，似乎有某种仪式用途
Children's Bones,孩子的尸骨
"The tragic, mold covered, bones of two children",两具孩子的悲惨尸骨，上面覆盖着霉菌
Lighthouse Oil,灯塔燃油
A pitcher full of oil,一罐满满的油
The kind that might be used for a lighthouse beacon,那种可能用于灯塔信标的油
Nautical Guild Seal,航海公会印章
"A strange octagonal amulet, richly filegreed and with the navigational roset of the Nautical Guild carved on it",一个奇怪的八角形护符，有着华丽的金银丝细工，上面刻有航海公会的导航玫瑰纹饰
This is apparently an item that the guild will pay handsomely to have returned to them,这显然是一件公会愿意出高价赎回的物品
Ledger,账本
A ledger containing incriminating information,一本包含罪证信息的账本
The Whispering Tablets,低语石板
A pair of weathered stone tablets covered in indecipherable writing and grotesque symbols,一对风化的石板，上面覆盖着无法辨认的文字和怪诞的符号
The tablet’s condition seems to indicate that it has rested under the sea for a long time,石板的状态似乎表明它在海底沉睡了很长时间
Did you just hear a whisper?,你刚才听到低语了吗？
Rotted Horse Flesh,腐烂的马肉
A large quantity of rotted horse flesh,大量的腐烂马肉
Utterly inedible to humans but perhaps a treat for some other beastie?,人类完全无法食用，但或许是其他某种野兽的美味？
A Strange Idol,一个奇怪的神像
A grotesque looking black Idol found in the 'Santa Fury' treasure hoard,在“圣怒号”的宝藏堆中发现的一个怪诞的黑色神像
Sewerjack's Badge,下水道工的徽章
A small brass badge belonging to a member of the glorious Imperial Sewer-patrol,一枚小铜徽章，属于光荣的帝国下水道巡逻队的一员
It's covered in filth,上面满是污秽
Silver Flute,银笛
A small silver flute that can be used to drain the mercury-pool in the Tower of Ash,一支小银笛，可以用来排干灰烬之塔中的水银池
Telescope,望远镜
A collapsed field-telescope used for stargazing,一架折叠式野外望远镜，用于观星
Lotus Petals,莲花花瓣
One of the ingredients needed to craft the ‘Salts of Elthanyr’,制作“埃尔萨尼尔之盐”所需的材料之一
Salamander's Horn,火蜥角
Sylversalt,银盐
Salts of Elthanyr,埃尔萨尼尔之盐
A special salt that can apparently be used to unsummon conjured creatures,一种特殊的盐，显然可以用来遣返召唤生物
Bring it to Calipero the Magos underneath the Tower of Ash,把它带给灰烬之塔下的大法师卡利佩罗
#Adventuring - Reagents,#冒险 - 药材
Reagent,药材
Chitin,甲壳
A thick piece of chitin taken from the exo-skeleton of an unnaturally large creature,从一只异常巨大的生物外骨骼上取下的一块厚实甲壳
"As chitin dries it can be ground into powder, providing a potent alchemical ingredient",“甲壳干燥后可研磨成粉末，成为一种强效的炼金材料”
Cruel Fang,残酷之牙
"A slimy, curved fang pulled from the mouth of some sort of overgrown monstrosity",“从某种过度生长的怪物口中拔出的黏滑弯曲獠牙”
The end is still incredibly sharp,末端仍然极其锋利
Egg Cluster,卵簇
Not to be mistaken for their smaller and more edible counterparts,不要将它们与那些更小且可食用的同类混淆
"Whilst these eggs make for a potent alchemical ingredient, ingesting them in any other way can have…unpleasant effects",“虽然这些卵是强效的炼金材料，但以其他任何方式摄入都可能产生……令人不适的效果”
Emerald King (insect,翡翠王（昆虫）
Called “the King of insects” due to its shimmering emerald scales,因其闪烁的翡翠鳞片而被称为“昆虫之王”
"Its royal title, however, does not keep it safe from the alchemists and artificers who consider it a prized reagent",“然而，它的王者头衔并不能保护它免受炼金术士和工匠的毒手，他们将其视为珍贵的药材”
Firewing (insect,火翼虫（昆虫）
"Whilst this small insect is a popular alchemical ingredient, its fire-like sting makes it one of the Empire’s most hated pests",“虽然这种小昆虫是受欢迎的炼金材料，但它那如火般的蜇刺使它成为帝国最令人憎恶的害虫之一”
Graveroot,墓根草
"Often found growing on graves, the roots of this weed are believed to feed on the flesh of the dead",“常生长于坟墓之上，这种野草的根被认为以死者的血肉为食”
For this reason it is despised by grave-keepers and much sought after by those who dabble in the arcane,因此它被守墓人厌恶，却受到那些涉足奥术之人的追捧
Gullyfern,沟蕨
This small fern is often found growing near streams or in the deeper parts of the forest,这种小型蕨类常生长在溪流附近或森林深处
"It emits a fresh, pleasant scent",“它散发出清新宜人的香气”
Hound Ear,野狗耳朵
"A large, leathery ear cut from the freshly dead head of some monstrous hound",“从某种刚死的巨型野狗头上割下的一只大而坚韧的耳朵”
A delicate flower that is said to grow on the sites of battles over the graves of dead soldiers,一种娇嫩的花朵，据说生长在战场遗址上，覆盖着阵亡士兵的坟墓
Lizard's Eye,蜥蜴眼
"They say beauty lies in the eye of the beholder, but the slick goo coating this lizard’s eye gives you some doubts",“人们说美在观者眼中，但这只蜥蜴眼上覆盖的黏滑粘液让你心生疑虑”
"Still, the rarity of reptilians throughout the Empire’s inner cities means it should fetch a decent price",“不过，爬行动物在帝国内陆城市的稀有性意味着它应该能卖个好价钱”
Mercury,水银
"Believed to be at the core of all metals, this liquid element is a commodity amongst alchemists and is as fast working as it is toxic",“被认为是一切金属的核心，这种液态元素在炼金术士中是一种商品，其作用迅速且毒性强烈”
Cavechild,穴居孩童
A small pinkish mushroom that is sometimes found in caves,一种有时在洞穴中发现的小型淡粉色蘑菇
"Though eating it will cause acute vomiting, it is a valuable alchemical agent when used properly",“虽然食用它会导致剧烈呕吐，但正确使用时它是一种宝贵的炼金剂”
Glowman,发光人
The Glowman is so called for its faint bioluminescence,发光人因其微弱的生物发光而得名
It grows naturally in damp cave-systems and it a commonly used alchemical ingredient,它自然生长在潮湿的洞穴系统中，是一种常用的炼金材料
Laughtercap,笑帽菇
"Easily recognizable with its red cap and white spots, the Laughtercap is not to be ingested as it is said to cause hysterical laughter and odd visions",“以其红色菌盖和白色斑点易于辨认，笑帽菇不可食用，据说会导致歇斯底里的大笑和奇异的幻觉”
Many an apprentice alchemist has ignored this warning through the ages,历代以来，许多学徒炼金术士都无视了这一警告
Protoplasma,原生质
"Whilst this jelly-like substance may look harmless, its properties have been known to create potions just as acidic as the creature it comes from",“虽然这种果冻状物质看似无害，但已知其特性可制造出与其来源生物同样具有强酸性的药剂”
"Do not, under any circumstances, ingest",“在任何情况下都不可食用”
Rat Tail,鼠尾
Rats are so ubiquitously despised throughout the Empire that certain merchants will pay a bounty for their tails,老鼠在整个帝国都普遍受到憎恶，以至于某些商人会为它们的尾巴支付赏金
As will certain alchemists,某些炼金术士也是如此
Rotcrawler (insect,腐爬虫（昆虫）
"Whilst most citizens of the Empire would be disgusted by its presence, this larva-like insect can be useful to those who know what to do with it",“虽然大多数帝国公民会因其存在而感到厌恶，但这种幼虫般的昆虫对那些知道如何利用它的人来说可能很有用”
Rotmold,腐霉
"An aggressive mold known to eat almost any organic material it comes into contact with, this mold has cost more than a few citizens their cheese cellars",“一种侵略性霉菌，几乎能吞噬接触到的任何有机物质，这种霉菌已让不少公民失去了他们的奶酪窖”
And pets,还有宠物
Scale,鳞片
"This rare, luminescent scale was likely taken from some sort of giant lizard or sea creature",“这片稀有的发光鳞片很可能取自某种巨蜥或海洋生物”
"Whilst it is primarily used as an alchemical ingredient, its beauty makes it a popular ingredient amongst artisans on the Outer Isles",“虽然它主要用作炼金材料，但其美丽使其在外岛工匠中成为一种受欢迎的原料”
Typically given as a gift to those in grief,通常作为礼物送给悲伤之人
"It is said that if the plant is placed near your bed it will gorge on your despair, offering some slight respite",“据说，若将此植物置于床边，它会吞噬你的绝望，带来些许慰藉”
Spider Silk,蛛丝
"Though it may be light in weight, it is not light in use",“虽然它重量很轻，但用途却不轻”
This silky ingredient has been used in a variety of potion recipes for centuries and is popular amongst the Empire’s finest alchemists,这种丝质材料数百年来被用于各种药剂配方，深受帝国最优秀的炼金术士欢迎
"Unfortunately, the same cannot be said for the creature that spins it",“不幸的是，对织出它的生物来说，情况并非如此”
"Named due to an old wives’ tale in which flowers began to grow at the site of a fallen star, this white plant is often given between lovers as a sign of affection",“因一个古老的传说而得名，传说中花朵开始在陨星坠落之处生长，这种白色植物常被恋人互赠以示爱意”
Sulfur,硫磺
"Sometimes called the Heart of Life by alchemists across the Empire, this element is known to be extremely flammable yet alchemically potent",“有时被帝国各地的炼金术士称为生命之心，这种元素以极易燃烧但炼金效力强大而闻名”
Caution is advised,建议谨慎
"Often found growing in areas of direct sunlight, these bright flowers are often used as decoration during the summer solstice",“常生长在阳光直射之处，这些鲜艳的花朵常在夏至期间用作装饰”
Tusk,獠牙
A huge tusk pried from the jaws of a monstrous hog,从一头巨型野猪的下颚撬下的一根巨大獠牙
"For those who are brave or foolish enough to hunt such creatures, this useful alchemical ingredient makes a fine prize",“对于那些勇敢或愚蠢到去猎杀此类生物的人来说，这种有用的炼金材料是一份不错的奖赏”
Venom Gland,毒腺
A rather foul smelling sack removed from some kind of venomous animal,从某种有毒动物身上取下的一个气味相当难闻的囊
The liquid inside does not look much better than it smells,里面的液体看起来并不比气味好多少
Do not ingest,不可食用
Withered Hand,干手
"Judging by the rotten scent emitting from this shriveled hand, it was likely cut from the wrist of a freshly risen ghoul",“从这只干瘪的手散发出的腐烂气味判断，它很可能是从一只刚复生的食尸鬼手腕上砍下的”
"Though desecration of the dead is taboo in Imperial society, the many uses for a ghoul’s flesh nonetheless causes it to fetch a hefty price on the black markets",“尽管亵渎死者是帝国社会的禁忌，但食尸鬼肉体的多种用途仍使其在黑市上能卖到高价”
Fellbell,山铃菇
"Fellbells emit a soft, mesmerizing chime that seems to attract mushroom-pickers and animals alike",“山铃菇发出轻柔迷人的铃声，似乎能吸引采菇人和动物”
Unfortunately it is also highly poisonous,不幸的是，它也具有剧毒
#Adventuring - Recipes,#冒险 - 配方
This recipe requires the following ingredients,此配方需要以下材料
You have now learned how to make this recipe,你已学会如何制作此配方
APPLE PIE,苹果派
BAKED CRAB,烤蟹
BAKED FISH,烤鱼
BAKED MUSHROOMS,烤蘑菇
BAKED ONIONS,烤洋葱
BAKED OYSTERS,烤牡蛎
BAKED POTATO,烤土豆
BEEF STEW,炖牛肉
CHEESE PLATE,奶酪拼盘
CHEESE SANDWICH,奶酪三明治
EGGS AND BACON,鸡蛋和培根
FARMER'S OMELETTE,农家煎蛋卷
FISH STEW,炖鱼
FRIED STEAK,煎牛排
GRILLED LEEKS,烤韭葱
MASHED POTATOES,土豆泥
MEAT SKEWERS,肉串
MUSHROOM OMELETTE,蘑菇煎蛋卷
MUSHROOM SOUP,蘑菇汤
PUMPKIN PIE,南瓜派
RATION,口粮
ROASTED EEL,烤鳗鱼
SALTED FISH,咸鱼
VEGETABLE SOUP,蔬菜汤
x Apple,x 苹果
x Bacon,x 培根
x Beef,x 牛肉
x Butter,x 黄油
x Carrot,x 胡萝卜
x Cheddar,x 切达干酪
x Cream,x 奶油
x Cured Ham,x 熏火腿
x Dark Bread,x 黑面包
x Dried Meat,x 肉干
x Eel,x 鳗鱼
x Eggs,x 鸡蛋
x Flour,x 面粉
x Garlic,x 大蒜
x Honey,x 蜂蜜
x Leeks,x 韭葱
x Lemons,x 柠檬
x Morel,x 羊肚菌
x Nuts,x 坚果
x Ombarian Wine,x 奥姆巴利葡萄酒
x Onions,x 洋葱
x Oysters,x 牡蛎
x Penny Buns,x 牛肝菌
x Perklin,x 珀克林鱼
x Potatoes,x 土豆
x Pumpkin,x 南瓜
x Redman,x 红曼鱼
x Salt,x 盐
x Snails,x 蜗牛
x Spices,x 香料
x Steel-Fin,x 钢鳍鱼
x Sugar,x 糖
x Wyrdloaf,x 威德洛夫菇
LESSER ATTUNEMENT TONIC,次级魔力水
LESSER TONIC OF VITALITY,次级生命药水
POTION OF ACID RESISTANCE,强酸抗性药水
POTION OF AGILITY,敏捷药水
POTION OF BLESS,祝福药水
POTION OF CURE DISEASE,治愈疾病药水
POTION OF CURE POISON,解毒药水
POTION OF ELECTRIC RESISTANCE,闪电抗性药水
POTION OF FIRE RESISTANCE,火焰抗性药水
POTION OF FORTIFY WILL,强化意志药水
POTION OF FRENZY,狂暴药水
POTION OF REGENERATION,再生药水
POTION OF SPEED,速度药水
POTION OF STONE SKIN,石肤药水
POTION OF STRENGTH,力量药水
x Cavechild,x 穴居孩童
x Chitin,x 甲壳
x Cruel Fang,x 残酷之牙
x Egg Cluster,x 卵簇
x Emerald King (insect,x 翡翠王（昆虫）
x Fellbell,x 山铃菇
x Firewing (insect,x 火翼虫（昆虫）
x Glowman,x 发光人
x Graveroot,x 墓根草
x Gullyfern,x 沟蕨
x Hound Ear,x 野狗耳朵
x Laughtercap,x 笑帽菇
x Legionnaire’s Rest,x 归战花
x Lizard's Eye,x 蜥蜴眼
x Mercury,x 水银
x Protoplasma,x 原生质
x Rat Tail,x 鼠尾
x Rotcrawler (insect,x 腐爬虫（昆虫）
x Rotmold,x 腐霉
x Scale,x 鳞片
x Sorrow-Eater,x 悲噬花
x Spider Silk,x 蛛丝
x Starspawn,x 星泪花
x Sulfur,x 硫磺
x Sunmouth,x 向阳吻
x Tusk,x 獠牙
x Venom Gland,x 毒腺
x Withered Hand,x 干手
#Ammo,#弹药
Bodkin Arrow,穿甲箭
Broadhead Arrow,宽刃箭
Fire Arrow,火箭
Hunting Arrow,猎箭
Poison Arrow,毒箭
Poor Arrow,劣质箭矢
#Armor,#护甲
Poor Breastplate,劣质胸甲
Poor Chainmail,劣质锁甲
Poor Fullplate,劣质全身甲
Poor Halfplate,劣质半身板甲
Poor Leather Armor,劣质皮甲
Poor Padded Armor,劣质布甲
Poor Scalemail,劣质鳞甲
Poor Studded Leather,劣质镶钉皮甲
Ancient Halfplate,古代半身板甲
Fine Breastplate,精良胸甲
Fine Chainmail,精良锁甲
Fine Fullplate,精良全甲
Fine Halfplate,精良半身板甲
Fine Leather Armor,精良皮甲
Fine Padded Armor,精良布甲
Fine Scalemail,精良鳞甲
Fine Studded Leather,精良镶钉皮甲
Masterwork Breastplate,精工胸甲
Masterwork Chainmail,精工链甲
Masterwork Fullplate,精工全身甲
Masterwork Halfplate,精工半身板甲
Masterwork Leather Armor,精工皮甲
Masterwork Padded Armor,精工布甲
Masterwork Scalemail,精工鳞甲
Masterwork Studded Leather,精工镶钉皮甲
The Rat Queen's Armor,鼠后铠甲
Breastplate,胸甲
Chainmail,锁甲
Fullplate,全身甲
Half plate,半身甲
Leather Armor,皮甲
Padded Armor,布甲
Scalemail,鳞甲
Studded Leather,镶钉皮甲
The Second Chance,第二次机会
Adds the following triggered ability,添加以下触发能力
"The first time you take Wound Damage each combat, you automatically regain 30-40 Vitality Hit Points",每场战斗中你首次受到创伤伤害时，你自动恢复30-40点体力值
#Armors,#护甲
Light Armor,轻甲
Medium Armor,中型护甲
Heavy Armor,重型护甲
Breastplate,胸甲
Fine Breastplate,精良胸甲
Masterwork Breastplate,精工胸甲
Poor Breastplate,劣质胸甲
Chainmail,锁甲
Fine Chainmail,精良锁甲
Masterwork Chainmail,精工链甲
Poor Chainmail,劣质锁甲
The Second Chance,第二次机会
Adds the following triggered ability,添加以下触发能力
"The first time you take Wound Damage each combat, you automatically regain 30-40 Vitality Hit Points",每场战斗中首次受到创伤伤害时，自动恢复30-40点体力值
Full Plate,全身甲
Fine Fullplate,精良全甲
Masterwork Fullplate,精工全身甲
Poor Fullplate,劣质全身甲
Half Plate,半身甲
Ancient Halfplate,古代半身板甲
Fine Halfplate,精良半身板甲
Masterwork Halfplate,精工半身板甲
Poor Halfplate,劣质半身板甲
The Rat Queen's Armor,鼠后铠甲
Leather Armor,皮甲
Fine Leather Armor,精良皮甲
Masterwork Leather Armor,精工皮甲
Poor Leather Armor,劣质皮甲
Padded Armor,布甲
Fine Padded Armor,精良布甲
Masterwork Padded Armor,精工布甲
Poor Padded Armor,劣质布甲
Scalemail,鳞甲
Fine Scalemail,精良鳞甲
Masterwork Scalemail,精工鳞甲
Poor Scalemail,劣质鳞甲
Studded Leather,镶钉皮甲
Fine Studded Leather,精良镶钉皮甲
Masterwork Studded Leather,精工镶钉皮甲
Poor Studded Leather,劣质镶钉皮甲
#Armor - Shields,#护甲 - 盾牌
Buckler,小圆盾
A small rounded shield to be worn on the forearm,佩戴在前臂上的小型圆盾
Large Shield,大盾
A large shield,一面大盾
Plank Shield,木板盾
An improvised shield made from wooden planks,用木板制成的临时盾牌
Tower Shield,塔盾
Shield,盾牌
A medium sized shield,一面中型盾牌
Tower Shield,塔盾
#Armor Types,#护甲类型
Light Armor,轻甲
Medium Armor,中型护甲
Heavy Armor,重型护甲
Shield,盾牌
Clothing,服装
#Books,#书籍
Astronomer's Journal,天文学家的日志
"A small, well-used journal",一本用旧了的小日志
The journal contains a large amount of tabulated data that appears to be astrological in nature interspersed with notes,这本日志包含了大量表格数据，看起来是星象学性质的，其间穿插着笔记
The final entries appear to have been made only days before your arrival,最后几篇日志似乎是在你抵达前几天才写下的
Observed strange dancing lights in the sky,观察到天空中奇异的舞动光芒
Not unlike those sailors to the far south describe near polar regions yet somehow different,与远南水手描述的极地附近的光芒并非不像，但又有某种不同
Colors indescribable - Mesmerizing,颜色难以形容——令人着迷
For a fleeting moment I even thought I heard a sound,有那么一瞬间我甚至以为听到了声音
Somewhere between a deep wail and singing,介于深沉的哀嚎与歌唱之间
Could not perform observations tonight,今晚无法进行观测
Charts or instruments are off and I cannot make sense of the sky,星图或仪器出了问题，我无法理解这片天空
There are bodies there,那里有天体
Bodies that are alien to me,对我而言陌生的天体
It must be some form of comet storm or some other extraordinary astronomical event that has not been predicted in the Imperial Charts,这一定是某种彗星风暴或其他未被帝国星图预测到的异常天文事件
They are wrong!,它们错了！
I have done the calculations over and over and I come to the same conclusion,我一遍又一遍地计算，得出的都是同一个结论
The stars are wrong - in so many ways!,星辰错了——在很多方面都错了！
"As I observed an alien cluster in the southeastern quadrant, it dawned on me with absolute certainty",当我观察东南象限的一个陌生星团时，我带着绝对的确定性恍然大悟
I am not watching them - they are watching me,不是我在观察它们——而是它们在注视我
I dread to look again yet I feel compelled to do so,我害怕再次仰望，却又感到不得不这么做
They beckon me,它们在召唤我
I am certain that if I look again into that dreadful cluster in the southeastern quadrant I shall be undone,我确信如果我再看向东南象限那个可怕的星团，我必将崩溃
Yet there are answers there,然而那里有答案
Deeper and more profound than any mortal mind can comprehend,比任何凡人的心智所能理解的都更深刻、更深远
I believe I shall look again,我想我会再次仰望
I must,我必须这么做
Origins of the Legionnaire’s Rest,《归战花的起源》
"A small, generic book of lore",一本不起眼的通用学识书
Fawlon’s Treatise on the Origins of Imperial Fauna Excerpt,法隆的《帝国动物起源》论文节选
Legionnaire’s Rest,归战花
"Records state the battle of Diagolo pass raged for 3 days, and when it was over, more lives had been lost than saved",记录表明，迪亚戈洛隘口战役持续了三天，当它结束时，逝去的生命比获救的更多
"It was a time of great sorrow, but from this calamity, new life blossomed",那是一个巨大悲痛的时期，但从这场灾难中，新的生命绽放了
For from the soil beneath which the lost legions lay an abundance of crimson red flowers sprouted forth,因为在埋葬着逝去军团的土壤之下，大量深红色的花朵破土而出
"Flowers that, it is said, will only grow upon the graves of those fallen in battle",据说，这种花只会生长在那些战死沙场之人的坟墓上
Folk Poetry of the North,北方民谣
Volume,卷
THE RIVEMAN'S RHYME,河上人歌谣
"To the river I will go,",我将去往河边，
"To soothe a heart that’s full of woe,",抚慰一颗充满悲伤的心，
For in the water’s cool embrace,因为在河水的清凉怀抱中
My true self I will face,我将面对真实的自我
FOLK LITANY OF THE DEAD,民间亡者祷文
"Bathe the flesh,",洗净肉身，
Mend the bone,接好断骨
"Then lay the body,",然后安放遗体，
Beneath the stone,于石碑之下
AN ODE TO THE POTATO,土豆颂
"Oh, how blessed we’ll be,",哦，我们将多么有福，
"To taste your earthy bliss,",品尝你那泥土的至福，
When we have sown our fields,当我们播下田地
And planted your seeds,种下你的块茎
And awaited rain’s gentle kiss,并等待雨水轻柔的吻
Postscript,附言
"For context and comaprison, I have taken the opportunity of adding the transcript of a fruit farmer's tirade to the local magistrate on the issue of the potatoe-related agricultural reforms",为了提供背景和对比，我借此机会附上了一位果农就土豆相关农业改革问题对地方长官发表的长篇抨击的抄本
If I receive one more decree commanding me to re-sow my fruit orchards into bloody potato fields!,要是我再收到一份命令，让我把果园改种成该死的土豆田！
I’m going to send him a bag full of my ripest manure!,我就送他一袋我这儿最熟的粪肥！
"Bloody Magi, making a mess of the world and leaving it to us lot to clean it up!",该死的法师，把世界搞得一团糟，然后丢给我们这些人来收拾！
Not on my farm!,别想在我的农场上搞！
They can shove their bloody seed-potatoes up their sacred arses for all I bleeding care!,他们可以把那该死的种薯塞进他们神圣的屁眼里，我才他妈的不管呢！
Origins of the Sorroweater,《悲噬花的起源》
Sorrow-Eater,悲噬花
"In the year of 641 GA, after the lay-Countess of Vaul lost her firstborn to dry lung, it is rumored that she locked herself up in her chambers to wallow in her grief",在升天纪641年，瓦乌尔的世俗女爵因干肺病失去了她的第一个孩子后，据传她将自己锁在房间里，沉溺于悲痛之中
"One of the lay-Countess's most important offices was as head of the High Forum, and thus, fearing her absence would cause much unrest amongst nobility, the countess’ majordomo sought help from a wise old crone",这位世俗女爵最重要的职责之一是担任大议会的首脑，因此，担心她的缺席会在贵族中引起诸多动荡，女爵的大管家向一位睿智的老妇寻求帮助
"After hearing her plea, the crone handed the countess’ majordomo a single, violet coloured flower",听完她的恳求后，老妇递给女爵的大管家一朵紫色的花
"Place this beside her bed, and to it all her sorrow shall be fed",将此花置于她床边，她所有的悲伤都将被它吞噬
"Desperate, the countess’ majordomo did as the crone advised, and less than a tide later, the lay-Countess of Vaul left her chambers for the first time since the loss of her child",绝望之下，女爵的大管家照老妇的建议做了，不到一个潮汐周期后，瓦乌尔的世俗女爵自失去孩子以来第一次离开了她的房间
"The tale was quickly passed between courtiers, and ever since, the fauna - aptly named ‘Sorroweater’ - has been given as a gift in times of great sorrow",这个故事很快在朝臣间流传开来，从此以后，这种被恰当地命名为‘悲噬花’的植物，便作为礼物在巨大悲痛之时赠予他人
The High Forum of 641 was indeed a great success,641年的大议会确实是一次巨大的成功
"As so often when the lay-nobility conveens, much was discussed, little was decided and nothing was accomplished save gluttony, fornication and a stabbing or two",正如世俗贵族集会时常有的情况，讨论了很多，决定很少，除了暴食、淫乱和一两次捅人事件外，一事无成
Origins of the Starspawn,《星泪花的起源》
Starspawn,星泪花
"Despite its beautiful appearance, the legend on the origin of the Starflower is a grim one",尽管外表美丽，关于星裔花起源的传说却是一个阴森的故事
"Many centuries ago, before Gallina came from the south, a fatally wounded warrior lay dying",许多世纪前，在伽里安从南方到来之前，一个受了致命伤的战士奄奄一息地躺着
He pleaded to the Gods for help just as a shooting star passed through the sky,正当一颗流星划过天际时，他向众神祈求帮助
"Hearing his cries and taking pity on the young man, the star descended to earth to answer his prayers",听到他的哭喊并怜悯这个年轻人，星星降临凡间来回应他的祈祷
For such was her nature,因为这就是她的本性
"At first the soldier was grateful, but he became smitten by her beauty and soon grew lustful",起初士兵很感激，但他被她的美貌迷住，很快变得充满欲念
Then possessive and finally cruel towards the stellar being,接着是占有欲，最后对这位星之存在变得残忍
For such was his nature,因为这就是他的本性
"She refused him, claiming that stars belong to all who love them and the soldier went mad with rage",她拒绝了他，声称星星属于所有爱它们的人，士兵因愤怒而发狂
"He strangled her then and there for if he could not have her, no one would",他当场扼死了她，因为他若不能拥有她，谁也别想
"As the star’s last breath left her, her Sisters began to weep",当星星的最后一息离开她时，她的姐妹们开始哭泣
"In a shower of burning light, their tears fell to the earth where the star lay, immolating the man who had killed her",在一阵燃烧的光雨中，她们的泪水落在这位星星倒下的土地上，将杀害她的男人化为灰烬
"When dawn finally broke and the stars withdrew, all that was left in their wake was a field of star-shaped flowers",当黎明终于到来，群星隐退时，它们身后留下的，只有一片星形花朵的田野
Origins of the Sunmouth,《向阳吻的起源》
Sunmouth,向阳吻
This bright fauna was first discovered in the province of Gorremia following one of the worst winters in the region’s history,这种明亮的植物是在该地区历史上最严酷的一个冬天之后，在戈雷米亚省首次发现的
"It is reported that after months of unrelenting snow and ice, the land in this region had become so barren the locals worried new life would never grow from it again",据报道，在持续数月的冰雪之后，该地区的土地变得如此贫瘠，以至于本地人担心新的生命再也不会从这片土地上生长出来
"Fearing the worst, a handful of villagers decided to seek out new homes, and set out with heavy hearts to begin the long journey to the temperate Heartlands",担心最坏的情况发生，一小群村民决定去寻找新的家园，怀着沉重的心情出发，开始了前往气候温和的心脏地带的漫长旅程
"It was at this moment, as the villagers braced themselves to leave their lives behind, that a single ray of sunlight broke through the clouds to light the barren area before them",就在这一刻，当村民们做好准备抛弃过往生活时，一缕阳光穿透云层，照亮了他们面前那片贫瘠的土地
"Breaths held, the villagers watched as that sliver of sunlight thawed the icy ground, unveiling the beginnings of a single, yellow bud",村民们屏住呼吸，看着那一缕阳光融化了冰封的地面，显露出一株黄色花苞的雏形
"A bud that, to this day, has only ever been found to grow in areas of direct sunlight",一个直到今天，都只在阳光直射的地方才能被发现生长的花苞
Monk's Journal,修士的日记
We’re working long hours into the night to deal with the recent influx of corpses,我们长时间工作到深夜，以处理最近涌入的尸体
What compels these people to act so cruelly?,是什么驱使这些人行事如此残忍？
Yesterday we had the corpse of a young boy of no more than 12 years come in,昨天我们收到了一具不超过12岁的小男孩的尸体
He had been beaten to death by the looks of it,从外表看他是被殴打致死的
"Sacred dead preserve me - were it not for the calling, I’m not sure I would have persevered",神圣的逝者保佑我——若不是因为这份天职，我不确定自己能否坚持下去
A glimmer of light,一线光明
"Brother Aruun came running up from the crypt, so frightened he had pissed his robes",阿鲁恩修士从墓室跑上来，吓得尿湿了长袍
He claimed he saw something move down in the crypt,他声称看到墓室下面有东西在动
Something “unnatural,某种“不自然”的东西
"We laughed till we fell over and by the end, so did he",我们笑得前仰后合，到最后，他也笑了
No doubt he saw one of the rats but it’s funny where the mind wanders when sleep becomes scarce,毫无疑问他看到了某只老鼠，但当睡眠不足时，思绪会飘到哪儿去，这很有趣
Something is wrong in the village!,村子里出事了！
They say some kind of riot has broken out,他们说爆发了某种骚乱
Hierophant Leios said Driina has gone to investigate and that we monks should stay in the crypt for our own safety,大祭司莱奥斯说德莉娜已经去调查了，我们这些修士为了自身安全应该待在墓室里
We try to pass the time with work but I wish we knew what was happening,我们试着用工作打发时间，但我真希望我们知道发生了什么
They came from the lower crypts!,他们从下层墓室来的！
All are dead save me and brother Aruun!,除了我和阿鲁恩修士，所有人都死了！
We have locked ourselves in the storage room,我们把自己锁在了储藏室里
How can this be?,这怎么可能？
How can such abominations walk?,这样的畸形生物怎么能行走？
There is no light in the afterlife!,来世没有光！
Only black stars,只有黑色的星辰
No water,没有水
Aruun did not wake today,阿鲁恩今天没有醒来
I dare not leave this room - I hear them outside,我不敢离开这个房间——我听到它们在外面
I too shall pass,我也将离去
Black stars beckon,黑色的星辰在召唤
A Ragged Note,破旧的字条
A ragged letter that seems to contain direction of some sort,一封破旧的信，似乎包含某种指示
Enter the sewers from the harbor through the westernmost outlet,从港口通过最西边的出口进入下水道
Follow the chalk arrows on the wall and make your way east past the central cistern and then south,沿着墙上的粉笔箭头，向东经过中央蓄水池，然后向南
From there you’ll find a stairs going down and into the Rat-Maze,从那里你会找到一段向下的楼梯，进入鼠巢迷宫
"In the maze, go W, S, S, W, W and you’ll find yourself in the Underhalls",在迷宫中，按西、南、南、西、西走，你会到达地下大厅
Mind your manners while you’re there and be sure to peruse the Black Market,在那里注意你的举止，并且一定要去逛逛黑市
Surgeon's Journal,船医的日记
A journal that was kept by the ship surgeon of the Zephyr,一本由西风号船医保管的日记
Written on the day of departure from the mainland,写于离开大陆的那一天
Left Adler's Helm today with a full complement of passengers,今天满载乘客离开了鹰盔堡
Mercenaries by the looks of it,看起来是雇佣兵
Paid well,报酬丰厚
Ship was dispatched by Guild before we could fully restock medical supplies,我们还没来得及充分补充医疗物资，船就被公会派遣出发了
Hopefully we won't need them,希望我们用不上它们
"Then again, our passengers make me uneasy",话又说回来，我们的乘客让我感到不安
Written 5 days ago,写于5天前
Brawl in mess - had to set nose,食堂斗殴——不得不给人接鼻骨
Men seem on edge,人们似乎很紧张
Can't say I blame them,不能说怪他们
Have been sleeping poorly and dreams are... unsound,一直睡得不好，梦境……不安稳
Written 4 days ago,写于4天前
Igan came to me today with a bite-wound that he sustained whilst working in the hold,伊根今天来找我，他在货舱工作时受了咬伤
Didn't see creature and I would say it was a rat's bite if it weren't for the size and some aspect of the dentition that I find hard to explain properly,没看到是什么生物，如果不是因为伤口大小和齿痕的某些方面让我难以恰当解释，我会说那是老鼠咬的
Written two days ago,写于两天前
Was visited today by navigator Aslam,今天航海长阿斯拉姆来找我
He asked for Whitefern - a sedative,他要白蕨——一种镇静剂
Claimed he had trouble sleeping,声称他难以入睡
"Suspected he was not fully forthcoming and when pushed, he mumbled something about the stars being 'odd'",怀疑他没有完全说实话，追问之下，他含糊地说了些关于星星很‘古怪’的话
Not sure what he meant and he left before I could push him further,不确定他是什么意思，我还没来得及进一步追问他就离开了
Written today,写于今天
Men are about to break,人们快要崩溃了
We cannot maintain our course for Idra,我们无法维持前往伊德拉的航线
Captain advised me today to make ready the surgery and to expect casualties,船长今天通知我准备好手术，并预计会有伤亡
I suspect he intends to inform our passengers that he refuses to land on the island,我怀疑他打算通知我们的乘客，他拒绝在该岛登陆
If this is my last,如果这是我的最后一篇
The entry trails off,日志内容逐渐消失
Caspar's Journal,卡斯帕的日记
"A small, leather-bound journal filled with neat handwritten notes",一本皮革装订的小日志，写满了整洁的手写笔记
Noted on the inside cover is the name “Caspar of Loral,内封上注明了名字“洛拉尔的卡斯帕”
About a year ago,大约一年前
Arrived today and was met by the man who is to be my overseer,今天抵达，见到了将成为我监管者的人
Mathias,马蒂亚斯
He seemed nice enough albeit eccentric,他看起来足够友善，尽管有些古怪
Is this to be my fate as well?,这也将是我的命运吗？
"Woe to me that my wretched life and poor choices has landed me, Caspar of Loral, on this barren rock as the keeper of lights",我真是不幸啊，我悲惨的生活和糟糕的选择，让我，洛拉尔的卡斯帕，落在这块贫瘠的岩石上当守灯人
About six months ago,大约六个月前
Saw lights on the shore near the cave entrance,在洞穴入口附近的海岸上看到了光
Smugglers Mathias say,马蒂亚斯说是走私者
"He insists we leave them alone and I am forced to abide, though my mind wanders often to that cave and what may lay within",他坚持要我们别管他们，我被迫遵从，尽管我的思绪常常飘向那个洞穴以及里面可能藏着的东西
About a month ago,大约一个月前
I cannot take it any more!,我再也受不了了！
The old bastard is driving me mad!,那个老混蛋快把我逼疯了！
He spies on me and gives me strange looks,他监视我，还用奇怪的眼神看我
And I’m sure he goes through my things!,而且我肯定他翻过我的东西！
I went for a walk to clear my head and I ended up by the entrance to the sea-cave,我出去散步想清静一下，结果走到了海蚀洞窟的入口
Something is calling me there,那里有什么东西在召唤我
I hear it even in my sleep,我甚至在睡梦中都能听到它
About a week before your arrival in Idra,大约在你抵达伊德拉的一周前
Dreams driving me mad!,梦快把我逼疯了！
Always it calls me to the caves,它总是召唤我去那些洞穴
To the deeper dark that lies beneath where no man has tread for eons,去往那底下更深层的黑暗，那亘古以来无人踏足之地
The looking stone and the ancient sleepers,那窥视之石与远古的沉睡者
The blade calls me,那把刀剑在召唤我
I can take no more,我再也无法忍受了
Smuggler's Journal,走私者的日记
A small leather-bound book,一本皮革装订的小书
I hate these jobs,我讨厌这些活儿
Dropped off and told to guard the cargo until it can be collected,被放下船，被告知要守着货物直到有人来取
And whilst the bastards up in the northern cave are living the good life I’m stuck in this hole,当那些在北边洞穴里的混蛋们过着好日子时，我却困在这个洞里
I sometimes think the Imperial dungeons would be preferable,我有时觉得帝国的地牢都比这儿强
We explored the cave today and found what appears to be an underwater tunnel in one of the dead-ends,我们今天探索了洞穴，在其中一个死胡同里发现了一条看起来像是水下隧道的东西
Bryn insisted we try to swim it but I can think of no worse nightmare than being lost in the dark underwater,布林坚持要我们试着游过去，但我想不出比在黑暗的水下迷路更可怕的噩梦了
I told him as much and he got agitated,我把这话告诉了他，他变得焦躁不安
Yelled something about dreaming of an ancient relic,嚷嚷着什么梦到了一件古代遗物
I have no idea what he’s on about,我完全不知道他在说什么
Golden dead!,金色的逝者啊！
Bryn got attacked by a crab the size of a warhound today!,布林今天被一只战犬那么大的螃蟹袭击了！
Nearly took his leg off!,差点把他的腿给弄断了！
Neither of us have seen anything like it before and we can only pray it was alone!,我们俩以前都没见过这种东西，只能祈祷它是独行的！
Hope the ship won't be delayed much longer,希望船不会再延误太久了
Bryn is gone,布林不见了
I know in my heart he’s gone to the underwater tunnel,我心里清楚他去了那条水下隧道
Madness!,疯了！
Shapes are moving in the dark now,现在黑暗中有影子在移动
No way out and no one is coming for me!,没有出路，也没有人会来救我！
Light is failing,光正在消逝
Mother,母亲
Marita's Cookbook,玛丽塔的食谱
A humble cookbook,一本朴素的食谱
VEGETABLE SOUP,蔬菜汤
Potatoes - Carrots - Leeks,土豆 - 胡萝卜 - 韭葱
All of the above can be found growing in our field,以上所有都可以在我们的田里找到
FARMER'S OMELETTE,农家煎蛋卷
x Eggs - Potatoes - Onions,x个鸡蛋 - 土豆 - 洋葱
Sea bird eggs will do just fine,海鸟蛋就很好
Onions grow wild in abundance,洋葱大量野生
Cabal Journal,秘盟的日记
A journal that appears to have been written by one of the members of the Cabal expedition,一本似乎是由秘盟考察队一名成员写下的日记
This one was found in the base-camp,这本是在大本营找到的
ENTRY,条目
We’ve finally arrived at the Priory and found it in shockingly good condition,我们终于抵达了修道院，发现它的状况好得惊人
It’s as if time has stood still here,这里仿佛时间静止了一般
The initial survey does not reveal a clear means of accessing the lower level but I’m confident we’ll find a way given enough time,初步勘察没有发现进入下层的明确方法，但我相信只要有足够的时间，我们会找到路的
This place boggles the mind,这个地方令人难以置信
It appears to stand as it was left millennia ago,它看起来就像数千年前被遗弃时的样子
How it could have slipped so well out of time and history is truly a mystery to me,它怎么能如此彻底地脱离时间和历史，对我来说真是个谜
As is the fate of the Priory’s original occupants,修道院原住民的命运也是如此
Still no success in finding the door to the catacombs,寻找地下墓穴之门仍未成功
I can only conclude it’s somehow concealed,我只能断定它被以某种方式隐藏起来了
"We did, however, make an interesting discovery",不过，我们确实有了一个有趣的发现
The four statues on the “pilgrim’s road” can be rotated,“朝圣者之路”上的四尊雕像可以旋转
I’m certain this is somehow significant!,我确信这在某种程度上意义重大！
Some form of disease is spreading amongst the men,某种疾病正在人群中传播
Abdominal pain and swelling combined with fevers,腹痛、肿胀并伴有发烧
Our apothecary is so far at a loss at curing it but suggests that proximity to the fungal growths that started sprouting is a potential vector of infection,我们的药剂师至今仍不知如何治愈它，但提出靠近那些开始萌发的真菌生长物是潜在的感染媒介
I’ve ordered that masks be worn near the growths,我已下令在那些生长物附近必须佩戴口罩
A breakthrough,一个突破
We found a document in the scriptorium with a verse on it!,我们在缮写室找到了一份带有韵文的文件！
It’s so clear now,现在一切都清晰了
The portal had been hidden in plain sight all along - all it took to open it was the correct configuration of the statues!,那传送门一直就隐藏在显眼之处——打开它只需要雕像的正确排列组合！
The dreaming halls await!,梦境大厅在等待着！
A journal that appears to have been written by one of the members of the Cabal expedition that was dispatched to the Priory,一本似乎是由被派往修道院的秘盟考察队一名成员写下的日记
This one was found on a cocooned corpse in the catacombs,这本是在地下墓穴中一具被茧包裹的尸体上找到的
We entered the ‘Dreaming Hall’ today,我们今天进入了‘梦境大厅’
I’m awestruck by the mystery of it all,我对这一切的神秘感到敬畏
What secrets did the Sleeper whisper to the monks as they dreamed?,当修士们做梦时，沉睡者向他们低语了什么秘密？
We must push on and soon enough we too shall stand before his timeless glory,我们必须继续前进，很快我们也将站在他永恒的荣耀面前
"By the Maiden’s, we found it!",以圣女之名，我们找到了！
The tomb in all its glory,那尽显荣光的陵墓
We lost two members to traps trying to enter the room but it’s only a matter of time now,我们在试图进入房间时因陷阱失去了两名成员，但现在只是时间问题了
This is a disaster!,这真是一场灾难！
I know there is something here - calling for us!,我知道这里有东西——在召唤我们！
There must be some other way?,一定还有别的路吧？
Several pages are ruined from the fungal infection,有几页被真菌感染毁掉了
to move in and out of the caves and continue excavating the Eternity Gate,进出洞穴并继续挖掘永恒之门
My greatest concern at this point is the rate at which we are losing crew to suicides and infection,此刻我最担心的是我们因自杀和感染而损失队员的速度
I saw them change before my very eyes!,我亲眼看着他们在我眼前变化！
"Oh, blessed Maidens I may have escaped for now but I cannot escape the images that now haunt me",哦，圣洁的圣女们，我或许暂时逃脱了，但我无法逃脱如今萦绕我的景象
"What’s worse, the entire complex is somehow resealing itself and I’m trapped between the false tomb and the surface level",更糟的是，整个建筑群不知怎的正在自我重新封闭，我被困在了假墓和地表层之间
I can only pray someone is left alive topside to open the gate,我只能祈祷地面上还有人活着来打开大门
This one was found on a corpse in the catacombs,这本是在地下墓穴的一具尸体上找到的
They’ve found the secret passage to some kind of cave below the false tomb,他们找到了通往假墓下方某个洞穴的秘密通道
Something far older than the Priory itself,比修道院本身还要古老得多的东西
Older than the Empire even is the talk around camp,甚至比帝国还要古老，营地里都这么传
I just wish my insides didn’t hurt as much,我只希望我的肚子别那么疼
They’re sending me down with the next shipment of tools,他们要我跟下一批工具一起下去
That means passing the ‘night-maze’,这意味着要穿过‘黑夜迷宫’
They say it can’t be lit even by magical lighting,他们说那里甚至用魔法照明也无法点亮
I hate the dark,我讨厌黑暗
Apparently it’s easy enough to navigate if you know how,显然，如果你知道走法，穿过去很容易
South until you hit the first wall and then west until wall - north until wall - west until wall - north until wall - west until wall - then north and you’re there,向南直到碰到第一面墙，然后向西直到墙——向北直到墙——向西直到墙——向北直到墙——向西直到墙——然后向北，你就到了
I went all the way to the sanctum this time,这次我一路走到了圣所
By the Golden how I wish I had not,以金色之神的名义，我真希望我没去过
How can such a thing be?,怎么会有这种事？
The writing becomes rushed,字迹变得潦草
Hear screams below,听到下面有尖叫声
Something is wrong,出事了
Save us!,救救我们！
#Clothing,#服装
Clothing,服装
Apron,围裙
Dress,连衣裙
Commoner's Garb,平民服装
Rough but functional woolen clothing that serves the hard-working commoners of the empire well,粗糙但实用的羊毛衣物，很好地服务于帝国辛勤工作的平民
Bravo's Outfit,暴徒装束
Checkered Tunic,格纹外衣
Doublet,紧身上衣
Noble's Outfit,贵族装束
Pants,裤子
Rags,破布
Ranger's Outfit,游侠装束
Robes,长袍
Flashy Shirt,花哨衬衫
Short Pants,短裤
Comfortable Outfit,舒适装束
Tabard,罩袍
Toga,托加袍
Traveler's Garb,旅者外衣
Rough but functional woolen clothing,粗糙但实用的羊毛衣物
Well suited for travel and adventuring if you can learn to live with the itching,如果你能忍受瘙痒，非常适合旅行和冒险
Tribal Sash,部落腰带
Furs,毛皮
#Consumables - Tomes,#消耗品 - 卷册
Tome,卷册
TOME,卷册
Read to learn the spell,阅读以学习该法术
Requires ranks in one of the following schools,需要在以下学派之一中拥有等级
Tier,等级
#Consumeables,#消耗品
Consume,消耗
Consumable,消耗品
Brandy,白兰地
A bottle of strong Gorremian brandy,一瓶烈性戈雷米亚白兰地
The tired old mercenary's best friend,疲惫老兵的最佳良伴
Potion of Cure Disease,治愈疾病药水
Potion of Cure Poison,解毒药水
Firgol Cider,菲尔戈尔苹果酒
"Sparkling and sweet, this cider comes from the slow-growing orchards of Firgol",气泡丰富、甘甜可口，这款苹果酒产自菲尔戈生长缓慢的果园
Many claim it’s the best in all of the Northern Empire whilst a handful of bad apples will complain it’s too sweet,许多人称其为北境全境最佳，而少数坏苹果则会抱怨它太甜了
Potion of Greater Restoration,高级复原药水
Greater Tonic of Vitality,高级生命药水
Lesser Tonic of Vitality,次级生命药水
Moderate Tonic of Vitality,中级生命药水
Potion of Acid Immunity,强酸免疫药水
Potion of Electric Immunity,闪电免疫药水
Potion of Fire Immunity,火焰免疫药水
Potion of Panic Immunity,恐慌免疫药水
Greater Attunement Tonic,高级魔力药水
Lesser Attunement Tonic,次级魔力水
Moderate Attunement Tonic,中级魔力药水
Mead,蜂蜜酒
A sweet alcoholic brew made from honey,一种用蜂蜜酿造的甜味酒精饮料
Widely enjoyed in all of the Northern Empire and the Outer Isles,在北境全境及外岛广受欢迎
Potion of Agility,敏捷药水
Potion of Bless,祝福药水
Potion of Diamond Form,钻石形态药水
Potion of Fortify Will,强化意志药水
Potion of Frenzy,狂暴药水
Potion of Heroism,英勇药水
Potion of Regeneration,再生药水
Potion of Speed,速度药水
Potion of Stone Skin,石肤药水
Potion of Strength,力量药水
Potion of Acid Resistance,强酸抗性药水
Potion of Electric Resistance,闪电抗性药水
Potion of Fire Resistance,火焰抗性药水
#Enchantments - Armor,#附魔 - 护甲
Fine Breastplate of Athletics,精良胸甲（运动）
Fine Breastplate of Awareness,精良胸甲（察觉）
Fine Breastplate of Crafting,精良胸甲（制作）
Fine Breastplate of Defence,精良胸甲（防御）
Fine Breastplate of Diplomacy,精良胸甲（交涉）
Fine Breastplate of Healing,精良胸甲（医疗）
Fine Breastplate of Celerity,精良胸甲（迅捷）
Fine Breastplate of Lore,精良胸甲（学识）
Fine Breastplate of Speed,精良胸甲（速度）
Fine Breastplate of Stealth,精良胸甲（潜行）
Fine Breastplate of Survival,精良胸甲（生存）
Fine Breastplate of Thievery,精良胸甲（偷窃）
Fine Breastplate of Toughness,精良胸甲（坚韧）
Fine Breastplate of Willpower,精良胸甲（意志）
Fine Chainmail of Athletics,精良锁甲（运动）
Fine Chainmail of Awareness,精良锁甲（察觉）
Fine Chainmail of Crafting,精良锁甲（制作）
Fine Chainmail of Defence,精良锁甲（防御）
Fine Chainmail of Diplomacy,精良锁甲（交涉）
Fine Chainmail of Healing,精良锁甲（医疗）
Fine Chainmail of Celerity,精良锁甲（迅捷）
Fine Chainmail of Lore,精良锁甲（学识）
Fine Chainmail of Speed,精良锁甲（速度）
Fine Chainmail of Stealth,精良锁甲（潜行）
Fine Chainmail of Survival,精良锁甲（生存）
Fine Chainmail of Thievery,精良锁甲（偷窃）
Fine Chainmail of Toughness,精良锁甲（坚韧）
Fine Chainmail of Willpower,精良锁甲（意志）
Fine Fullplate of Athletics,精良全甲（运动）
Fine Fullplate of Awareness,精良全甲（察觉）
Fine Fullplate of Crafting,精良全甲（制作）
Fine Fullplate of Defence,精良全甲（防御）
Fine Fullplate of Diplomacy,精良全甲（交涉）
Fine Fullplate of Healing,精良全甲（医疗）
Fine Fullplate of Celerity,精良全甲（迅捷）
Fine Fullplate of Lore,精良全甲（学识）
Fine Fullplate of Speed,精良全甲（速度）
Fine Fullplate of Stealth,精良全甲（潜行）
Fine Fullplate of Survival,精良全甲（生存）
Fine Fullplate of Thievery,精良全甲（偷窃）
Fine Fullplate of Toughness,精良全甲（坚韧）
Fine Fullplate of Willpower,精良全甲（意志）
Fine Leather Armor of Athletics,精良皮甲（运动）
Fine Leather Armor of Awareness,精良皮甲（察觉）
Fine Leather Armor of Crafting,精良皮甲（制作）
Fine Leather Armor of Defence,精良皮甲（防御）
Fine Leather Armor of Diplomacy,精良皮甲（交涉）
Fine Leather Armor of Healing,精良皮甲（医疗）
Fine Leather Armor of Celerity,精良皮甲（迅捷）
Fine Leather Armor of Lore,精良皮甲（学识）
Fine Leather Armor of Speed,精良皮甲（速度）
Fine Leather Armor of Stealth,精良皮甲（潜行）
Fine Leather Armor of Survival,精良皮甲（生存）
Fine Leather Armor of Thievery,精良皮甲（偷窃）
Fine Leather Armor of Toughness,精良皮甲（坚韧）
Fine Leather Armor of Willpower,精良皮甲（意志）
Fine Padded Armor of Athletics,精良布甲（运动）
Fine Padded Armor of Awareness,精良布甲（察觉）
Fine Padded Armor of Crafting,精良布甲（制作）
Fine Padded Armor of Defence,精良布甲（防御）
Fine Padded Armor of Diplomacy,精良布甲（交涉）
Fine Padded Armor of Healing,精良布甲（医疗）
Fine Padded Armor of Celerity,精良布甲（迅捷）
Fine Padded Armor of Lore,精良布甲（学识）
Fine Padded Armor of Speed,精良布甲（速度）
Fine Padded Armor of Stealth,精良布甲（潜行）
Fine Padded Armor of Survival,精良布甲（生存）
Fine Padded Armor of Thievery,精良布甲（偷窃）
Fine Padded Armor of Toughness,精良布甲（坚韧）
Fine Padded Armor of Willpower,精良布甲（意志）
Fine Scalemail of Athletics,精良鳞甲（运动）
Fine Scalemail of Awareness,精良鳞甲（察觉）
Fine Scalemail of Crafting,精良鳞甲（制作）
Fine Scalemail of Defence,精良鳞甲（防御）
Fine Scalemail of Diplomacy,精良鳞甲（交涉）
Fine Scalemail of Healing,精良鳞甲（医疗）
Fine Scalemail of Celerity,精良鳞甲（迅捷）
Fine Scalemail of Lore,精良鳞甲（学识）
Fine Scalemail of Speed,精良鳞甲（速度）
Fine Scalemail of Stealth,精良鳞甲（潜行）
Fine Scalemail of Survival,精良鳞甲（生存）
Fine Scalemail of Thievery,精良鳞甲（偷窃）
Fine Scalemail of Toughness,精良鳞甲（坚韧）
Fine Scalemail of Willpower,精良鳞甲（意志）
Fine Studded Leather of Agility,精良镶钉皮甲（敏捷）
Fine Studded Leather of Athletics,精良镶钉皮甲（运动）
Fine Studded Leather of Awareness,精良镶钉皮甲（察觉）
Fine Studded Leather of Crafting,精良镶钉皮甲（制作）
Fine Studded Leather of Defence,精良镶钉皮甲（防御）
Fine Studded Leather of Diplomacy,精良镶钉皮甲（交涉）
Fine Studded Leather of Healing,精良镶钉皮甲（医疗）
Fine Studded Leather of Celerity,精良镶钉皮甲（迅捷）
Fine Studded Leather of Lore,精良镶钉皮甲（学识）
Fine Studded Leather of Speed,精良镶钉皮甲（速度）
Fine Studded Leather of Stealth,精良镶钉皮甲（潜行）
Fine Studded Leather of Survival,精良镶钉皮甲（生存）
Fine Studded Leather of Thievery,精良镶钉皮甲（偷窃）
Fine Studded Leather of Toughness,精良镶钉皮甲（坚韧）
Fine Studded Leather of Willpower,精良镶钉皮甲（意志）
Fine Halfplate of Athletics,精良半身板甲（运动）
Fine Halfplate of Awareness,精良半身板甲（察觉）
Fine Halfplate of Crafting,精良半身板甲（制作）
Fine Halfplate of Defence,精良半身板甲（防御）
Fine Halfplate of Diplomacy,精良半身板甲（交涉）
Fine Halfplate of Healing,精良半身板甲（医疗）
Fine Halfplate of Celerity,精良半身板甲（迅捷）
Fine Halfplate of Lore,精良半身板甲（学识）
Fine Halfplate of Speed,精良半身板甲（速度）
Fine Halfplate of Stealth,精良半身板甲（潜行）
Fine Halfplate of Survival,精良半身板甲（生存）
Fine Halfplate of Thievery,精良半身板甲（偷窃）
Fine Halfplate of Toughness,精良半身板甲（坚韧）
Fine Halfplate of Willpower,精良半身板甲（意志）
Masterwork Breastplate of Agility,精工胸甲（敏捷）
Masterwork Breastplate of Athletics,精工胸甲（运动）
Masterwork Breastplate of Awareness,精工胸甲（察觉）
Masterwork Breastplate of Crafting,精工胸甲（制作）
Masterwork Breastplate of Defence,精工胸甲（防御）
Masterwork Breastplate of Diplomacy,精工胸甲（交涉）
Masterwork Breastplate of Fortitude,精工胸甲（体质）
Masterwork Breastplate of Healing,精工胸甲（医疗）
Masterwork Breastplate of Celerity,精工胸甲（迅捷）
Masterwork Breastplate of Intellect,精工胸甲（智力）
Masterwork Breastplate of Lore,精工胸甲（学识）
Masterwork Breastplate of Presence,精工胸甲（感知）
Masterwork Breastplate of Speed,精工胸甲（速度）
Masterwork Breastplate of Stealth,精工胸甲（潜行）
Masterwork Breastplate of Strength,精工胸甲（力量）
Masterwork Breastplate of Survival,精工胸甲（生存）
Masterwork Breastplate of Thievery,精工胸甲（偷窃）
Masterwork Breastplate of Toughness,精工胸甲（坚韧）
Masterwork Breastplate of Willpower,精工胸甲（意志）
Masterwork Chainmail of Agility,精工链甲（敏捷）
Masterwork Chainmail of Athletics,精工链甲（运动）
Masterwork Chainmail of Awareness,精工链甲（察觉）
Masterwork Chainmail of Crafting,精工链甲（制作）
Masterwork Chainmail of Defence,精工链甲（防御）
Masterwork Chainmail of Diplomacy,精工链甲（交涉）
Masterwork Chainmail of Fortitude,精工链甲（体质）
Masterwork Chainmail of Healing,精工链甲（医疗）
Masterwork Chainmail of Celerity,精工链甲（迅捷）
Masterwork Chainmail of Intellect,精工链甲（智力）
Masterwork Chainmail of Lore,精工链甲（学识）
Masterwork Chainmail of Presence,精工链甲（感知）
Masterwork Chainmail of Speed,精工链甲（速度）
Masterwork Chainmail of Stealth,精工链甲（潜行）
Masterwork Chainmail of Strength,精工链甲（力量）
Masterwork Chainmail of Survival,精工链甲（生存）
Masterwork Chainmail of Thievery,精工链甲（偷窃）
Masterwork Chainmail of Toughness,精工链甲（坚韧）
Masterwork Chainmail of Willpower,精工链甲（意志）
Masterwork Fullplate of Agility,精工全身甲（敏捷）
Masterwork Fullplate of Athletics,精工全身甲（运动）
Masterwork Fullplate of Awareness,精工全身甲（察觉）
Masterwork Fullplate of Crafting,精工全身甲（制作）
Masterwork Fullplate of Defence,精工全身甲（防御）
Masterwork Fullplate of Diplomacy,精工全身甲（交涉）
Masterwork Fullplate of Fortitude,精工全身甲（体质）
Masterwork Fullplate of Healing,精工全身甲（医疗）
Masterwork Fullplate of Celerity,精工全身甲（迅捷）
Masterwork Fullplate of Intellect,精工全身甲（智力）
Masterwork Fullplate of Lore,精工全身甲（学识）
Masterwork Fullplate of Presence,精工全身甲（感知）
Masterwork Fullplate of Speed,精工全身甲（速度）
Masterwork Fullplate of Stealth,精工全身甲（潜行）
Masterwork Fullplate of Strength,精工全身甲（力量）
Masterwork Fullplate of Survival,精工全身甲（生存）
Masterwork Fullplate of Thievery,精工全身甲（偷窃）
Masterwork Fullplate of Toughness,精工全身甲（坚韧）
Masterwork Fullplate of Willpower,精工全身甲（意志）
Masterwork Halfplate of Agility,精工半身板甲（敏捷）
Masterwork Halfplate of Athletics,精工半身板甲（运动）
Masterwork Halfplate of Awareness,精工半身板甲（察觉）
Masterwork Halfplate of Crafting,精工半身板甲（制作）
Masterwork Halfplate of Defence,精工半身板甲（防御）
Masterwork Halfplate of Diplomacy,精工半身板甲（交涉）
Masterwork Halfplate of Fortitude,精工半身板甲（体质）
Masterwork Halfplate of Healing,精工半身板甲（医疗）
Masterwork Halfplate of Celerity,精工半身板甲（迅捷）
Masterwork Halfplate of Intellect,精工半身板甲（智力）
Masterwork Halfplate of Lore,精工半身板甲（学识）
Masterwork Halfplate of Presence,精工半身板甲（感知）
Masterwork Halfplate of Speed,精工半身板甲（速度）
Masterwork Halfplate of Stealth,精工半身板甲（潜行）
Masterwork Halfplate of Strength,精工半身板甲（力量）
Masterwork Halfplate of Survival,精工半身板甲（生存）
Masterwork Halfplate of Thievery,精工半身板甲（偷窃）
Masterwork Halfplate of Toughness,精工半身板甲（坚韧）
Masterwork Halfplate of Willpower,精工半身板甲（意志）
Masterwork Leather Armor of Agility,精工皮甲（敏捷）
Masterwork Leather Armor of Athletics,精工皮甲（运动）
Masterwork Leather Armor of Awareness,精工皮甲（察觉）
Masterwork Leather Armor of Crafting,精工皮甲（制作）
Masterwork Leather Armor of Defence,精工皮甲（防御）
Masterwork Leather Armor of Diplomacy,精工皮甲（交涉）
Masterwork Leather Armor of Fortitude,精工皮甲（体质）
Masterwork Leather Armor of Healing,精工皮甲（医疗）
Masterwork Leather Armor of Celerity,精工皮甲（迅捷）
Masterwork Leather Armor of Intellect,精工皮甲（智力）
Masterwork Leather Armor of Lore,精工皮甲（学识）
Masterwork Leather Armor of Presence,精工皮甲（感知）
Masterwork Leather Armor of Speed,精工皮甲（速度）
Masterwork Leather Armor of Stealth,精工皮甲（潜行）
Masterwork Leather Armor of Strength,精工皮甲（力量）
Masterwork Leather Armor of Survival,精工皮甲（生存）
Masterwork Leather Armor of Thievery,精工皮甲（偷窃）
Masterwork Leather Armor of Toughness,精工皮甲（坚韧）
Masterwork Leather Armor of Willpower,精工皮甲（意志）
Masterwork Padded Armor of Agility,精工布甲（敏捷）
Masterwork Padded Armor of Athletics,精工布甲（运动）
Masterwork Padded Armor of Awareness,精工布甲（察觉）
Masterwork Padded Armor of Crafting,精工布甲（制作）
Masterwork Padded Armor of Defence,精工布甲（防御）
Masterwork Padded Armor of Diplomacy,精工布甲（交涉）
Masterwork Padded Armor of Fortitude,精工布甲（体质）
Masterwork Padded Armor of Healing,精工布甲（医疗）
Masterwork Padded Armor of Celerity,精工布甲（迅捷）
Masterwork Padded Armor of Intellect,精工布甲（智力）
Masterwork Padded Armor of Lore,精工布甲（学识）
Masterwork Padded Armor of Presence,精工布甲（感知）
Masterwork Padded Armor of Speed,精工布甲（速度）
Masterwork Padded Armor of Stealth,精工布甲（潜行）
Masterwork Padded Armor of Strength,精工布甲（力量）
Masterwork Padded Armor of Survival,精工布甲（生存）
Masterwork Padded Armor of Thievery,精工布甲（偷窃）
Masterwork Padded Armor of Toughness,精工布甲（坚韧）
Masterwork Padded Armor of Willpower,精工布甲（意志）
Masterwork Scalemail of Agility,精工鳞甲（敏捷）
Masterwork Scalemail of Athletics,精工鳞甲（运动）
Masterwork Scalemail of Awareness,精工鳞甲（察觉）
Masterwork Scalemail of Crafting,精工鳞甲（制作）
Masterwork Scalemail of Defence,精工鳞甲（防御）
Masterwork Scalemail of Diplomacy,精工鳞甲（交涉）
Masterwork Scalemail of Fortitude,精工鳞甲（体质）
Masterwork Scalemail of Healing,精工鳞甲（医疗）
Masterwork Scalemail of Celerity,精工鳞甲（迅捷）
Masterwork Scalemail of Intellect,精工鳞甲（智力）
Masterwork Scalemail of Lore,精工鳞甲（学识）
Masterwork Scalemail of Presence,精工鳞甲（感知）
Masterwork Scalemail of Speed,精工鳞甲（速度）
Masterwork Scalemail of Stealth,精工鳞甲（潜行）
Masterwork Scalemail of Strength,精工鳞甲（力量）
Masterwork Scalemail of Survival,精工鳞甲（生存）
Masterwork Scalemail of Thievery,精工鳞甲（偷窃）
Masterwork Scalemail of Toughness,精工鳞甲（坚韧）
Masterwork Scalemail of Willpower,精工鳞甲（意志）
Masterwork Studded Leather of Agility,精工镶钉皮甲（敏捷）
Masterwork Studded Leather of Athletics,精工镶钉皮甲（运动）
Masterwork Studded Leather of Awareness,精工镶钉皮甲（察觉）
Masterwork Studded Leather of Crafting,精工镶钉皮甲（制作）
Masterwork Studded Leather of Defence,精工镶钉皮甲（防御）
Masterwork Studded Leather of Diplomacy,精工镶钉皮甲（交涉）
Masterwork Studded Leather of Fortitude,精工镶钉皮甲（体质）
Masterwork Studded Leather of Healing,精工镶钉皮甲（医疗）
Masterwork Studded Leather of Celerity,精工镶钉皮甲（迅捷）
Masterwork Studded Leather of Intellect,精工镶钉皮甲（智力）
Masterwork Studded Leather of Lore,精工镶钉皮甲（学识）
Masterwork Studded Leather of Presence,精工镶钉皮甲（感知）
Masterwork Studded Leather of Speed,精工镶钉皮甲（速度）
Masterwork Studded Leather of Stealth,精工镶钉皮甲（潜行）
Masterwork Studded Leather of Strength,精工镶钉皮甲（力量）
Masterwork Studded Leather of Survival,精工镶钉皮甲（生存）
Masterwork Studded Leather of Thievery,精工镶钉皮甲（偷窃）
Masterwork Studded Leather of Toughness,精工镶钉皮甲（坚韧）
Masterwork Studded Leather of Willpower,精工镶钉皮甲（意志）
The Rat Queen's Armor of Strength,鼠后铠甲（力量）
Buckler of Athletics,小圆盾（运动）
Buckler of Awareness,小圆盾（察觉）
Buckler of Crafting,小圆盾（制作）
Buckler of Defence,小圆盾（防御）
Buckler of Diplomacy,小圆盾（交涉）
Buckler of Healing,小圆盾（医疗）
Buckler of Celerity,小圆盾（迅捷）
Buckler of Lore,小圆盾（学识）
Buckler of Speed,小圆盾（速度）
Buckler of Stealth,小圆盾（潜行）
Buckler of Survival,小圆盾（生存）
Buckler of Thievery,小圆盾（偷窃）
Buckler of Toughness,小圆盾（坚韧）
Buckler of Willpower,小圆盾（意志）
Large Shield of Athletics,大盾（运动）
Large Shield of Awareness,大盾（察觉）
Large Shield of Crafting,大盾（制作）
Large Shield of Defence,大盾（防御）
Large Shield of Diplomacy,大盾（交涉）
Large Shield of Healing,大盾（医疗）
Large Shield of Celerity,大盾（迅捷）
Large Shield of Lore,大盾（学识）
Large Shield of Speed,大盾（速度）
Large Shield of Stealth,大盾（潜行）
Large Shield of Survival,大盾（生存）
Large Shield of Thievery,大盾（偷窃）
Large Shield of Toughness,大盾（坚韧）
Large Shield of Willpower,大盾（意志）
Round Shield of Athletics,圆盾（运动）
Round Shield of Awareness,圆盾（察觉）
Round Shield of Crafting,圆盾（制作）
Round Shield of Defence,圆盾（防御）
Round Shield of Diplomacy,圆盾（交涉）
Round Shield of Healing,圆盾（医疗）
Round Shield of Celerity,圆盾（迅捷）
Round Shield of Lore,圆盾（学识）
Round Shield of Speed,圆盾（速度）
Round Shield of Stealth,圆盾（潜行）
Round Shield of Survival,圆盾（生存）
Round Shield of Thievery,圆盾（偷窃）
Round Shield of Toughness,圆盾（坚韧）
Round Shield of Willpower,圆盾（意志）
Shield of Athletics,盾牌（运动）
Shield of Awareness,盾牌（察觉）
Shield of Crafting,盾牌（制作）
Shield of Defence,盾牌（防御）
Shield of Diplomacy,盾牌（交涉）
Shield of Healing,盾牌（医疗）
Shield of Celerity,盾牌（迅捷）
Shield of Lore,盾牌（学识）
Shield of Speed,盾牌（速度）
Shield of Stealth,盾牌（潜行）
Shield of Survival,盾牌（生存）
Shield of Thievery,盾牌（偷窃）
Shield of Toughness,盾牌（坚韧）
Shield of Willpower,盾牌（意志）
Tower Shield of Athletics,塔盾（运动）
Tower Shield of Awareness,塔盾（察觉）
Tower Shield of Crafting,塔盾（制作）
Tower Shield of Defence,塔盾（防御）
Tower Shield of Diplomacy,塔盾（交涉）
Tower Shield of Healing,塔盾（医疗）
Tower Shield of Celerity,塔盾（迅捷）
Tower Shield of Lore,塔盾（学识）
Tower Shield of Speed,塔盾（速度）
Tower Shield of Stealth,塔盾（潜行）
Tower Shield of Survival,塔盾（生存）
Tower Shield of Thievery,塔盾（偷窃）
Tower Shield of Toughness,塔盾（坚韧）
Tower Shield of Willpower,塔盾（意志）
Masterwork Armored Boots of Agility,精工护甲靴（敏捷）
Masterwork Armored Boots of Athletics,精工护甲靴（运动）
Masterwork Armored Boots of Awareness,精工护甲靴（察觉）
Masterwork Armored Boots of Crafting,精工护甲靴（制作）
Masterwork Armored Boots of Defence,精工护甲靴（防御）
Masterwork Armored Boots of Diplomacy,精工护甲靴（交涉）
Masterwork Armored Boots of Fortitude,精工护甲靴（体质）
Masterwork Armored Boots of Healing,精工护甲靴（医疗）
Masterwork Armored Boots of Celerity,精工护甲靴（迅捷）
Masterwork Armored Boots of Intellect,精工护甲靴（智力）
Masterwork Armored Boots of Lore,精工护甲靴（学识）
Masterwork Armored Boots of Presence,精工护甲靴（感知）
Masterwork Armored Boots of Speed,精工护甲靴（速度）
Masterwork Armored Boots of Stealth,精工护甲靴（潜行）
Masterwork Armored Boots of Strength,精工护甲靴（力量）
Masterwork Armored Boots of Survival,精工护甲靴（生存）
Masterwork Armored Boots of Thievery,精工护甲靴（偷窃）
Masterwork Armored Boots of Toughness,精工护甲靴（坚韧）
Masterwork Armored Boots of Willpower,精工护甲靴（意志）
Masterwork Leather Boots of Agility,精工皮靴（敏捷）
Masterwork Leather Boots of Athletics,精工皮靴（运动）
Masterwork Leather Boots of Awareness,精工皮靴（察觉）
Masterwork Leather Boots of Crafting,精工皮靴（制作）
Masterwork Leather Boots of Defence,精工皮靴（防御）
Masterwork Leather Boots of Diplomacy,精工皮靴（交涉）
Masterwork Leather Boots of Fortitude,精工皮靴（体质）
Masterwork Leather Boots of Healing,精工皮靴（医疗）
Masterwork Leather Boots of Celerity,精工皮靴（迅捷）
Masterwork Leather Boots of Intellect,精工皮靴（智力）
Masterwork Leather Boots of Lore,精工皮靴（学识）
Masterwork Leather Boots of Presence,精工皮靴（感知）
Masterwork Leather Boots of Speed,精工皮靴（速度）
Masterwork Leather Boots of Stealth,精工皮靴（潜行）
Masterwork Leather Boots of Strength,精工皮靴（力量）
Masterwork Leather Boots of Survival,精工皮靴（生存）
Masterwork Leather Boots of Thievery,精工皮靴（偷窃）
Masterwork Leather Boots of Toughness,精工皮靴（坚韧）
Masterwork Leather Boots of Willpower,精工皮靴（意志）
Masterwork Noble's Boots of Agility,精工贵族靴（敏捷）
Masterwork Noble's Boots of Athletics,精工贵族靴（运动）
Masterwork Noble's Boots of Awareness,精工贵族靴（察觉）
Masterwork Noble's Boots of Crafting,精工贵族靴（制作）
Masterwork Noble's Boots of Defence,精工贵族靴（防御）
Masterwork Noble's Boots of Diplomacy,精工贵族靴（交涉）
Masterwork Noble's Boots of Fortitude,精工贵族靴（体质）
Masterwork Noble's Boots of Healing,精工贵族靴（医疗）
Masterwork Noble's Boots of Celerity,精工贵族靴（迅捷）
Masterwork Noble's Boots of Intellect,精工贵族靴（智力）
Masterwork Noble's Boots of Lore,精工贵族靴（学识）
Masterwork Noble's Boots of Presence,精工贵族靴（感知）
Masterwork Noble's Boots of Speed,精工贵族靴（速度）
Masterwork Noble's Boots of Stealth,精工贵族靴（潜行）
Masterwork Noble's Boots of Strength,精工贵族靴（力量）
Masterwork Noble's Boots of Survival,精工贵族靴（生存）
Masterwork Noble's Boots of Thievery,精工贵族靴（偷窃）
Masterwork Noble's Boots of Toughness,精工贵族靴（坚韧）
Masterwork Noble's Boots of Willpower,精工贵族靴（意志）
Masterwork Travelers Boots of Agility,精工旅者靴（敏捷）
Masterwork Travelers Boots of Athletics,精工旅者靴（运动）
Masterwork Travelers Boots of Awareness,精工旅者靴（察觉）
Masterwork Travelers Boots of Crafting,精工旅者靴（制作）
Masterwork Travelers Boots of Defence,精工旅者靴（防御）
Masterwork Travelers Boots of Diplomacy,精工旅者靴（交涉）
Masterwork Travelers Boots of Fortitude,精工旅者靴（体质）
Masterwork Travelers Boots of Healing,精工旅者靴（医疗）
Masterwork Travelers Boots of Celerity,精工旅者靴（迅捷）
Masterwork Travelers Boots of Intellect,精工旅者靴（智力）
Masterwork Travelers Boots of Lore,精工旅者靴（学识）
Masterwork Travelers Boots of Presence,精工旅者靴（感知）
Masterwork Travelers Boots of Speed,精工旅者靴（速度）
Masterwork Travelers Boots of Stealth,精工旅者靴（潜行）
Masterwork Travelers Boots of Strength,精工旅者靴（力量）
Masterwork Travelers Boots of Survival,精工旅者靴（生存）
Masterwork Travelers Boots of Thievery,精工旅者靴（偷窃）
Masterwork Travelers Boots of Toughness,精工旅者靴（坚韧）
Masterwork Travelers Boots of Willpower,精工旅者靴（意志）
Masterwork Armored Gauntlets of Agility,精工护甲手套（敏捷）
Masterwork Armored Gauntlets of Athletics,精工护甲手套（运动）
Masterwork Armored Gauntlets of Awareness,精工护甲手套（察觉）
Masterwork Armored Gauntlets of Crafting,精工护甲手套（制作）
Masterwork Armored Gauntlets of Defence,精工护甲手套（防御）
Masterwork Armored Gauntlets of Diplomacy,精工护甲手套（交涉）
Masterwork Armored Gauntlets of Fortitude,精工护甲手套（体质）
Masterwork Armored Gauntlets of Healing,精工护甲手套（医疗）
Masterwork Armored Gauntlets of Celerity,精工护甲手套（迅捷）
Masterwork Armored Gauntlets of Intellect,精工护甲手套（智力）
Masterwork Armored Gauntlets of Lore,精工护甲手套（学识）
Masterwork Armored Gauntlets of Presence,精工护甲手套（感知）
Masterwork Armored Gauntlets of Speed,精工护甲手套（速度）
Masterwork Armored Gauntlets of Stealth,精工护甲手套（潜行）
Masterwork Armored Gauntlets of Strength,精工护甲手套（力量）
Masterwork Armored Gauntlets of Survival,精工护甲手套（生存）
Masterwork Armored Gauntlets of Thievery,精工护甲手套（偷窃）
Masterwork Armored Gauntlets of Toughness,精工护甲手套（坚韧）
Masterwork Armored Gauntlets of Willpower,精工护甲手套（意志）
Masterwork Leather Gloves of Agility,精工皮手套（敏捷）
Masterwork Leather Gloves of Athletics,精工皮手套（运动）
Masterwork Leather Gloves of Awareness,精工皮手套（察觉）
Masterwork Leather Gloves of Crafting,精工皮手套（制作）
Masterwork Leather Gloves of Defence,精工皮手套（防御）
Masterwork Leather Gloves of Diplomacy,精工皮手套（交涉）
Masterwork Leather Gloves of Fortitude,精工皮手套（体质）
Masterwork Leather Gloves of Healing,精工皮手套（医疗）
Masterwork Leather Gloves of Celerity,精工皮手套（迅捷）
Masterwork Leather Gloves of Intellect,精工皮手套（智力）
Masterwork Leather Gloves of Lore,精工皮手套（学识）
Masterwork Leather Gloves of Presence,精工皮手套（感知）
Masterwork Leather Gloves of Speed,精工皮手套（速度）
Masterwork Leather Gloves of Stealth,精工皮手套（潜行）
Masterwork Leather Gloves of Strength,精工皮手套（力量）
Masterwork Leather Gloves of Survival,精工皮手套（生存）
Masterwork Leather Gloves of Thievery,精工皮手套（偷窃）
Masterwork Leather Gloves of Toughness,精工皮手套（坚韧）
Masterwork Leather Gloves of Willpower,精工皮手套（意志）
Masterwork Mailed Gauntlets of Agility,精工锁甲手套（敏捷）
Masterwork Mailed Gauntlets of Athletics,精工锁甲手套（运动）
Masterwork Mailed Gauntlets of Awareness,精工锁甲手套（察觉）
Masterwork Mailed Gauntlets of Crafting,精工锁甲手套（制作）
Masterwork Mailed Gauntlets of Defence,精工锁甲手套（防御）
Masterwork Mailed Gauntlets of Diplomacy,精工锁甲手套（交涉）
Masterwork Mailed Gauntlets of Fortitude,精工锁甲手套（体质）
Masterwork Mailed Gauntlets of Healing,精工锁甲手套（医疗）
Masterwork Mailed Gauntlets of Celerity,精工锁甲手套（迅捷）
Masterwork Mailed Gauntlets of Intellect,精工锁甲手套（智力）
Masterwork Mailed Gauntlets of Lore,精工锁甲手套（学识）
Masterwork Mailed Gauntlets of Presence,精工锁甲手套（感知）
Masterwork Mailed Gauntlets of Speed,精工锁甲手套（速度）
Masterwork Mailed Gauntlets of Stealth,精工锁甲手套（潜行）
Masterwork Mailed Gauntlets of Strength,精工锁甲手套（力量）
Masterwork Mailed Gauntlets of Survival,精工锁甲手套（生存）
Masterwork Mailed Gauntlets of Thievery,精工锁甲手套（偷窃）
Masterwork Mailed Gauntlets of Toughness,精工锁甲手套（坚韧）
Masterwork Mailed Gauntlets of Willpower,精工锁甲手套（意志）
Masterwork Noble's Gloves of Agility,精工贵族手套（敏捷）
Masterwork Noble's Gloves of Athletics,精工贵族手套（运动）
Masterwork Noble's Gloves of Awareness,精工贵族手套（察觉）
Masterwork Noble's Gloves of Crafting,精工贵族手套（制作）
Masterwork Noble's Gloves of Defence,精工贵族手套（防御）
Masterwork Noble's Gloves of Diplomacy,精工贵族手套（交涉）
Masterwork Noble's Gloves of Fortitude,精工贵族手套（体质）
Masterwork Noble's Gloves of Healing,精工贵族手套（医疗）
Masterwork Noble's Gloves of Celerity,精工贵族手套（迅捷）
Masterwork Noble's Gloves of Intellect,精工贵族手套（智力）
Masterwork Noble's Gloves of Lore,精工贵族手套（学识）
Masterwork Noble's Gloves of Presence,精工贵族手套（感知）
Masterwork Noble's Gloves of Speed,精工贵族手套（速度）
Masterwork Noble's Gloves of Stealth,精工贵族手套（潜行）
Masterwork Noble's Gloves of Strength,精工贵族手套（力量）
Masterwork Noble's Gloves of Survival,精工贵族手套（生存）
Masterwork Noble's Gloves of Thievery,精工贵族手套（偷窃）
Masterwork Noble's Gloves of Toughness,精工贵族手套（坚韧）
Masterwork Noble's Gloves of Willpower,精工贵族手套（意志）
Masterwork Travelers Gloves of Agility,精工旅者手套（敏捷）
Masterwork Travelers Gloves of Athletics,精工旅者手套（运动）
Masterwork Travelers Gloves of Awareness,精工旅者手套（察觉）
Masterwork Travelers Gloves of Crafting,精工旅者手套（制作）
Masterwork Travelers Gloves of Defence,精工旅者手套（防御）
Masterwork Travelers Gloves of Diplomacy,精工旅者手套（交涉）
Masterwork Travelers Gloves of Fortitude,精工旅者手套（体质）
Masterwork Travelers Gloves of Healing,精工旅者手套（医疗）
Masterwork Travelers Gloves of Celerity,精工旅者手套（迅捷）
Masterwork Travelers Gloves of Intellect,精工旅者手套（智力）
Masterwork Travelers Gloves of Lore,精工旅者手套（学识）
Masterwork Travelers Gloves of Presence,精工旅者手套（感知）
Masterwork Travelers Gloves of Speed,精工旅者手套（速度）
Masterwork Travelers Gloves of Stealth,精工旅者手套（潜行）
Masterwork Travelers Gloves of Strength,精工旅者手套（力量）
Masterwork Travelers Gloves of Survival,精工旅者手套（生存）
Masterwork Travelers Gloves of Thievery,精工旅者手套（偷窃）
Masterwork Travelers Gloves of Toughness,精工旅者手套（坚韧）
Masterwork Travelers Gloves of Willpower,精工旅者手套（意志）
Hat of Athletics,帽子（运动）
Hat of Awareness,帽子（察觉）
Hat of Crafting,帽子（制作）
Hat of Defence,帽子（防御）
Hat of Diplomacy,帽子（交涉）
Hat of Healing,帽子（医疗）
Hat of Celerity,帽子（迅捷）
Hat of Lore,帽子（学识）
Hat of Speed,帽子（速度）
Hat of Stealth,帽子（潜行）
Hat of Survival,帽子（生存）
Hat of Thievery,帽子（偷窃）
Hat of Toughness,帽子（坚韧）
Hat of Willpower,帽子（意志）
Masterwork Full Helmet of Agility,精工全盔（敏捷）
Masterwork Full Helmet of Athletics,精工全盔（运动）
Masterwork Full Helmet of Awareness,精工全盔（察觉）
Masterwork Full Helmet of Crafting,精工全盔（制作）
Masterwork Full Helmet of Defence,精工全盔（防御）
Masterwork Full Helmet of Diplomacy,精工全盔（交涉）
Masterwork Full Helmet of Fortitude,精工全盔（体质）
Masterwork Full Helmet of Healing,精工全盔（医疗）
Masterwork Full Helmet of Celerity,精工全盔（迅捷）
Masterwork Full Helmet of Intellect,精工全盔（智力）
Masterwork Full Helmet of Lore,精工全盔（学识）
Masterwork Full Helmet of Presence,精工全盔（感知）
Masterwork Full Helmet of Speed,精工全盔（速度）
Masterwork Full Helmet of Stealth,精工全盔（潜行）
Masterwork Full Helmet of Strength,精工全盔（力量）
Masterwork Full Helmet of Survival,精工全盔（生存）
Masterwork Full Helmet of Thievery,精工全盔（偷窃）
Masterwork Full Helmet of Toughness,精工全盔（坚韧）
Masterwork Full Helmet of Willpower,精工全盔（意志）
Masterwork Horned Helmet of Agility,精工角盔（敏捷）
Masterwork Horned Helmet of Athletics,精工角盔（运动）
Masterwork Horned Helmet of Awareness,精工角盔（察觉）
Masterwork Horned Helmet of Crafting,精工角盔（制作）
Masterwork Horned Helmet of Defence,精工角盔（防御）
Masterwork Horned Helmet of Diplomacy,精工角盔（交涉）
Masterwork Horned Helmet of Fortitude,精工角盔（体质）
Masterwork Horned Helmet of Healing,精工角盔（医疗）
Masterwork Horned Helmet of Celerity,精工角盔（迅捷）
Masterwork Horned Helmet of Intellect,精工角盔（智力）
Masterwork Horned Helmet of Lore,精工角盔（学识）
Masterwork Horned Helmet of Presence,精工角盔（感知）
Masterwork Horned Helmet of Speed,精工角盔（速度）
Masterwork Horned Helmet of Stealth,精工角盔（潜行）
Masterwork Horned Helmet of Strength,精工角盔（力量）
Masterwork Horned Helmet of Survival,精工角盔（生存）
Masterwork Horned Helmet of Thievery,精工角盔（偷窃）
Masterwork Horned Helmet of Toughness,精工角盔（坚韧）
Masterwork Horned Helmet of Willpower,精工角盔（意志）
Masterwork Mail Coif of Agility,精工锁甲头巾（敏捷）
Masterwork Mail Coif of Athletics,精工锁甲头巾（运动）
Masterwork Mail Coif of Awareness,精工锁甲头巾（察觉）
Masterwork Mail Coif of Crafting,精工锁甲头巾（制作）
Masterwork Mail Coif of Defence,精工锁甲头巾（防御）
Masterwork Mail Coif of Diplomacy,精工锁甲头巾（交涉）
Masterwork Mail Coif of Fortitude,精工锁甲头巾（体质）
Masterwork Mail Coif of Healing,精工锁甲头巾（医疗）
Masterwork Mail Coif of Celerity,精工锁甲头巾（迅捷）
Masterwork Mail Coif of Intellect,精工锁甲头巾（智力）
Masterwork Mail Coif of Lore,精工锁甲头巾（学识）
Masterwork Mail Coif of Presence,精工锁甲头巾（感知）
Masterwork Mail Coif of Speed,精工锁甲头巾（速度）
Masterwork Mail Coif of Stealth,精工锁甲头巾（潜行）
Masterwork Mail Coif of Strength,精工锁甲头巾（力量）
Masterwork Mail Coif of Survival,精工锁甲头巾（生存）
Masterwork Mail Coif of Thievery,精工锁甲头巾（偷窃）
Masterwork Mail Coif of Toughness,精工锁甲头巾（坚韧）
Masterwork Mail Coif of Willpower,精工锁甲头巾（意志）
Masterwork Plumed Helmet of Agility,精工羽盔（敏捷）
Masterwork Plumed Helmet of Athletics,精工羽盔（运动）
Masterwork Plumed Helmet of Awareness,精工羽盔（察觉）
Masterwork Plumed Helmet of Crafting,精工羽盔（制作）
Masterwork Plumed Helmet of Defence,精工羽盔（防御）
Masterwork Plumed Helmet of Diplomacy,精工羽盔（交涉）
Masterwork Plumed Helmet of Fortitude,精工羽盔（体质）
Masterwork Plumed Helmet of Healing,精工羽盔（医疗）
Masterwork Plumed Helmet of Celerity,精工羽盔（迅捷）
Masterwork Plumed Helmet of Intellect,精工羽盔（智力）
Masterwork Plumed Helmet of Lore,精工羽盔（学识）
Masterwork Plumed Helmet of Presence,精工羽盔（感知）
Masterwork Plumed Helmet of Speed,精工羽盔（速度）
Masterwork Plumed Helmet of Stealth,精工羽盔（潜行）
Masterwork Plumed Helmet of Strength,精工羽盔（力量）
Masterwork Plumed Helmet of Survival,精工羽盔（生存）
Masterwork Plumed Helmet of Thievery,精工羽盔（偷窃）
Masterwork Plumed Helmet of Toughness,精工羽盔（坚韧）
Masterwork Plumed Helmet of Willpower,精工羽盔（意志）
Officer's Helmet of Agility,军官头盔（敏捷）
Officer's Helmet of Athletics,军官头盔（运动）
Officer's Helmet of Awareness,军官头盔（察觉）
Officer's Helmet of Crafting,军官头盔（制作）
Officer's Helmet of Defence,军官头盔（防御）
Officer's Helmet of Diplomacy,军官头盔（交涉）
Officer's Helmet of Fortitude,军官头盔（体质）
Officer's Helmet of Healing,军官头盔（医疗）
Officer's Helmet of Celerity,军官头盔（迅捷）
Officer's Helmet of Intellect,军官头盔（智力）
Officer's Helmet of Lore,军官头盔（学识）
Officer's Helmet of Presence,军官头盔（感知）
Officer's Helmet of Speed,军官头盔（速度）
Officer's Helmet of Stealth,军官头盔（潜行）
Officer's Helmet of Strength,军官头盔（力量）
Officer's Helmet of Survival,军官头盔（生存）
Officer's Helmet of Thievery,军官头盔（偷窃）
Officer's Helmet of Toughness,军官头盔（坚韧）
Officer's Helmet of Willpower,军官头盔（意志）
#Enchantments - Jewellery,#附魔 - 珠宝
Ancient Gold Necklace of Athletics,运动之古代金项链
Ancient Gold Necklace of Awareness,察觉之古代金项链
Ancient Gold Necklace of Crafting,制作之古代金项链
Ancient Gold Necklace of Defence,防御之古代金项链
Ancient Gold Necklace of Diplomacy,交涉之古代金项链
Ancient Gold Necklace of Fortitude,体质之古代金项链
Ancient Gold Necklace of Healing,医疗之古代金项链
Ancient Gold Necklace of Celerity,迅捷之古代金项链
Ancient Gold Necklace of Lore,学识之古代金项链
Ancient Gold Necklace of Stealth,潜行之古代金项链
Ancient Gold Necklace of Survival,生存之古代金项链
Ancient Gold Necklace of Thievery,偷窃之古代金项链
Ancient Gold Necklace of Toughness,坚韧之古代金项链
Ancient Gold Necklace of Willpower,意志之古代金项链
Ancient Jade Necklace of Athletics,运动之古代翡翠项链
Ancient Jade Necklace of Awareness,察觉之古代翡翠项链
Ancient Jade Necklace of Crafting,制作之古代翡翠项链
Ancient Jade Necklace of Defence,防御之古代翡翠项链
Ancient Jade Necklace of Diplomacy,交涉之古代翡翠项链
Ancient Jade Necklace of Fortitude,体质之古代翡翠项链
Ancient Jade Necklace of Healing,医疗之古代翡翠项链
Ancient Jade Necklace of Celerity,迅捷之古代翡翠项链
Ancient Jade Necklace of Lore,学识之古代翡翠项链
Ancient Jade Necklace of Stealth,潜行之古代翡翠项链
Ancient Jade Necklace of Survival,生存之古代翡翠项链
Ancient Jade Necklace of Thievery,偷窃之古代翡翠项链
Ancient Jade Necklace of Toughness,坚韧之古代翡翠项链
Ancient Jade Necklace of Willpower,意志之古代翡翠项链
Arcane Necklace of Athletics,运动之奥术项链
Arcane Necklace of Agility,敏捷之奥术项链
Arcane Necklace of Awareness,察觉之奥术项链
Arcane Necklace of Crafting,制作之奥术项链
Arcane Necklace of Defence,防御之奥术项链
Arcane Necklace of Diplomacy,交涉之奥术项链
Arcane Necklace of Fortitude,体质之奥术项链
Arcane Necklace of Healing,医疗之奥术项链
Arcane Necklace of the Hero,英雄之奥术项链
Arcane Necklace of Celerity,迅捷之奥术项链
Arcane Necklace of Intellect,智力之奥术项链
Arcane Necklace of Lore,学识之奥术项链
Arcane Necklace of Presence,感知之奥术项链
Arcane Necklace of Protection,保护之奥术项链
Arcane Necklace of Speed,速度之奥术项链
Arcane Necklace of Stealth,潜行之奥术项链
Arcane Necklace of Strength,力量之奥术项链
Arcane Necklace of Survival,生存之奥术项链
Arcane Necklace of Thievery,偷窃之奥术项链
Arcane Necklace of Toughness,坚韧之奥术项链
Arcane Necklace of Willpower,意志之奥术项链
Beryl Necklace of Agility,敏捷之绿柱石项链
Beryl Necklace of Athletics,运动之绿柱石项链
Beryl Necklace of Awareness,察觉之绿柱石项链
Beryl Necklace of Crafting,制作之绿柱石项链
Beryl Necklace of Defence,防御之绿柱石项链
Beryl Necklace of Diplomacy,交涉之绿柱石项链
Beryl Necklace of Fortitude,体质之绿柱石项链
Beryl Necklace of Healing,医疗之绿柱石项链
Beryl Necklace of Celerity,迅捷之绿柱石项链
Beryl Necklace of Intellect,智力之绿柱石项链
Beryl Necklace of Lore,学识之绿柱石项链
Beryl Necklace of Presence,感知之绿柱石项链
Beryl Necklace of Stealth,潜行之绿柱石项链
Beryl Necklace of Strength,力量之绿柱石项链
Beryl Necklace of Survival,生存之绿柱石项链
Beryl Necklace of Thievery,偷窃之绿柱石项链
Beryl Necklace of Toughness,坚韧之绿柱石项链
Beryl Necklace of Willpower,意志之绿柱石项链
Copper Locket of Athletics,运动之铜吊坠
Copper Locket of Awareness,察觉之铜吊坠
Copper Locket of Crafting,制作之铜吊坠
Copper Locket of Defence,防御之铜吊坠
Copper Locket of Diplomacy,交涉之铜吊坠
Copper Locket of Fortitude,体质之铜吊坠
Copper Locket of Healing,医疗之铜吊坠
Copper Locket of Celerity,迅捷之铜吊坠
Copper Locket of Lore,学识之铜吊坠
Copper Locket of Stealth,潜行之铜吊坠
Copper Locket of Survival,生存之铜吊坠
Copper Locket of Thievery,偷窃之铜吊坠
Copper Locket of Toughness,坚韧之铜吊坠
Copper Locket of Willpower,意志之铜吊坠
Coral Necklace of Agility,敏捷之珊瑚项链
Coral Necklace of Athletics,运动之珊瑚项链
Coral Necklace of Awareness,察觉之珊瑚项链
Coral Necklace of Crafting,制作之珊瑚项链
Coral Necklace of Defence,防御之珊瑚项链
Coral Necklace of Diplomacy,交涉之珊瑚项链
Coral Necklace of Fortitude,体质之珊瑚项链
Coral Necklace of Healing,医疗之珊瑚项链
Coral Necklace of Celerity,迅捷之珊瑚项链
Coral Necklace of Intellect,智力之珊瑚项链
Coral Necklace of Lore,学识之珊瑚项链
Coral Necklace of Presence,感知之珊瑚项链
Coral Necklace of Stealth,潜行之珊瑚项链
Coral Necklace of Strength,力量之珊瑚项链
Coral Necklace of Survival,生存之珊瑚项链
Coral Necklace of Thievery,偷窃之珊瑚项链
Coral Necklace of Toughness,坚韧之珊瑚项链
Coral Necklace of Willpower,意志之珊瑚项链
Diamond Necklace of Athletics,运动之钻石项链
Diamond Necklace of Agility,敏捷之钻石项链
Diamond Necklace of Awareness,察觉之钻石项链
Diamond Necklace of Crafting,制作之钻石项链
Diamond Necklace of Defence,防御之钻石项链
Diamond Necklace of Diplomacy,交涉之钻石项链
Diamond Necklace of Fortitude,体质之钻石项链
Diamond Necklace of Healing,医疗之钻石项链
Diamond Necklace of the Hero,英雄之钻石项链
Diamond Necklace of Celerity,迅捷之钻石项链
Diamond Necklace of Intellect,智力之钻石项链
Diamond Necklace of Lore,学识之钻石项链
Diamond Necklace of Presence,感知之钻石项链
Diamond Necklace of Protection,保护之钻石项链
Diamond Necklace of Speed,速度之钻石项链
Diamond Necklace of Stealth,潜行之钻石项链
Diamond Necklace of Strength,力量之钻石项链
Diamond Necklace of Survival,生存之钻石项链
Diamond Necklace of Thievery,偷窃之钻石项链
Diamond Necklace of Toughness,坚韧之钻石项链
Diamond Necklace of Willpower,意志之钻石项链
Firegold Necklace of Agility,敏捷之火金项链
Firegold Necklace of Athletics,运动之火金项链
Firegold Necklace of Awareness,察觉之火金项链
Firegold Necklace of Crafting,制作之火金项链
Firegold Necklace of Defence,防御之火金项链
Firegold Necklace of Diplomacy,交涉之火金项链
Firegold Necklace of Fortitude,体质之火金项链
Firegold Necklace of Healing,医疗之火金项链
Firegold Necklace of Celerity,迅捷之火金项链
Firegold Necklace of Intellect,智力之火金项链
Firegold Necklace of Lore,学识之火金项链
Firegold Necklace of Presence,感知之火金项链
Firegold Necklace of Stealth,潜行之火金项链
Firegold Necklace of Strength,力量之火金项链
Firegold Necklace of Survival,生存之火金项链
Firegold Necklace of Thievery,偷窃之火金项链
Firegold Necklace of Toughness,坚韧之火金项链
Firegold Necklace of Willpower,意志之火金项链
Garnet Necklace of Athletics,运动之石榴石项链
Garnet Necklace of Agility,敏捷之石榴石项链
Garnet Necklace of Awareness,察觉之石榴石项链
Garnet Necklace of Crafting,制作之石榴石项链
Garnet Necklace of Defence,防御之石榴石项链
Garnet Necklace of Diplomacy,交涉之石榴石项链
Garnet Necklace of Fortitude,体质之石榴石项链
Garnet Necklace of Healing,医疗之石榴石项链
Garnet Necklace of the Hero,英雄之石榴石项链
Garnet Necklace of Celerity,迅捷之石榴石项链
Garnet Necklace of Intellect,智力之石榴石项链
Garnet Necklace of Lore,学识之石榴石项链
Garnet Necklace of Presence,感知之石榴石项链
Garnet Necklace of Protection,保护之石榴石项链
Garnet Necklace of Speed,速度之石榴石项链
Garnet Necklace of Stealth,潜行之石榴石项链
Garnet Necklace of Strength,力量之石榴石项链
Garnet Necklace of Survival,生存之石榴石项链
Garnet Necklace of Thievery,偷窃之石榴石项链
Garnet Necklace of Toughness,坚韧之石榴石项链
Garnet Necklace of Willpower,意志之石榴石项链
Jade Necklace of Athletics,运动之翡翠项链
Jade Necklace of Awareness,察觉之翡翠项链
Jade Necklace of Crafting,制作之翡翠项链
Jade Necklace of Defence,防御之翡翠项链
Jade Necklace of Diplomacy,交涉之翡翠项链
Jade Necklace of Fortitude,体质之翡翠项链
Jade Necklace of Healing,医疗之翡翠项链
Jade Necklace of Celerity,迅捷之翡翠项链
Jade Necklace of Lore,学识之翡翠项链
Jade Necklace of Stealth,潜行之翡翠项链
Jade Necklace of Survival,生存之翡翠项链
Jade Necklace of Thievery,偷窃之翡翠项链
Jade Necklace of Toughness,坚韧之翡翠项链
Jade Necklace of Willpower,意志之翡翠项链
Pagan Necklace of Agility,敏捷之异教项链
Pagan Necklace of Athletics,运动之异教项链
Pagan Necklace of Awareness,察觉之异教项链
Pagan Necklace of Crafting,制作之异教项链
Pagan Necklace of Defence,防御之异教项链
Pagan Necklace of Diplomacy,交涉之异教项链
Pagan Necklace of Fortitude,体质之异教项链
Pagan Necklace of Healing,医疗之异教项链
Pagan Necklace of Celerity,迅捷之异教项链
Pagan Necklace of Intellect,智力之异教项链
Pagan Necklace of Lore,学识之异教项链
Pagan Necklace of Presence,感知之异教项链
Pagan Necklace of Stealth,潜行之异教项链
Pagan Necklace of Strength,力量之异教项链
Pagan Necklace of Survival,生存之异教项链
Pagan Necklace of Thievery,偷窃之异教项链
Pagan Necklace of Toughness,坚韧之异教项链
Pagan Necklace of Willpower,意志之异教项链
Profane Necklace of Athletics,运动之渎神项链
Profane Necklace of Agility,敏捷之渎神项链
Profane Necklace of Awareness,察觉之渎神项链
Profane Necklace of Crafting,制作之渎神项链
Profane Necklace of Defence,防御之渎神项链
Profane Necklace of Diplomacy,交涉之渎神项链
Profane Necklace of Fortitude,体质之渎神项链
Profane Necklace of Healing,医疗之渎神项链
Profane Necklace of the Hero,英雄之渎神项链
Profane Necklace of Celerity,迅捷之渎神项链
Profane Necklace of Intellect,智力之渎神项链
Profane Necklace of Lore,学识之渎神项链
Profane Necklace of Presence,感知之渎神项链
Profane Necklace of Protection,保护之渎神项链
Profane Necklace of Speed,速度之渎神项链
Profane Necklace of Stealth,潜行之渎神项链
Profane Necklace of Strength,力量之渎神项链
Profane Necklace of Survival,生存之渎神项链
Profane Necklace of Thievery,偷窃之渎神项链
Profane Necklace of Toughness,坚韧之渎神项链
Profane Necklace of Willpower,意志之渎神项链
Ruby Necklace of Athletics,运动之红宝石项链
Ruby Necklace of Awareness,察觉之红宝石项链
Ruby Necklace of Crafting,制作之红宝石项链
Ruby Necklace of Defence,防御之红宝石项链
Ruby Necklace of Diplomacy,交涉之红宝石项链
Ruby Necklace of Fortitude,体质之红宝石项链
Ruby Necklace of Healing,医疗之红宝石项链
Ruby Necklace of Celerity,迅捷之红宝石项链
Ruby Necklace of Lore,学识之红宝石项链
Ruby Necklace of Stealth,潜行之红宝石项链
Ruby Necklace of Survival,生存之红宝石项链
Ruby Necklace of Thievery,偷窃之红宝石项链
Ruby Necklace of Toughness,坚韧之红宝石项链
Ruby Necklace of Willpower,意志之红宝石项链
Skull Necklace of Agility,敏捷之颅骨项链
Skull Necklace of Athletics,运动之颅骨项链
Skull Necklace of Awareness,察觉之颅骨项链
Skull Necklace of Crafting,制作之颅骨项链
Skull Necklace of Defence,防御之颅骨项链
Skull Necklace of Diplomacy,交涉之颅骨项链
Skull Necklace of Fortitude,体质之颅骨项链
Skull Necklace of Healing,医疗之颅骨项链
Skull Necklace of Celerity,迅捷之颅骨项链
Skull Necklace of Intellect,智力之颅骨项链
Skull Necklace of Lore,学识之颅骨项链
Skull Necklace of Presence,感知之颅骨项链
Skull Necklace of Stealth,潜行之颅骨项链
Skull Necklace of Strength,力量之颅骨项链
Skull Necklace of Survival,生存之颅骨项链
Skull Necklace of Thievery,偷窃之颅骨项链
Skull Necklace of Toughness,坚韧之颅骨项链
Skull Necklace of Willpower,意志之颅骨项链
Amethyst Ring of Agility,敏捷之紫水晶戒指
Amethyst Ring of Athletics,运动之紫水晶戒指
Amethyst Ring of Awareness,察觉之紫水晶戒指
Amethyst Ring of Crafting,制作之紫水晶戒指
Amethyst Ring of Defence,防御之紫水晶戒指
Amethyst Ring of Diplomacy,交涉之紫水晶戒指
Amethyst Ring of Fortitude,体质之紫水晶戒指
Amethyst Ring of Healing,医疗之紫水晶戒指
Amethyst Ring of Celerity,迅捷之紫水晶戒指
Amethyst Ring of Lore,学识之紫水晶戒指
Amethyst Ring of Presence,感知之紫水晶戒指
Amethyst Ring of Stealth,潜行之紫水晶戒指
Amethyst Ring of Strength,力量之紫水晶戒指
Amethyst Ring of Survival,生存之紫水晶戒指
Amethyst Ring of Thievery,偷窃之紫水晶戒指
Amethyst Ring of Toughness,坚韧之紫水晶戒指
Amethyst Ring of Willpower,意志之紫水晶戒指
Aquamarine Ring of Agility,敏捷之海蓝宝石戒指
Aquamarine Ring of Athletics,运动之海蓝宝石戒指
Aquamarine Ring of Awareness,察觉之海蓝宝石戒指
Aquamarine Ring of Crafting,制作之海蓝宝石戒指
Aquamarine Ring of Defence,防御之海蓝宝石戒指
Aquamarine Ring of Diplomacy,交涉之海蓝宝石戒指
Aquamarine Ring of Fortitude,体质之海蓝宝石戒指
Aquamarine Ring of Healing,医疗之海蓝宝石戒指
Aquamarine Ring of Celerity,迅捷之海蓝宝石戒指
Aquamarine Ring of Lore,学识之海蓝宝石戒指
Aquamarine Ring of Presence,感知之海蓝宝石戒指
Aquamarine Ring of Speed,速度之海蓝宝石戒指
Aquamarine Ring of Stealth,潜行之海蓝宝石戒指
Aquamarine Ring of Strength,力量之海蓝宝石戒指
Aquamarine Ring of Survival,生存之海蓝宝石戒指
Aquamarine Ring of Thievery,偷窃之海蓝宝石戒指
Aquamarine Ring of Toughness,坚韧之海蓝宝石戒指
Aquamarine Ring of Willpower,意志之海蓝宝石戒指
Arboreal Ring of Athletics,运动之林木戒指
Arboreal Ring of Agility,敏捷之林木戒指
Arboreal Ring of Awareness,察觉之林木戒指
Arboreal Ring of Crafting,制作之林木戒指
Arboreal Ring of Defence,防御之林木戒指
Arboreal Ring of Diplomacy,交涉之林木戒指
Arboreal Ring of Fortitude,体质之林木戒指
Arboreal Ring of Healing,医疗之林木戒指
Arboreal Ring of the Hero,英雄之林木戒指
Arboreal Ring of Celerity,迅捷之林木戒指
Arboreal Ring of Intellect,智力之林木戒指
Arboreal Ring of Lore,学识之林木戒指
Arboreal Ring of Presence,感知之林木戒指
Arboreal Ring of Protection,保护之林木戒指
Arboreal Ring of Speed,速度之林木戒指
Arboreal Ring of Stealth,潜行之林木戒指
Arboreal Ring of Strength,力量之林木戒指
Arboreal Ring of Survival,生存之林木戒指
Arboreal Ring of Thievery,偷窃之林木戒指
Arboreal Ring of Toughness,坚韧之林木戒指
Arboreal Ring of Willpower,意志之林木戒指
Emerald Ring of Agility,敏捷之翡翠戒指
Emerald Ring of Athletics,运动之翡翠戒指
Emerald Ring of Awareness,察觉之翡翠戒指
Emerald Ring of Crafting,制作之翡翠戒指
Emerald Ring of Defence,防御之翡翠戒指
Emerald Ring of Diplomacy,交涉之翡翠戒指
Emerald Ring of Fortitude,体质之翡翠戒指
Emerald Ring of Healing,医疗之翡翠戒指
Emerald Ring of Celerity,迅捷之翡翠戒指
Emerald Ring of Lore,学识之翡翠戒指
Emerald Ring of Presence,感知之翡翠戒指
Emerald Ring of Stealth,潜行之翡翠戒指
Emerald Ring of Strength,力量之翡翠戒指
Emerald Ring of Survival,生存之翡翠戒指
Emerald Ring of Thievery,偷窃之翡翠戒指
Emerald Ring of Toughness,坚韧之翡翠戒指
Emerald Ring of Willpower,意志之翡翠戒指
Fire Opal Ring of Agility,敏捷之火欧泊戒指
Fire Opal Ring of Athletics,运动之火欧泊戒指
Fire Opal Ring of Awareness,察觉之火欧泊戒指
Fire Opal Ring of Crafting,制作之火欧泊戒指
Fire Opal Ring of Defence,防御之火欧泊戒指
Fire Opal Ring of Diplomacy,交涉之火欧泊戒指
Fire Opal Ring of Fortitude,体质之火欧泊戒指
Fire Opal Ring of Healing,医疗之火欧泊戒指
Fire Opal Ring of Celerity,迅捷之火欧泊戒指
Fire Opal Ring of Lore,学识之火欧泊戒指
Fire Opal Ring of Presence,感知之火欧泊戒指
Fire Opal Ring of Stealth,潜行之火欧泊戒指
Fire Opal Ring of Strength,力量之火欧泊戒指
Fire Opal Ring of Survival,生存之火欧泊戒指
Fire Opal Ring of Thievery,偷窃之火欧泊戒指
Fire Opal Ring of Toughness,坚韧之火欧泊戒指
Fire Opal Ring of Willpower,意志之火欧泊戒指
Flowgold Ring of Agility,敏捷之流金戒指
Flowgold Ring of Athletics,运动之流金戒指
Flowgold Ring of Awareness,察觉之流金戒指
Flowgold Ring of Crafting,制作之流金戒指
Flowgold Ring of Defence,防御之流金戒指
Flowgold Ring of Diplomacy,交涉之流金戒指
Flowgold Ring of Fortitude,体质之流金戒指
Flowgold Ring of Healing,医疗之流金戒指
Flowgold Ring of Celerity,迅捷之流金戒指
Flowgold Ring of Lore,学识之流金戒指
Flowgold Ring of Presence,感知之流金戒指
Flowgold Ring of Speed,速度之流金戒指
Flowgold Ring of Stealth,潜行之流金戒指
Flowgold Ring of Strength,力量之流金戒指
Flowgold Ring of Survival,生存之流金戒指
Flowgold Ring of Thievery,偷窃之流金戒指
Flowgold Ring of Toughness,坚韧之流金戒指
Flowgold Ring of Willpower,意志之流金戒指
Frater's Ring of Agility,敏捷之弗拉特之戒
Frater's Ring of Athletics,运动之弗拉特之戒
Frater's Ring of Awareness,察觉之弗拉特之戒
Frater's Ring of Crafting,制作之弗拉特之戒
Frater's Ring of Defence,防御之弗拉特之戒
Frater's Ring of Diplomacy,交涉之弗拉特之戒
Frater's Ring of Fortitude,体质之弗拉特之戒
Frater's Ring of Healing,医疗之弗拉特之戒
Frater's Ring of Celerity,迅捷之弗拉特之戒
Frater's Ring of Lore,学识之弗拉特之戒
Frater's Ring of Presence,感知之弗拉特之戒
Frater's Ring of Speed,速度之弗拉特之戒
Frater's Ring of Stealth,潜行之弗拉特之戒
Frater's Ring of Strength,力量之弗拉特之戒
Frater's Ring of Survival,生存之弗拉特之戒
Frater's Ring of Thievery,偷窃之弗拉特之戒
Frater's Ring of Toughness,坚韧之弗拉特之戒
Frater's Ring of Willpower,意志之弗拉特之戒
Genesis Ring of Athletics,运动之创世之戒
Genesis Ring of Agility,敏捷之创世之戒
Genesis Ring of Awareness,察觉之创世之戒
Genesis Ring of Crafting,制作之创世之戒
Genesis Ring of Defence,防御之创世之戒
Genesis Ring of Diplomacy,交涉之创世之戒
Genesis Ring of Fortitude,体质之创世之戒
Genesis Ring of Healing,医疗之创世之戒
Genesis Ring of the Hero,英雄之创世之戒
Genesis Ring of Celerity,迅捷之创世之戒
Genesis Ring of Intellect,智力之创世之戒
Genesis Ring of Lore,学识之创世之戒
Genesis Ring of Presence,感知之创世之戒
Genesis Ring of Protection,保护之创世之戒
Genesis Ring of Speed,速度之创世之戒
Genesis Ring of Stealth,潜行之创世之戒
Genesis Ring of Strength,力量之创世之戒
Genesis Ring of Survival,生存之创世之戒
Genesis Ring of Thievery,偷窃之创世之戒
Genesis Ring of Toughness,坚韧之创世之戒
Genesis Ring of Willpower,意志之创世之戒
Green Sapphire Ring of Agility,敏捷之绿宝石戒指
Green Sapphire Ring of Athletics,运动之绿宝石戒指
Green Sapphire Ring of Awareness,察觉之绿宝石戒指
Green Sapphire Ring of Crafting,制作之绿宝石戒指
Green Sapphire Ring of Defence,防御之绿宝石戒指
Green Sapphire Ring of Diplomacy,交涉之绿宝石戒指
Green Sapphire Ring of Fortitude,体质之绿宝石戒指
Green Sapphire Ring of Healing,医疗之绿宝石戒指
Green Sapphire Ring of Celerity,迅捷之绿宝石戒指
Green Sapphire Ring of Lore,学识之绿宝石戒指
Green Sapphire Ring of Presence,感知之绿宝石戒指
Green Sapphire Ring of Speed,速度之绿宝石戒指
Green Sapphire Ring of Stealth,潜行之绿宝石戒指
Green Sapphire Ring of Strength,力量之绿宝石戒指
Green Sapphire Ring of Survival,生存之绿宝石戒指
Green Sapphire Ring of Thievery,偷窃之绿宝石戒指
Green Sapphire Ring of Toughness,坚韧之绿宝石戒指
Green Sapphire Ring of Willpower,意志之绿宝石戒指
Lapis Ring of Agility,敏捷之青金石戒指
Lapis Ring of Athletics,运动之青金石戒指
Lapis Ring of Awareness,察觉之青金石戒指
Lapis Ring of Crafting,制作之青金石戒指
Lapis Ring of Defence,防御之青金石戒指
Lapis Ring of Diplomacy,交涉之青金石戒指
Lapis Ring of Fortitude,体质之青金石戒指
Lapis Ring of Healing,医疗之青金石戒指
Lapis Ring of Celerity,迅捷之青金石戒指
Lapis Ring of Lore,学识之青金石戒指
Lapis Ring of Presence,感知之青金石戒指
Lapis Ring of Speed,速度之青金石戒指
Lapis Ring of Stealth,潜行之青金石戒指
Lapis Ring of Strength,力量之青金石戒指
Lapis Ring of Survival,生存之青金石戒指
Lapis Ring of Thievery,偷窃之青金石戒指
Lapis Ring of Toughness,坚韧之青金石戒指
Lapis Ring of Willpower,意志之青金石戒指
Lupercal Ring of Athletics,运动之卢佩卡尔戒指
Lupercal Ring of Agility,敏捷之卢佩卡尔戒指
Lupercal Ring of Awareness,察觉之卢佩卡尔戒指
Lupercal Ring of Crafting,制作之卢佩卡尔戒指
Lupercal Ring of Defence,防御之卢佩卡尔戒指
Lupercal Ring of Diplomacy,交涉之卢佩卡尔戒指
Lupercal Ring of Fortitude,体质之卢佩卡尔戒指
Lupercal Ring of Healing,医疗之卢佩卡尔戒指
Lupercal Ring of the Hero,英雄之卢佩卡尔戒指
Lupercal Ring of Celerity,迅捷之卢佩卡尔戒指
Lupercal Ring of Intellect,智力之卢佩卡尔戒指
Lupercal Ring of Lore,学识之卢佩卡尔戒指
Lupercal Ring of Presence,感知之卢佩卡尔戒指
Lupercal Ring of Protection,保护之卢佩卡尔戒指
Lupercal Ring of Speed,速度之卢佩卡尔戒指
Lupercal Ring of Stealth,潜行之卢佩卡尔戒指
Lupercal Ring of Strength,力量之卢佩卡尔戒指
Lupercal Ring of Survival,生存之卢佩卡尔戒指
Lupercal Ring of Thievery,偷窃之卢佩卡尔戒指
Lupercal Ring of Toughness,坚韧之卢佩卡尔戒指
Lupercal Ring of Willpower,意志之卢佩卡尔戒指
Primordial Ring of Athletics,运动之原初之戒
Primordial Ring of Agility,敏捷之原初之戒
Primordial Ring of Awareness,察觉之原初之戒
Primordial Ring of Crafting,制作之原初之戒
Primordial Ring of Defence,防御之原初之戒
Primordial Ring of Diplomacy,交涉之原初之戒
Primordial Ring of Fortitude,体质之原初之戒
Primordial Ring of Healing,医疗之原初之戒
Primordial Ring of the Hero,英雄之原初之戒
Primordial Ring of Celerity,迅捷之原初之戒
Primordial Ring of Intellect,智力之原初之戒
Primordial Ring of Lore,学识之原初之戒
Primordial Ring of Presence,感知之原初之戒
Primordial Ring of Protection,保护之原初之戒
Primordial Ring of Speed,速度之原初之戒
Primordial Ring of Stealth,潜行之原初之戒
Primordial Ring of Strength,力量之原初之戒
Primordial Ring of Survival,生存之原初之戒
Primordial Ring of Thievery,偷窃之原初之戒
Primordial Ring of Toughness,坚韧之原初之戒
Primordial Ring of Willpower,意志之原初之戒
Ruby Ring of Agility,敏捷之红宝石戒指
Ruby Ring of Athletics,运动之红宝石戒指
Ruby Ring of Awareness,察觉之红宝石戒指
Ruby Ring of Crafting,制作之红宝石戒指
Ruby Ring of Defence,防御之红宝石戒指
Ruby Ring of Diplomacy,交涉之红宝石戒指
Ruby Ring of Fortitude,体质之红宝石戒指
Ruby Ring of Healing,医疗之红宝石戒指
Ruby Ring of Celerity,迅捷之红宝石戒指
Ruby Ring of Lore,学识之红宝石戒指
Ruby Ring of Presence,感知之红宝石戒指
Ruby Ring of Stealth,潜行之红宝石戒指
Ruby Ring of Strength,力量之红宝石戒指
Ruby Ring of Survival,生存之红宝石戒指
Ruby Ring of Thievery,偷窃之红宝石戒指
Ruby Ring of Toughness,坚韧之红宝石戒指
Ruby Ring of Willpower,意志之红宝石戒指
Sepulchite's Ring of Agility,敏捷之墓祀教团之戒
Sepulchite's Ring of Athletics,运动之墓祀教团之戒
Sepulchite's Ring of Awareness,察觉之墓祀教团之戒
Sepulchite's Ring of Crafting,制作之墓祀教团之戒
Sepulchite's Ring of Defence,防御之墓祀教团之戒
Sepulchite's Ring of Diplomacy,交涉之墓祀教团之戒
Sepulchite's Ring of Fortitude,体质之墓祀教团之戒
Sepulchite's Ring of Healing,医疗之墓祀教团之戒
Sepulchite's Ring of Celerity,迅捷之墓祀教团之戒
Sepulchite's Ring of Lore,学识之墓祀教团之戒
Sepulchite's Ring of Presence,感知之墓祀教团之戒
Sepulchite's Ring of Speed,速度之墓祀教团之戒
Sepulchite's Ring of Stealth,潜行之墓祀教团之戒
Sepulchite's Ring of Strength,力量之墓祀教团之戒
Sepulchite's Ring of Survival,生存之墓祀教团之戒
Sepulchite's Ring of Thievery,偷窃之墓祀教团之戒
Sepulchite's Ring of Toughness,坚韧之墓祀教团之戒
Sepulchite's Ring of Willpower,意志之墓祀教团之戒
Serpent Ring of Agility,敏捷之蛇形戒指
Serpent Ring of Athletics,运动之蛇形戒指
Serpent Ring of Awareness,察觉之蛇形戒指
Serpent Ring of Crafting,制作之蛇形戒指
Serpent Ring of Defence,防御之蛇形戒指
Serpent Ring of Diplomacy,交涉之蛇形戒指
Serpent Ring of Fortitude,体质之蛇形戒指
Serpent Ring of Healing,医疗之蛇形戒指
Serpent Ring of Celerity,迅捷之蛇形戒指
Serpent Ring of Lore,学识之蛇形戒指
Serpent Ring of Presence,感知之蛇形戒指
Serpent Ring of Stealth,潜行之蛇形戒指
Serpent Ring of Strength,力量之蛇形戒指
Serpent Ring of Survival,生存之蛇形戒指
Serpent Ring of Thievery,偷窃之蛇形戒指
Serpent Ring of Toughness,坚韧之蛇形戒指
Serpent Ring of Willpower,意志之蛇形戒指
Skull Ring of Agility,敏捷之颅骨戒指
Skull Ring of Athletics,运动之颅骨戒指
Skull Ring of Awareness,察觉之颅骨戒指
Skull Ring of Crafting,制作之颅骨戒指
Skull Ring of Defence,防御之颅骨戒指
Skull Ring of Diplomacy,交涉之颅骨戒指
Skull Ring of Fortitude,体质之颅骨戒指
Skull Ring of Healing,医疗之颅骨戒指
Skull Ring of Celerity,迅捷之颅骨戒指
Skull Ring of Lore,学识之颅骨戒指
Skull Ring of Presence,感知之颅骨戒指
Skull Ring of Stealth,潜行之颅骨戒指
Skull Ring of Strength,力量之颅骨戒指
Skull Ring of Survival,生存之颅骨戒指
Skull Ring of Thievery,偷窃之颅骨戒指
Skull Ring of Toughness,坚韧之颅骨戒指
Skull Ring of Willpower,意志之颅骨戒指
Sunstone Ring of Agility,敏捷之日长石戒指
Sunstone Ring of Athletics,运动之日长石戒指
Sunstone Ring of Awareness,察觉之日长石戒指
Sunstone Ring of Crafting,制作之日长石戒指
Sunstone Ring of Defence,防御之日长石戒指
Sunstone Ring of Diplomacy,交涉之日长石戒指
Sunstone Ring of Fortitude,体质之日长石戒指
Sunstone Ring of Healing,医疗之日长石戒指
Sunstone Ring of Celerity,迅捷之日长石戒指
Sunstone Ring of Lore,学识之日长石戒指
Sunstone Ring of Presence,感知之日长石戒指
Sunstone Ring of Speed,速度之日长石戒指
Sunstone Ring of Stealth,潜行之日长石戒指
Sunstone Ring of Strength,力量之日长石戒指
Sunstone Ring of Survival,生存之日长石戒指
Sunstone Ring of Thievery,偷窃之日长石戒指
Sunstone Ring of Toughness,坚韧之日长石戒指
Sunstone Ring of Willpower,意志之日长石戒指
Tempest Ring of Athletics,运动之风暴之戒
Tempest Ring of Agility,敏捷之风暴之戒
Tempest Ring of Awareness,察觉之风暴之戒
Tempest Ring of Crafting,制作之风暴之戒
Tempest Ring of Defence,防御之风暴之戒
Tempest Ring of Diplomacy,交涉之风暴之戒
Tempest Ring of Fortitude,体质之风暴之戒
Tempest Ring of Healing,医疗之风暴之戒
Tempest Ring of the Hero,英雄之风暴之戒
Tempest Ring of Celerity,迅捷之风暴之戒
Tempest Ring of Intellect,智力之风暴之戒
Tempest Ring of Lore,学识之风暴之戒
Tempest Ring of Presence,感知之风暴之戒
Tempest Ring of Protection,保护之风暴之戒
Tempest Ring of Speed,速度之风暴之戒
Tempest Ring of Stealth,潜行之风暴之戒
Tempest Ring of Strength,力量之风暴之戒
Tempest Ring of Survival,生存之风暴之戒
Tempest Ring of Thievery,偷窃之风暴之戒
Tempest Ring of Toughness,坚韧之风暴之戒
Tempest Ring of Willpower,意志之风暴之戒
Topaz Ring of Agility,敏捷之黄玉戒指
Topaz Ring of Athletics,运动之黄玉戒指
Topaz Ring of Awareness,察觉之黄玉戒指
Topaz Ring of Crafting,制作之黄玉戒指
Topaz Ring of Defence,防御之黄玉戒指
Topaz Ring of Diplomacy,交涉之黄玉戒指
Topaz Ring of Fortitude,体质之黄玉戒指
Topaz Ring of Healing,医疗之黄玉戒指
Topaz Ring of Celerity,迅捷之黄玉戒指
Topaz Ring of Lore,学识之黄玉戒指
Topaz Ring of Presence,感知之黄玉戒指
Topaz Ring of Stealth,潜行之黄玉戒指
Topaz Ring of Strength,力量之黄玉戒指
Topaz Ring of Survival,生存之黄玉戒指
Topaz Ring of Thievery,偷窃之黄玉戒指
Topaz Ring of Toughness,坚韧之黄玉戒指
Topaz Ring of Willpower,意志之黄玉戒指
Wavestrider Ring of Athletics,运动之踏浪者之戒
Wavestrider Ring of Agility,敏捷之踏浪者之戒
Wavestrider Ring of Awareness,察觉之踏浪者之戒
Wavestrider Ring of Crafting,制作之踏浪者之戒
Wavestrider Ring of Defence,防御之踏浪者之戒
Wavestrider Ring of Diplomacy,交涉之踏浪者之戒
Wavestrider Ring of Fortitude,体质之踏浪者之戒
Wavestrider Ring of Healing,医疗之踏浪者之戒
Wavestrider Ring of the Hero,英雄之踏浪者之戒
Wavestrider Ring of Celerity,迅捷之踏浪者之戒
Wavestrider Ring of Intellect,智力之踏浪者之戒
Wavestrider Ring of Lore,学识之踏浪者之戒
Wavestrider Ring of Presence,感知之踏浪者之戒
Wavestrider Ring of Protection,保护之踏浪者之戒
Wavestrider Ring of Speed,速度之踏浪者之戒
Wavestrider Ring of Stealth,潜行之踏浪者之戒
Wavestrider Ring of Strength,力量之踏浪者之戒
Wavestrider Ring of Survival,生存之踏浪者之戒
Wavestrider Ring of Thievery,偷窃之踏浪者之戒
Wavestrider Ring of Toughness,坚韧之踏浪者之戒
Wavestrider Ring of Willpower,意志之踏浪者之戒
#Enchantments - Weapons,#附魔 - 武器
Accurate Fine Broadsword,精准精良阔剑
Fine Broadsword of Greater Accuracy,精良阔剑之强效命中
Fine Broadsword of Defence,精良阔剑之防御
Keen Fine Broadsword,敏锐精良阔剑
Savage Fine Broadsword,凶残精良阔剑
Accurate Fine Club,精准精良棍棒
Fine Club of Greater Accuracy,精良棍棒之强效命中
Fine Club of Defence,精良棍棒之防御
Keen Fine Club,敏锐精良棍棒
Savage Fine Club,凶残精良棍棒
Fine Cutlass of Celerity,精良弯刀之迅捷
Accurate Fine Cutlass,精准精良弯刀
Fine Cutlass of Greater Accuracy,精良弯刀之强效命中
Fine Cutlass of Defence,精良弯刀之防御
Keen Fine Cutlass,敏锐精良弯刀
Savage Fine Cutlass,凶残精良弯刀
Fine Dagger of Celerity,精良匕首之迅捷
Accurate Fine Dagger,精准精良匕首
Fine Dagger of Greater Accuracy,精良匕首之强效命中
Fine Dagger of Defence,精良匕首之防御
Keen Fine Dagger,敏锐精良匕首
Savage Fine Dagger,凶残精良匕首
Fine Greataxe of Celerity,精良巨斧之迅捷
Accurate Fine Greataxe,精准精良巨斧
Fine Greataxe of Greater Accuracy,精良巨斧之强效命中
Fine Greataxe of Defence,精良巨斧之防御
Keen Fine Greataxe,敏锐精良巨斧
Savage Fine Greataxe,凶残精良巨斧
Fine Greathammer of Celerity,精良巨锤之迅捷
Accurate Fine Greathammer,精准精良巨锤
Fine Greathammer of Greater Accuracy,精良巨锤之强效命中
Fine Greathammer of Defence,精良巨锤之防御
Keen Fine Greathammer,敏锐精良巨锤
Savage Fine Greathammer,凶残精良巨锤
Fine Handaxe of Celerity,精良手斧之迅捷
Accurate Fine Handaxe,精准精良手斧
Fine Handaxe of Greater Accuracy,精良手斧之强效命中
Fine Handaxe of Defence,精良手斧之防御
Keen Fine Handaxe,敏锐精良手斧
Savage Fine Handaxe,凶残精良手斧
Fine longsword of Celerity,精良长剑之迅捷
Accurate Fine longsword,精准精良长剑
Fine longsword of Greater Accuracy,精良长剑之强效命中
Fine longsword of Defence,精良长剑之防御
Keen Fine longsword,敏锐精良长剑
Savage Fine longsword,凶残精良长剑
Fine Mace of Celerity,精良钉锤之迅捷
Accurate Fine Mace,精准精良钉锤
Fine Mace of Greater Accuracy,精良钉锤之强效命中
Fine Mace of Defence,精良钉锤之防御
Keen Fine Mace,敏锐精良钉锤
Savage Fine Mace,凶残精良钉锤
Fine Rapier of Celerity,精良刺剑之迅捷
Accurate Fine Rapier,精准精良刺剑
Fine Rapier of Greater Accuracy,精良刺剑之强效命中
Fine Rapier of Defence,精良刺剑之防御
Keen Fine Rapier,敏锐精良刺剑
Savage Fine Rapier,凶残精良刺剑
Fine Scimitar of Celerity,精良弯刀之迅捷
Accurate Fine Scimitar,精准精良弯刀
Fine Scimitar of Greater Accuracy,精良弯刀之强效命中
Fine Scimitar of Defence,精良弯刀之防御
Keen Fine Scimitar,敏锐精良弯刀
Savage Fine Scimitar,凶残精良弯刀
Fine Shortsword of Celerity,精良短剑之迅捷
Accurate Fine Shortsword,精准精良短剑
Fine Shortsword of Greater Accuracy,精良短剑之强效命中
Fine Shortsword of Defence,精良短剑之防御
Keen Fine Shortsword,敏锐精良短剑
Savage Fine Shortsword,凶残精良短剑
Fine Two-hander of Celerity,精良双手武器之迅捷
Accurate Fine Two-hander,精准精良双手武器
Fine Two-hander of Greater Accuracy,精良双手武器之强效命中
Fine Two-hander of Defence,精良双手武器之防御
Keen Fine Two-hander,敏锐精良双手武器
Savage Fine Two-hander,凶残精良双手武器
Fine Waraxe of Celerity,精良战斧之迅捷
Accurate Fine Waraxe,精准精良战斧
Fine Waraxe of Greater Accuracy,精良战斧之强效命中
Fine Waraxe of Defence,精良战斧之防御
Keen Fine Waraxe,敏锐精良战斧
Savage Fine Waraxe,凶残精良战斧
Fine Warhammer of Celerity,精良战锤之迅捷
Accurate Fine Warhammer,精准精良战锤
Fine Warhammer of Greater Accuracy,精良战锤之强效命中
Fine Warhammer of Defence,精良战锤之防御
Keen Fine Warhammer,敏锐精良战锤
Savage Fine Warhammer,凶残精良战锤
Accurate Masterwork Broadsword,精准精工阔剑
Masterwork Broadsword of Greater Accuracy,精工阔剑之强效命中
Masterwork Broadsword of the Master,精工阔剑之大师
Masterwork Broadsword of Acid,精工阔剑之强酸
Masterwork Broadsword of Defence,精工阔剑之防御
Masterwork Broadsword of Fire,精工阔剑之火焰
Masterwork Broadsword of Frost,精工阔剑之冰霜
Masterwork Broadsword of the Grand-master,精工阔剑之大宗师
Keen Masterwork Broadsword,敏锐精工阔剑
Savage Masterwork Broadsword,凶残精工阔剑
Masterwork Broadsword of Lightning,精工阔剑之闪电
Accurate Masterwork Club,精准精工棍棒
Masterwork Club of Greater Accuracy,精工棍棒之强效命中
Masterwork Club of the Master,精工棍棒之大师
Masterwork Club of Acid,精工棍棒之强酸
Masterwork Club of Defence,精工棍棒之防御
Masterwork Club of Fire,精工棍棒之火焰
Masterwork Club of Frost,精工棍棒之冰霜
Masterwork Club of the Grand-master,精工棍棒之大宗师
Keen Masterwork Club,敏锐精工棍棒
Savage Masterwork Club,凶残精工棍棒
Masterwork Club of Lightning,精工棍棒之闪电
Masterwork Cutlass of Celerity,精工弯刀之迅捷
Masterwork Cutlass of Speed,精工弯刀之速度
Accurate Masterwork Cutlass,精准精工弯刀
Masterwork Cutlass of Greater Accuracy,精工弯刀之强效命中
Masterwork Cutlass of the Master,精工弯刀之大师
Masterwork Cutlass of Acid,精工弯刀之强酸
Masterwork Cutlass of Defence,精工弯刀之防御
Masterwork Cutlass of Fire,精工弯刀之火焰
Masterwork Cutlass of Frost,精工弯刀之冰霜
Masterwork Cutlass of the Grand-master,精工弯刀之大宗师
Keen Masterwork Cutlass,敏锐精工弯刀
Savage Masterwork Cutlass,凶残精工弯刀
Masterwork Cutlass of Lightning,精工弯刀之闪电
Masterwork Dagger of Celerity,精工匕首之迅捷
Masterwork Dagger of Speed,精工匕首之速度
Accurate Masterwork Dagger,精准精工匕首
Masterwork Dagger of Greater Accuracy,精工匕首之强效命中
Masterwork Dagger of the Master,精工匕首之大师
Masterwork Dagger of Acid,精工匕首之强酸
Masterwork Dagger of Defence,精工匕首之防御
Masterwork Dagger of Fire,精工匕首之火焰
Masterwork Dagger of Frost,精工匕首之冰霜
Masterwork Dagger of the Grand-master,精工匕首之大宗师
Keen Masterwork Dagger,敏锐精工匕首
Savage Masterwork Dagger,凶残精工匕首
Masterwork Dagger of Lightning,精工匕首之闪电
Masterwork Greataxe of Celerity,精工巨斧之迅捷
Masterwork Greataxe of Speed,精工巨斧之速度
Accurate Masterwork Greataxe,精准精工巨斧
Masterwork Greataxe of Greater Accuracy,精工巨斧之强效命中
Masterwork Greataxe of the Master,精工巨斧之大师
Masterwork Greataxe of Acid,精工巨斧之强酸
Masterwork Greataxe of Defence,精工巨斧之防御
Masterwork Greataxe of Fire,精工巨斧之火焰
Masterwork Greataxe of Frost,精工巨斧之冰霜
Masterwork Greataxe of the Grand-master,精工巨斧之大宗师
Keen Masterwork Greataxe,敏锐精工巨斧
Savage Masterwork Greataxe,凶残精工巨斧
Masterwork Greataxe of Lightning,精工巨斧之闪电
Masterwork Greathammer of Celerity,精工巨锤之迅捷
Masterwork Greathammer of Speed,精工巨锤之速度
Accurate Masterwork Greathammer,精准精工巨锤
Masterwork Greathammer of Greater Accuracy,精工巨锤之强效命中
Masterwork Greathammer of the Master,精工巨锤之大师
Masterwork Greathammer of Acid,精工巨锤之强酸
Masterwork Greathammer of Defence,精工巨锤之防御
Masterwork Greathammer of Fire,精工巨锤之火焰
Masterwork Greathammer of Frost,精工巨锤之冰霜
Masterwork Greathammer of the Grand-master,精工巨锤之大宗师
Keen Masterwork Greathammer,敏锐精工巨锤
Savage Masterwork Greathammer,凶残精工巨锤
Masterwork Greathammer of Lightning,精工巨锤之闪电
Masterwork Handaxe of Celerity,精工手斧之迅捷
Masterwork Handaxe of Speed,精工手斧之速度
Accurate Masterwork Handaxe,精准精工手斧
Masterwork Handaxe of Greater Accuracy,精工手斧之强效命中
Masterwork Handaxe of the Master,精工手斧之大师
Masterwork Handaxe of Acid,精工手斧之强酸
Masterwork Handaxe of Defence,精工手斧之防御
Masterwork Handaxe of Fire,精工手斧之火焰
Masterwork Handaxe of Frost,精工手斧之冰霜
Masterwork Handaxe of the Grand-master,精工手斧之大宗师
Keen Masterwork Handaxe,敏锐精工手斧
Savage Masterwork Handaxe,凶残精工手斧
Masterwork Handaxe of Lightning,精工手斧之闪电
Masterwork Longsword of Celerity,精工长剑之迅捷
Masterwork Longsword of Speed,精工长剑之速度
Accurate Masterwork Longsword,精准精工长剑
Masterwork Longsword of Greater Accuracy,精工长剑之强效命中
Masterwork Longsword of the Master,精工长剑之大师
Masterwork Longsword of Acid,精工长剑之强酸
Masterwork Longsword of Defence,精工长剑之防御
Masterwork Longsword of Fire,精工长剑之火焰
Masterwork Longsword of Frost,精工长剑之冰霜
Masterwork Longsword of the Grand-master,精工长剑之大宗师
Keen Masterwork Longsword,敏锐精工长剑
Savage Masterwork Longsword,凶残精工长剑
Masterwork Longsword of Lightning,精工长剑之闪电
Masterwork Mace of Celerity,精工钉锤之迅捷
Masterwork Mace of Speed,精工钉锤之速度
Accurate Masterwork Mace,精准精工钉锤
Masterwork Mace of Greater Accuracy,精工钉锤之强效命中
Masterwork Mace of the Master,精工钉锤之大师
Masterwork Mace of Acid,精工钉锤之强酸
Masterwork Mace of Defence,精工钉锤之防御
Masterwork Mace of Fire,精工钉锤之火焰
Masterwork Mace of Frost,精工钉锤之冰霜
Masterwork Mace of the Grand-Master,精工钉锤之大宗师
Keen Masterwork Mace,敏锐精工钉锤
Savage Masterwork Mace,凶残精工钉锤
Masterwork Mace of Lightning,精工钉锤之闪电
Masterwork Rapier of Celerity,精工细剑之迅捷
Masterwork Rapier of Speed,精工细剑之速度
Accurate Masterwork Rapier,精准精工细剑
Masterwork Rapier of Greater Accuracy,精工细剑之强效命中
Masterwork Rapier of the Master,精工细剑之大师
Masterwork Rapier of Acid,精工细剑之强酸
Masterwork Rapier of Defence,精工细剑之防御
Masterwork Rapier of Fire,精工细剑之火焰
Masterwork Rapier of Frost,精工细剑之冰霜
Masterwork Rapier of the Grand-master,精工细剑之大宗师
Keen Masterwork Rapier,敏锐精工细剑
Savage Masterwork Rapier,凶残精工细剑
Masterwork Rapier of Lightning,精工细剑之闪电
Masterwork Scimitar of Celerity,精工弯刀之迅捷
Masterwork Scimitar of Speed,精工弯刀之速度
Accurate Masterwork Scimitar,精准精工弯刀
Masterwork Scimitar of Greater Accuracy,精工弯刀之强效命中
Masterwork Scimitar of the Master,精工弯刀之大师
Masterwork Scimitar of Acid,精工弯刀之强酸
Masterwork Scimitar of Defence,精工弯刀之防御
Masterwork Scimitar of Fire,精工弯刀之火焰
Masterwork Scimitar of Frost,精工弯刀之冰霜
Masterwork Scimitar of the Grand-master,精工弯刀之大宗师
Keen Masterwork Scimitar,敏锐精工弯刀
Savage Masterwork Scimitar,凶残精工弯刀
Masterwork Scimitar of Lightning,精工弯刀之闪电
Masterwork Shortsword of Celerity,精工短剑之迅捷
Masterwork Shortsword of Speed,精工短剑之速度
Accurate Masterwork Shortsword,精准精工短剑
Masterwork Shortsword of Greater Accuracy,精工短剑之强效命中
Masterwork Shortsword of the Master,精工短剑之大师
Masterwork Shortsword of Acid,精工短剑之强酸
Masterwork Shortsword of Defence,精工短剑之防御
Masterwork Shortsword of Fire,精工短剑之火焰
Masterwork Shortsword of Frost,精工短剑之冰霜
Masterwork Shortsword of the Grand-master,精工短剑之大宗师
Keen Masterwork Shortsword,敏锐精工短剑
Savage Masterwork Shortsword,凶残精工短剑
Masterwork Shortsword of Lightning,精工短剑之闪电
Masterwork Two-Hander of Celerity,精工双手武器之迅捷
Masterwork Two-Hander of Speed,精工双手武器之速度
Accurate Masterwork Two-Hander,精准精工双手武器
Masterwork Two-Hander of Greater Accuracy,精工双手武器之强效命中
Masterwork Two-Hander of the Master,精工双手武器之大师
Masterwork Two-Hander of Acid,精工双手武器之强酸
Masterwork Two-Hander of Defence,精工双手武器之防御
Masterwork Two-Hander of Fire,精工双手武器之火焰
Masterwork Two-Hander of Frost,精工双手武器之冰霜
Masterwork Two-Hander of the Grand-master,精工双手武器之大宗师
Keen Masterwork Two-Hander,敏锐精工双手武器
Savage Masterwork Two-Hander,凶残精工双手武器
Masterwork Two-Hander of Lightning,精工双手武器之闪电
Masterwork Waraxe of Celerity,精工战斧之迅捷
Masterwork Waraxe of Speed,精工战斧之速度
Accurate Masterwork Waraxe,精准精工战斧
Masterwork Waraxe of Greater Accuracy,精工战斧之强效命中
Masterwork Waraxe of the Master,精工战斧之大师
Masterwork Waraxe of Acid,精工战斧之强酸
Masterwork Waraxe of Defence,精工战斧之防御
Masterwork Waraxe of Fire,精工战斧之火焰
Masterwork Waraxe of Frost,精工战斧之冰霜
Masterwork Waraxe of the Grand-master,精工战斧之大宗师
Keen Masterwork Waraxe,敏锐精工战斧
Savage Masterwork Waraxe,凶残精工战斧
Masterwork Waraxe of Lightning,精工战斧之闪电
Masterwork Warhammer of Celerity,精工战锤之迅捷
Masterwork Warhammer of Speed,精工战锤之速度
Accurate Masterwork Warhammer,精准精工战锤
Masterwork Warhammer of Greater Accuracy,精工战锤之强效命中
Masterwork Warhammer of the Master,精工战锤之大师
Masterwork Warhammer of Acid,精工战锤之强酸
Masterwork Warhammer of Defence,精工战锤之防御
Masterwork Warhammer of Fire,精工战锤之火焰
Masterwork Warhammer of Frost,精工战锤之冰霜
Masterwork Warhammer of the Grand-master,精工战锤之大宗师
Keen Masterwork Warhammer,敏锐精工战锤
Savage Masterwork Warhammer,凶残精工战锤
Masterwork Warhammer of Lightning,精工战锤之闪电
Fine Composite Bow of Celerity,精良复合弓之迅捷
Accurate Fine Composite Bow,精准精良复合弓
Fine Composite Bow of Greater Accuracy,精良复合弓之强效命中
Fine Composite Bow of Defence,精良复合弓之防御
Keen Fine Composite Bow,敏锐精良复合弓
Savage Fine Composite Bow,凶残精良复合弓
Fine Longbow of Celerity,精良长弓之迅捷
Fine Longbow of Speed,精良长弓之速度
Accurate Fine Longbow,精准精良长弓
Fine Longbow of Greater Accuracy,精良长弓之强效命中
Fine Longbow of Defence,精良长弓之防御
Keen Fine Longbow,敏锐精良长弓
Savage Fine Longbow,凶残精良长弓
Fine Shortbow of Celerity,精良短弓之迅捷
Accurate Fine Shortbow,精准精良短弓
Fine Shortbow of Greater Accuracy,精良短弓之强效命中
Fine Shortbow of Defence,精良短弓之防御
Keen Fine Shortbow,敏锐精良短弓
Savage Fine Shortbow,凶残精良短弓
Masterwork Composite Bow of Celerity,精工复合弓之迅捷
Masterwork Composite Bow of Speed,精工复合弓之速度
Accurate Masterwork Composite Bow,精准精工复合弓
Masterwork Composite Bow of Greater Accuracy,精工复合弓之强效命中
Masterwork Composite Bow of the Master,精工复合弓之大师
Masterwork Composite Bow of Acid,精工复合弓之强酸
Masterwork Composite Bow of Defence,精工复合弓之防御
Masterwork Composite Bow of Fire,精工复合弓之火焰
Masterwork Composite Bow of Frost,精工复合弓之冰霜
Masterwork Composite Bow of the Grand-master,精工复合弓之大宗师
Keen Masterwork Composite Bow,敏锐精工复合弓
Savage Masterwork Composite Bow,凶残精工复合弓
Masterwork Composite Bow of Lightning,精工复合弓之闪电
Masterwork Longbow of Celerity,精工长弓之迅捷
Masterwork Longbow of Speed,精工长弓之速度
Accurate Masterwork Longbow,精准精工长弓
Masterwork Longbow of Greater Accuracy,精工长弓之强效命中
Masterwork Longbow of the Master,精工长弓之大师
Masterwork Longbow of Acid,精工长弓之强酸
Masterwork Longbow of Defence,精工长弓之防御
Masterwork Longbow of Fire,精工长弓之火焰
Masterwork Longbow of Frost,精工长弓之冰霜
Masterwork Longbow of the Grand-master,精工长弓之大宗师
Keen Masterwork Longbow,敏锐精工长弓
Savage Masterwork Longbow,凶残精工长弓
Masterwork Longbow of Lightning,精工长弓之闪电
Masterwork Shortbow of Celerity,精工短弓之迅捷
Masterwork Shortbow of Speed,精工短弓之速度
Accurate Masterwork Shortbow,精准精工短弓
Masterwork Shortbow of Greater Accuracy,精工短弓之强效命中
Masterwork Shortbow of the Master,精工短弓之大师
Masterwork Shortbow of Acid,精工短弓之强酸
Masterwork Shortbow of Defence,精工短弓之防御
Masterwork Shortbow of Fire,精工短弓之火焰
Masterwork Shortbow of Frost,精工短弓之冰霜
Masterwork Shortbow of the Grand-master,精工短弓之大宗师
Keen Masterwork Shortbow,敏锐精工短弓
Savage Masterwork Shortbow,凶残精工短弓
Masterwork Shortbow of Lightning,精工短弓之闪电
#Foods,#食物
Apple,苹果
"Whilst its ability to keep the medicae away has yet to be proven, this common fruit can be found growing on trees in the summer months and is a staple in the pantry of peasants and noblemen alike",虽然它让医者远离的能力尚未得到证实，但这种常见的水果在夏季生长在树上，是农民和贵族食品储藏室里的主食
Bacon,培根
There is truly no better way to start the day than with a fresh chunk of this salted pork,确实没有比一块新鲜的咸猪肉更好的方式来开始新的一天了
Dark Bread,黑面包
A piece of the traditional dark and heavy full-grain bread that is eaten throughout the region by farmers and laborers,一块传统的深色厚重全谷物面包，整个地区的农民和劳工都吃这种面包
Butter,黄油
"Due to its affordability, the rich and creamy, salted butter from Heartlander cows is a popular source of nourishment amongst the lower classes of the Empire",由于其价格实惠，来自腹地奶牛的浓郁奶油咸黄油是帝国下层阶级中流行的营养来源
There’s nothing butter,没有什么比黄油更好的了
Carrot,胡萝卜
"Abundant and healthy, carrots are a staple in the soups and stews of the north",胡萝卜丰富又健康，是北方汤和炖菜中的主食
"Also, Hospitallers claim they improve your night-sight",此外，医护骑士声称它们能提高你的夜视能力
Cheddar,切达干酪
"Made from cow's milk, this cheese is common and beloved throughout the Imperial heartlands",由牛奶制成，这种奶酪在帝国腹地很常见且深受喜爱
Perfect for eating with bread and ham,非常适合与面包和火腿一起食用
Sheep's Milk Cheese,羊奶酪
As inexpensive and filling as it is smelly,既便宜又饱腹，尽管气味难闻
Sheep's milk cheese is a staple in the northern Hinterlands,羊奶酪是北部腹地的主食
Crab,螃蟹
"Many of the Empire’s citizens will pay a pretty penny to get their hands on this soft, sweet meat",许多帝国公民愿意花大价钱来获得这种柔软、甜美的肉
"Boiled in salted water and served on white bread with melted butter and squeezed lemon, crab-meat is truly a feast",在盐水中煮熟，放在白面包上，配上融化的黄油和挤出的柠檬汁，蟹肉真是一场盛宴
Cream,奶油
Rich and creamy,浓郁而柔滑
Don’t let the cat have it,别让猫吃了
Dried Meat,干肉
"A favorite amongst adventures, this smoky, preserved meat can last longer than most people’s lives",冒险者们的最爱，这种烟熏的、保存好的肉比大多数人的寿命还长
Eel,鳗鱼
"Due to their abundance in both rivers and oceans, eels are one of the most popular seafoods in the Empire",由于在河流和海洋中都很丰富，鳗鱼是帝国最受欢迎的海鲜之一
"So popular, in fact, that some citizens have even been known to accept them as payment",事实上，如此受欢迎，以至于有些公民甚至接受它们作为支付手段
Eggs,鸡蛋
Don't put them all in one basket,别把所有鸡蛋放在一个篮子里
Perklin,珀克林鱼
The humble perklin makes up for its meager size with its abundance,不起眼的珀克林鱼以其数量弥补了它微小的体型
It's often perserved with salt and eaten year round,它通常用盐腌制，全年食用
The smell is an acquired taste,它的气味是一种需要适应的味道
Redman,红曼鱼
The tongue and eyes of the redman swells grotesquely once it's pulled from the depth in which it dwells,红曼鱼一旦从它栖息的深处被拉出，它的舌头和眼睛就会怪异地肿胀起来
"Despite its apperance, however, its flesh is considered a delicacy when served baked with lemons and vegetables",然而，尽管外观如此，它的肉在搭配柠檬和蔬菜烤制时被视为一种美味
Steel-Fin,钢鳍鱼
Dead fish eyes stare up at you,死鱼的眼睛盯着你
Steel-Fin is a staple on dinner tables throughout the Outer Isles,钢鳍鱼是整个外岛餐桌上的主食
It's commonly eaten in hearthy stews with vegetables,它通常与蔬菜一起在丰盛的炖菜中食用
Flour,面粉
One of the greatest of the Gallian Miracles was the turning of deserts into the great rolling wheat fields that now constitute a large portion of the Heartland,伽里安奇迹中最伟大的之一就是将沙漠变成了如今构成腹地大部分地区的广阔起伏的麦田
From these flows countless tons of grain and rich white flour,从这些麦田里产出无数吨谷物和优质白面粉
Garlic,大蒜
"Pungent and full of flavor, this herb is most frequently used to enhance a variety of meals",辛辣且风味十足，这种草本植物最常用来提升各种菜肴的风味
Cured Ham,熏火腿
"Tender, savory and long lasting",嫩滑、美味且持久
Cured ham is found in the cellar of every well-to-do merchant and petty noble in the Empire,熏火腿在帝国每个富裕商人和小贵族的酒窖里都能找到
Honey,蜂蜜
"Sticky and sweet, this ingredient is often used by cooks to sweeten or preserve food, and is a staple in every mead-makers arsenal",粘稠而甜美，这种食材常被厨师用来增甜或保存食物，也是每个蜂蜜酒酿造者的必备品
It is even said to have curative properties when applied to infected wounds,甚至据说敷在感染的伤口上具有治疗功效
Leeks,韭葱
"Beyond just the taste, leeks go a long way towards adding some color to the drab cuisine of the poor",除了味道，韭葱还能为穷人的单调饮食增添一些色彩
Lemons,柠檬
"In the north, lemons are almost exclusively found on ships where they serve to protect the sailors from the terrible scurvy that prolonged idleness and sexual abstinence is known to cause",在北方，柠檬几乎只在船上才能找到，它们用来保护水手免受可怕的坏血病，这种病据说是由长期闲散和禁欲引起的
Baked Crab,烤蟹
The crab flesh is coated in spiced butter before baking in the oven to perfection,蟹肉涂上香料黄油，然后在烤箱中烤至完美
Baked Mushrooms,烤蘑菇
The nutty flavor of the wyrdloaf mixes wonderfully with the aromas of garlic to produce a meal fit for an emperor,威德洛夫菇的坚果风味与大蒜的香气完美融合，制成一道适合帝皇享用的菜肴
Baked Onions,烤洋葱
"Onions are easily grow, keep for long and go a long ways towards covering up the taste of half-spoiled fish or meat",洋葱容易种植，保存时间长，并且能很好地掩盖半腐坏的鱼或肉的味道
Baked Oysters,烤牡蛎
Tender oysters coated in bread-crumbs and baked until just right,嫩牡蛎裹上面包屑，烤至恰到好处
You just hope the oysters were fresh,你只希望牡蛎是新鲜的
Baked Potato,烤土豆
It is said that potatoes alone can nourish a man's body indefinitely,据说仅靠土豆就能无限期地滋养人的身体
The same cannot be said for his soul,但他的灵魂却不能如此
Beef Stew,炖牛肉
"A thick, hearty stew of beef cooked in rich, Ombarian wine",一道用浓郁的奥姆巴里亚葡萄酒烹制的浓稠、丰盛的炖牛肉
Cheese Plate,奶酪拼盘
"Ah, the understated elegance of a cheese and fruit plate",啊，奶酪水果拼盘的低调优雅
Eggs and Bacon,鸡蛋和培根
The breakfast of titans,巨人的早餐
Baked Fish,烤鱼
"A delicious-looking plate of baked, white fish on a bed of vegetables seasoned with freshly squeezed lemon",一盘看起来美味的烤白鱼，铺在蔬菜上，用鲜榨柠檬调味
Salted Fish,咸鱼
The fisherman's best friend,渔夫最好的朋友
Preferably eaten with a mug of ale on the side,最好配上一大杯麦芽酒
Fish Stew,炖鱼
A steaming bowl of fish and vegetable stew,一碗热气腾腾的鱼和蔬菜炖菜
This type of dish is eaten more or less daily by the coast-dwellers of the north,这种菜肴几乎是北方沿海居民每天都会吃的
It could do with some salt,可以加点盐
Grilled Leeks,烤韭葱
Mashed Potatoes,土豆泥
Just the way mothers all over the Empire would make it!,就像帝国各地的母亲们做的那样！
Meat Skewers,肉串
Richly spiced meat roasted on skewers,用香料腌制过的肉串在签子上烤制
A popular dish that the Empire imported from its overseas colonies,帝国从海外殖民地引进的一道流行菜肴
Farmer's Omelette,农家煎蛋卷
"A nice farmer's omelette brings to mind the simple comforts of a quaint, rural life",一份美味的农家煎蛋卷让人想起古朴乡村生活的简单舒适
Mushroom Omelette,蘑菇煎蛋卷
The mushroom omelette tastes of the forest,蘑菇煎蛋卷有森林的味道
Apple Pie,苹果派
Sweet and comforting,甜美而令人安慰
Pumpkin Pie,南瓜派
Nothing says autumn like a nice old slice of pumpkin pie,没有什么比一块美味的南瓜派更能代表秋天了
Roasted Eel,烤鳗鱼
Crispy skin and tender meat,酥脆的皮和嫩滑的肉
The roasted eel is seasoned with garlic and served with potato chips,烤鳗鱼用大蒜调味，配上薯片
Cheese Sandwich,奶酪三明治
"For a few short moments, whilst eating a melted cheese sandwich, all is well in the world",在吃融化的奶酪三明治的短短片刻里，世间一切安好
Mushroom Soup,蘑菇汤
Fried Steak,煎牛排
A meal to put hair on your chest!,让你胸口长毛的一餐！
Vegetable Soup,蔬菜汤
"A farmer’s feast, often eaten in the fall when root vegetables are abundant",农夫的盛宴，通常在秋季根茎类蔬菜丰富时食用
Morel,羊肚菌
Morels are mushrooms that make for excellent eating,羊肚菌是极佳的食用蘑菇
Penny Buns,牛肝菌
Penny Buns are mushrooms that make for excellent eating,牛肝菌是极佳的食用蘑菇
Wyrdloaf,威德洛夫菇
Wyrdloaf are mushrooms that make for excellent eating,威德洛夫菇是极佳的食用蘑菇
Nuts,坚果
"Often added to meat dishes to boost nutrition, these tasty treats can be found growing on various trees and bushes throughout the Empire",常被添加到肉类菜肴中以增加营养，这些美味的零食生长在帝国各地的各种树木和灌木上
Onions,洋葱
Oysters,牡蛎
This earthy flavored molluscs has been known to increase a person’s desire and sexual stamina,这种带有泥土味的软体动物已知能增强人的欲望和性耐力
No wonder then that the courtiers and lay nobility of the Heartlands gorge themselves on this delicacy,难怪腹地的朝臣和世俗贵族们对这种美味狼吞虎咽
Just remember to smell them before you eat them,只是记得在吃之前闻一闻
Pear,梨子
"A freshly picked, juicy pear",一个新鲜采摘的多汁梨子
"Eat it fresh, bake it in a pie or make brandy from it!",生吃、烤成派或用来酿白兰地！
Potatoes,土豆
Pumpkin,南瓜
A bit watery and tasteless but might work well in a soup or a pie,有点水且无味，但可能适合做汤或派
Ration,口粮
"A trail ration of dried meats, fruits and grains",一份由干肉、水果和谷物组成的旅行口粮
As sure to filling as it is boring,既肯定能填饱肚子，又同样乏味
Salt,盐
An empire runs on salt,帝国靠盐运转
"As the Gallian Empire's preservative and seasoning of choice, it is no wonder that the Salt Merchant's Guild is both rich and very powerful",作为伽里安帝国首选的防腐剂和调味品，盐业商会既富有又非常强大也就不足为奇了
Snails,蜗牛
"Despite their slimy appearance, these small creatures are a delicacy amongst nobles and commoners alike and are often eaten with garlic butter or as part of hearty casseroles",尽管外表黏滑，这些小生物在贵族和平民中都是美味，常与蒜蓉黄油一起食用，或作为丰盛炖菜的一部分
Spices,香料
"Imported from far away lands at great cost and risk, spices are worth their weight in gold",以巨大的成本和风险从遥远的地方进口，香料价值堪比黄金
"Aromatic and delicious, they are a precious commodity used by the upper classes to enhance their meals",芳香而美味，它们是上层阶级用来提升菜肴的珍贵商品
Squid,鱿鱼
"If they’re not filling the bellies of the upper-class, these slippery sea-creatures are being harvested for their ebony coloured ink",如果它们没有填满上层阶级的肚子，这些滑溜溜的海洋生物就会被捕捞以获取它们乌黑色的墨汁
Sugar,糖
"Due to its rarity, this sweet ingredient is usually only found in the kitchens of noble and middle-class households where it is typically used to make glorious pastries and confections",由于稀有，这种甜味食材通常只在贵族和中产阶级家庭的厨房里找到，通常用于制作精美的糕点和甜食
Beef,牛肉
"A favorite on many a noble’s table, this thick cut of meat is as rich in iron as it is in flavor",许多贵族餐桌上的最爱，这块厚切肉富含铁质，味道也同样浓郁
Warberries,战莓
Rich harvests from the warberry bush is said to portend war,据说战莓灌木的丰收预示着战争
These tart berries are often used to make jams or other preserves in case food should become scarce,这些酸涩的浆果常被用来制作果酱或其他保存食品，以防食物短缺
Ombarian Wine,奥姆巴里亚葡萄酒
Fine wine imported from the vinyards of the Ombaria,从奥姆巴里亚葡萄园进口的优质葡萄酒
Rumors abound of grape harvests failing due to drought in the Heartlands and wine is currently hard to come by,有传言说腹地因干旱导致葡萄歉收，葡萄酒目前很难买到
#Gems,#宝石
Amethyst,紫水晶
"A common variety of quartz often believed to offer enlightenment, this gemstone is often found in the mountains of Gorremia",一种常见的石英变种，常被认为能带来启迪，这种宝石常见于戈雷米亚的群山之中
Archon's Eye,执政官之眼
A common gemstone across the Empire,帝国常见的一种宝石
Crones will tell you it protects the user from bad luck,老妇们会告诉你它能保护佩戴者免遭厄运
Diamond,钻石
The “Empress” of gemstones,宝石中的“女皇”
Emerald,翡翠
A highly coveted semi-precious stone often worn by members of the lay-nobility,一种备受追捧的半宝石，常为世俗贵族成员所佩戴
Moonstone,月长石
"This adularescent gem is believed by some to have fallen from the moon itself, but its low cost suggests otherwise",这种具有游彩效应的宝石被一些人认为是从月亮上掉下来的，但其低廉的价格却暗示并非如此
Opal,欧泊
This semi-precious stone is found in far Arassha and is often inset in items of power,这种半宝石产自遥远的阿拉夏，常被镶嵌在力量物品上
Painite,帕伊奈特
"A rare mineral often misidentified as a ruby, this gemstone is often called “The Jewler’s Best Friend",一种常被误认为红宝石的稀有矿物，这种宝石常被称为“珠宝商最好的朋友”
Pearl,珍珠
"A spherical stone, typically white or bluish-gray, the pearl is a favorite of rich sea-merchants",一种球形宝石，通常为白色或蓝灰色，珍珠是富有海商的最爱
Red Beryl,红绿柱石
An extremely rare and coveted gemstone that can sometimes be found inset in the regalia of the Empire’s most powerful,一种极其稀有且备受追捧的宝石，有时可见于帝国最有权势者的徽章上
Ruby,红宝石
"A coveted, durable gemstone often worn by Magi of high rank",一种备受追捧、耐久的宝石，常为高阶法师所佩戴
Topaz,黄玉
Topaz is commonly traded by Ombarian merchants,黄玉通常由奥姆巴里亚商人交易
"Usually light blue in color, the gem can be traded at a low cost",通常呈浅蓝色，这种宝石可以低价交易
#Idle Items,#闲置物品
Banner,旗帜
Helbard,戟
Pitchfork,干草叉
Rake,耙子
Scythe,镰刀
Spear,长矛
Enchanted,附魔
Ranged,远程
#Jewelry,#珠宝
Amulet of Perfect Health,无暇健康护符
Grants the wearer immunity to Disease,赋予佩戴者疾病免疫
The Lunar Ring,月之戒
The Lunar Ring increases the radius of Aura spells by,月之戒增加光环法术的半径
Skull Necklace,颅骨项链
An exquisitely crafted necklace that could be quite valuable,一条制作精美的项链，可能价值不菲
Diamond Necklace,钻石项链
Firegold Necklace,火金项链
Coral Necklace,珊瑚项链
Pagan Necklace,异教项链
Beryl Necklace,绿柱石项链
Garnet Necklace,石榴石项链
Profane Necklace,渎神项链
Arcane Necklace,奥术项链
Ancient Necklace,古代项链
Brass Necklace,黄铜项链
A necklace that can be sold for a few coins,一条能卖几个铜板的项链
Opal Necklace,欧泊项链
A necklace that will fetch a nice price,一条能卖个好价钱的项链
Silver Necklace,银项链
Gold Necklace,金项链
Copper Necklace,铜项链
Copper Locket,铜吊坠
Jade Necklace,翡翠项链
Ruby Necklace,红宝石项链
Ancient Gold Necklace,古代金项链
Ancient Jade Necklace,古代翡翠项链
The Guarded Heart,守护之心
A beautifully crafted golden ring with a heart carved into it,一枚精雕细琢的金戒指，上面刻有一颗心
The wearer of this ring will find their resolve strengthened,佩戴此戒指者将发现自己的决心得到增强
Adds +1 to Will,意志+1
Skull Ring,颅骨戒指
An exquisitely crafted ring that could be quite valuable,一枚制作精美的戒指，可能价值不菲
Topaz Ring,黄玉戒指
Lapis Ring,青金石戒指
Frater's Ring,弗拉特之戒
Sepulchite's Ring,墓祀教团之戒
Flowgold Ring,流金戒指
Wavestrider Ring,踏浪者之戒
Tempest Ring,风暴之戒
Lupercal Ring,卢佩卡尔戒指
Arboreal Ring,林木戒指
Primordial Ring,原初之戒
Ruby Ring,红宝石戒指
Genesis Ring,创世之戒
Fire Opal Ring,火欧泊戒指
Emerald Ring,翡翠戒指
Amethyst Ring,紫水晶戒指
Serpent Ring,蛇形戒指
Aquamarine Ring,海蓝宝石戒指
Sunstone Ring,日长石戒指
Green Sapphire Ring,绿宝石戒指
Brass Ring,黄铜戒指
"A modest, but well crafted ring",“一枚朴素但做工精良的戒指”
Silver Ring,银戒指
Gold Ring,金戒指
"A modest, but well crafted golden ring",“一枚朴素但做工精良的金戒指”
#Keys,#钥匙
Crypt Key,墓室钥匙
A bloodied bronze key that opens something in the crypt under the temple in Horryn,一把血迹斑斑的青铜钥匙，用于打开霍林神庙下方墓室中的某物
Surgery Door Key,手术室钥匙
"A small key that unlocks the door to the surgery on the ""Zephyr","一把小钥匙，用于打开""西风号""上手术室的门"
Armory Key,军械库钥匙
A key that was discovered inside the keep in Horryn,一把在霍林要塞内发现的钥匙
Black Key,黑钥匙
A large black key that unlocks something inside the Black Priory,一把大黑钥匙，用于打开黑修院内的某物
Smugglers Key,走私者的钥匙
A large rusty key that seems like it would open a chest or some other container,一把生锈的大钥匙，似乎能打开箱子或其他容器
You found it on a drowned corpse beneath the lighthouse,你在灯塔下的一具溺水尸体上找到了它
#Melee Weapons,#近战武器
Light Blade,轻型刀剑
Medium Blade,中型刀剑
Heavy Blade,重刃
Masterwork Dagger,精工匕首
Broadsword,阔剑
Fine Broadsword,精良阔剑
Masterwork Broadsword,精工阔剑
Crude Broadsword,粗制阔剑
Light Club,轻棍
Fine Club,精良棍棒
Masterwork Club,精工棍棒
Crude Club,粗制棍棒
Cutlass,弯刀
A cutlass is a curved sword favored by sailors and swordsmen of Yom-Baria,弯刀是一种受约姆-巴里亚水手和剑客青睐的弧形刀剑
Fine Cutlass,精良弯刀
Masterwork Cutlass,精工弯刀
Crude Cutlass,粗制弯刀
Dagger,匕首
Ancient Dagger,古代匕首
"An ancient dagger, carved from a strange greenish stone",一把古代匕首，由一种奇特的绿色石头雕刻而成
It looks almost ritual and you suspect it might be of some value to someone with the right interest,它看起来近乎仪式用具，你怀疑它可能对某些有特定兴趣的人有价值
Fine Dagger,精良匕首
Crude Dagger,粗制匕首
The Sparrowhawk,燕隼
A legendary rapier of unrivaled quality,一把品质无与伦比的传奇刺剑
It also adds +2 to the wielder’s initiative,它还能为持用者的先攻提供+2加值
Greataxe,巨斧
Fine Greataxe,精良巨斧
Masterwork Greataxe,精工巨斧
Crude Greataxe,粗制巨斧
Greathammer,巨锤
Fine Greathammer,精良巨锤
Masterwork Greathammer,精工巨锤
Crude Greathammer,粗制巨锤
Handaxe,手斧
Fine Handaxe,精良手斧
Masterwork Handaxe,精工手斧
Crude Handaxe,粗制手斧
Longsword,长剑
Fine Longsword,精良长剑
Masterwork Longsword,精工长剑
Crude Longsword,粗制长剑
Mace,钉锤
Fine Mace,精良钉锤
Masterwork Mace,精工钉锤
Crude Mace,粗制钉锤
Mathias's Sword,马蒂亚斯之剑
A beautifully crafted bastard-sword,一柄锻造精美的混种剑
Rapier,刺剑
Fine Rapier,精良刺剑
Masterwork Rapier,精工细剑
Crude Rapier,粗制刺剑
Scimitar,弯刀
Fine Scimitar,精良弯刀
Masterwork Scimitar,精工弯刀
Crude Scimitar,粗制弯刀
Shortsword,短剑
Fine Shortsword,精良短剑
Masterwork Shortsword,精工短剑
Crude Shortsword,粗制短剑
The Lake Blade,湖刃
A stunningly wrought longsword of ancient design,一柄锻造精美、设计古老的长剑
The bluish sheen of its metal never seems to lose its luster giving it its name,其金属泛出的淡蓝光泽似乎永不褪色，因此得名
You recovered this sword from the crypt under Horryn,你从霍林地下的墓室中找回了这柄剑
Two-Hander,双手武器
A large sword that must be wielded two-handed,一柄必须用双手挥舞的大剑
Fine Two-Hander,精良双手武器
Masterwork Two-Hander,精工双手武器
Crude Two-Hander,粗制双手武器
Waraxe,战斧
Fine Waraxe,精良战斧
Masterwork Waraxe,精工战斧
Crude Waraxe,粗制战斧
Warhammer,战锤
Fine Warhammer,精良战锤
Masterwork Warhammer,精工战锤
Crude Warhammer,粗制战锤
#Misc Items,#杂项物品
Vomit Cups,呕吐杯
"A bag of highly toxic fungi for Esteban, the alchemist in the Underhalls",一袋剧毒菌类，要交给地下大厅的炼金术师埃斯特班
Bee Smoker,蜂烟器
A small apparatus that creates smoke,一种产生烟雾的小型装置
Used to calm bees before harvesting honey,用于在采集蜂蜜前安抚蜜蜂
Cassilda's Song,卡丝尔达的歌
A folded up piece of paper that has ‘To Camilla - From Cassilda' written on it,一张折叠的纸，上面写着“致卡米拉——来自卡丝尔达”
Supposedly it contains the words of a song intended for Camilla’s eyes only,据说里面有一首歌的歌词，只给卡米拉一个人看
A Foul-Smelling Potion,一瓶恶臭药水
A bottle of medicine made by Mother Katak to help cure the infection that is spreading through the Idran refugee camp,一瓶由卡塔克嬷嬷制作的药水，用于治疗在伊德拉难民营蔓延的感染
Firgol Honey,菲尔戈尔蜂蜜
A honeycomb retrieved from one of the beehives in Firgol,从菲尔戈的一个蜂巢中取出的蜂巢蜜
It has a spectacular shade of yellow,它呈现出一种绚丽的黄色
Vessel,容器
A strange vessel that could hold liquid,一个可以盛放液体的奇怪容器
Full Vessel,装满的容器
A strange vessel containing liquid,一个装有液体的奇怪容器
Stuffed Animal,毛绒玩具
"A small, ragged stuffed animal",一个又小又破的毛绒玩具
No doubt it should be returned to its owner with all due haste,毫无疑问，应该尽快物归原主
Giant Lizard Egg,巨蜥蛋
Large eggs,巨大的蛋
Something appears to be moving inside,里面似乎有什么东西在动
Mallet,木槌
A rounded mallet that seems to have some kind of ceremonial purpose,一个圆头木槌，似乎有某种仪式用途
Children's Bones,孩子的尸骨
"The tragic, mold covered, bones of two children",两具孩子的悲惨尸骨，上面覆盖着霉菌
Lighthouse Oil,灯塔燃油
A pitcher full of oil,一罐满满的燃油
The kind that might be used for a lighthouse beacon,可能是用于灯塔信标的那种
Nautical Guild Seal,航海公会印章
"A strange octagonal amulet, richly filegreed and with the navigational roset of the Nautical Guild carved on it",一枚奇特的八角形护符，有着精美的金银丝细工，上面刻有航海公会的导航玫瑰罗盘
This is apparently an item that the guild will pay handsomely to have returned to them,这显然是一件公会愿意出高价赎回的物品
Ledger,账本
A ledger containing incriminating information,一本包含罪证信息的账本
The Whispering Tablets,低语石板
A pair of weathered stone tablets covered in indecipherable writing and grotesque symbols,一对风化的石板，上面刻满了无法辨认的文字和怪诞的符号
The tablet’s condition seems to indicate that it has rested under the sea for a long time,石板的状态似乎表明它已在海底沉睡了很久
Did you just hear a whisper?,你刚才听到低语了吗？
Rotted Horse Flesh,腐烂的马肉
A large quantity of rotted horse flesh,大量的腐烂马肉
Utterly inedible to humans but perhaps a treat for some other beastie?,人类完全无法食用，但对某些野兽来说也许是美味？
A Strange Idol,一个奇怪的神像
A grotesque looking black Idol found in the 'Santa Fury' treasure hoard,在“圣怒号”的宝藏堆中发现的一个怪诞的黑色神像
Sewerjack's Badge,下水道工的徽章
A small brass badge belonging to a member of the glorious Imperial Sewer-patrol,一枚小铜徽章，属于光荣的帝国下水道巡逻队的一员
It's covered in filth,上面沾满了污秽
Silver Flute,银笛
A small silver flute that can be used to drain the mercury-pool in the Tower of Ash,一支小银笛，可以用来排干灰烬之塔中的水银池
Telescope,望远镜
A collapsed field-telescope used for stargazing,一架折叠式野外望远镜，用于观星
Lotus Petals,莲花花瓣
One of the ingredients needed to craft the ‘Salts of Elthanyr’,制作“埃尔萨尼尔之盐”所需的材料之一
Salamander's Horn,火蜥角
Sylversalt,银盐
Salts of Elthanyr,埃尔萨尼尔之盐
A special salt that can apparently be used to unsummon conjured creatures,一种特殊的盐，显然可以用来解除召唤生物
Bring it to Calipero the Magos underneath the Tower of Ash,把它带给灰烬之塔下的大法师卡利佩罗
#Ranged Weapons,#远程武器
Ranged,远程
Light Bow,轻弓
Composite Longbow,复合长弓
Fine Composite Bow,精良复合弓
Masterwork Composite Bow,精工复合弓
Poor Composite Bow,劣质复合弓
Longbow,长弓
Fine Longbow,精良长弓
Masterwork Longbow,精工长弓
Crude Longbow,粗制长弓
Shortbow,短弓
Fine Shortbow,精良短弓
Masterwork Shortbow,精工短弓
Crude Shortbow,粗制短弓
#Reagents,#药材
Chitin,甲壳
A thick piece of chitin taken from the exo-skeleton of an unnaturally large creature,一块从异常巨大的生物外骨骼上取下的厚甲壳
"As chitin dries it can be ground into powder, providing a potent alchemical ingredient",当甲壳干燥后可以研磨成粉末，成为一种强效的炼金材料
Cruel Fang,残酷之牙
"A slimy, curved fang pulled from the mouth of some sort of overgrown monstrosity",一颗从某种过度生长的怪物口中拔出的黏滑弯曲獠牙
The end is still incredibly sharp,末端仍然极其锋利
Egg Cluster,卵簇
Not to be mistaken for their smaller and more edible counterparts,不要将其与那些更小且可食用的同类混淆
"Whilst these eggs make for a potent alchemical ingredient, ingesting them in any other way can have…unpleasant effects",虽然这些卵是强效的炼金材料，但以其他任何方式摄入都可能产生……令人不适的效果
Emerald King (insect,翡翠王（昆虫，
Called “the King of insects” due to its shimmering emerald scales,因其闪烁的翡翠鳞片而被称为“昆虫之王”
"Its royal title, however, does not keep it safe from the alchemists and artificers who consider it a prized reagent",然而，它的王者头衔并不能让它免于炼金术士和工匠的毒手，他们将其视为珍贵的药材
Firewing (insect,火翼（昆虫，
"Whilst this small insect is a popular alchemical ingredient, its fire-like sting makes it one of the Empire’s most hated pests",虽然这种小昆虫是受欢迎的炼金材料，但它如火般的蜇刺使其成为帝国最令人憎恶的害虫之一
Graveroot,墓根草
"Often found growing on graves, the roots of this weed are believed to feed on the flesh of the dead",常生长在坟墓上，这种杂草的根被认为以死者的血肉为食
For this reason it is despised by grave-keepers and much sought after by those who dabble in the arcane,因此，它被守墓人厌恶，却备受那些涉足奥术之人的追捧
Gullyfern,溪谷蕨
This small fern is often found growing near streams or in the deeper parts of the forest,这种小蕨类常生长在溪流附近或森林深处
"It emits a fresh, pleasant scent",它散发出清新宜人的气味
Hound Ear,野狗耳朵
"A large, leathery ear cut from the freshly dead head of some monstrous hound",一只从刚死去的某种巨型野狗头上割下的大而坚韧的耳朵
A delicate flower that is said to grow on the sites of battles over the graves of dead soldiers,一种据说生长在战场遗址、死者坟墓上的娇嫩花朵
Lizard's Eye,蜥蜴眼
"They say beauty lies in the eye of the beholder, but the slick goo coating this lizard’s eye gives you some doubts",人们说美在观者眼中，但这只蜥蜴眼上覆盖的黏滑粘液让你有些怀疑
"Still, the rarity of reptilians throughout the Empire’s inner cities means it should fetch a decent price",不过，爬行动物在帝国中心城市的稀有性意味着它应该能卖个好价钱
Mercury,水银
"Believed to be at the core of all metals, this liquid element is a commodity amongst alchemists and is as fast working as it is toxic",被认为是一切金属的核心，这种液态元素是炼金术士间的商品，其作用迅速且毒性强烈
Cavechild,穴居孩童
A small pinkish mushroom that is sometimes found in caves,一种有时在洞穴中发现的小型粉红色蘑菇
"Though eating it will cause acute vomiting, it is a valuable alchemical agent when used properly",虽然食用它会导致剧烈呕吐，但正确使用时它是一种珍贵的炼金剂
Glowman,发光人
The Glowman is so called for its faint bioluminescence,发光人因其微弱的生物发光而得名
It grows naturally in damp cave-systems and it a commonly used alchemical ingredient,它自然生长在潮湿的洞穴系统中，是一种常用的炼金材料
Laughtercap,笑帽菇
"Easily recognizable with its red cap and white spots, the Laughtercap is not to be ingested as it is said to cause hysterical laughter and odd visions",以其红色菌盖和白色斑点易于辨认，笑帽菇不可食用，因为据说它会导致歇斯底里的大笑和奇怪的幻觉
Many an apprentice alchemist has ignored this warning through the ages,历代以来，许多学徒炼金术士都无视了这一警告
Protoplasma,原生质
"Whilst this jelly-like substance may look harmless, its properties have been known to create potions just as acidic as the creature it comes from",虽然这种果冻状物质看似无害，但已知其特性可以制造出与其来源生物同样具有酸性的药水
"Do not, under any circumstances, ingest",在任何情况下都不要摄入
Rat Tail,鼠尾
Rats are so ubiquitously despised throughout the Empire that certain merchants will pay a bounty for their tails,老鼠在整个帝国都普遍遭人厌恶，以至于某些商人会为它们的尾巴支付赏金
As will certain alchemists,某些炼金术士也会
Rotcrawler (insect,腐爬虫（昆虫，
"Whilst most citizens of the Empire would be disgusted by its presence, this larva-like insect can be useful to those who know what to do with it",虽然帝国大多数公民会对其存在感到厌恶，但这种幼虫般的昆虫对那些知道如何使用它的人来说可能很有用
Rotmold,腐霉
"An aggressive mold known to eat almost any organic material it comes into contact with, this mold has cost more than a few citizens their cheese cellars",一种已知会吞噬几乎任何接触到的有机物质的侵略性霉菌，这种霉菌已经让不少公民失去了他们的奶酪窖
And pets,还有宠物
Scale,鳞片
"This rare, luminescent scale was likely taken from some sort of giant lizard or sea creature",这片稀有的发光鳞片很可能取自某种巨蜥或海洋生物
"Whilst it is primarily used as an alchemical ingredient, its beauty makes it a popular ingredient amongst artisans on the Outer Isles",虽然它主要用作炼金材料，但其美丽使其在外岛工匠中颇受欢迎
Typically given as a gift to those in grief,通常作为礼物送给悲伤之人
"It is said that if the plant is placed near your bed it will gorge on your despair, offering some slight respite",据说，如果将这种植物放在床边，它会吞噬你的绝望，带来些许缓解
Spider Silk,蛛丝
"Though it may be light in weight, it is not light in use",虽然它重量轻，但用途却不轻
This silky ingredient has been used in a variety of potion recipes for centuries and is popular amongst the Empire’s finest alchemists,这种丝质材料几个世纪以来被用于各种药水配方，深受帝国最优秀的炼金术士欢迎
"Unfortunately, the same cannot be said for the creature that spins it",不幸的是，对编织它的生物来说就不是这样了
"Named due to an old wives’ tale in which flowers began to grow at the site of a fallen star, this white plant is often given between lovers as a sign of affection",因一个古老的传说而得名，传说中花朵开始在陨星坠落之处生长，这种白色植物常被恋人互赠作为爱意的象征
Sulfur,硫磺
"Sometimes called the Heart of Life by alchemists across the Empire, this element is known to be extremely flammable yet alchemically potent",有时被帝国各地的炼金术士称为生命之心，这种元素以极易燃烧但炼金效力强大而闻名
Caution is advised,建议谨慎
"Often found growing in areas of direct sunlight, these bright flowers are often used as decoration during the summer solstice",常生长在阳光直射的地方，这些鲜艳的花朵常在夏至期间用作装饰
Tusk,獠牙
A huge tusk pried from the jaws of a monstrous hog,从一头巨型野猪的下颚撬下的巨大獠牙
"For those who are brave or foolish enough to hunt such creatures, this useful alchemical ingredient makes a fine prize",对于那些勇敢或愚蠢到去猎杀此类生物的人来说，这种有用的炼金材料是一份不错的奖赏
Venom Gland,毒腺
A rather foul smelling sack removed from some kind of venomous animal,从某种有毒动物身上取下的气味相当难闻的囊
The liquid inside does not look much better than it smells,里面的液体看起来并不比气味好多少
Do not ingest,不要摄入
Withered Hand,干手
"Judging by the rotten scent emitting from this shriveled hand, it was likely cut from the wrist of a freshly risen ghoul",从这只干瘪的手散发出的腐烂气味判断，它很可能是从一只刚复生的食尸鬼手腕上砍下的
"Though desecration of the dead is taboo in Imperial society, the many uses for a ghoul’s flesh nonetheless causes it to fetch a hefty price on the black markets",尽管亵渎死者在帝国社会是禁忌，但食尸鬼血肉的诸多用途仍使其在黑市上能卖到高价
Fellbell,山铃菇
"Fellbells emit a soft, mesmerizing chime that seems to attract mushroom-pickers and animals alike",山铃菇发出轻柔、迷人的铃声，似乎能吸引采菇人和动物
Unfortunately it is also highly poisonous,不幸的是，它也有剧毒
#Shields,#盾牌
Buckler,小圆盾
A small rounded shield to be worn on the forearm,戴在前臂上的小型圆盾
Large Shield,大盾
A large shield,一面大盾
Plank Shield,木板盾
An improvised shield made from wooden planks,用木板制成的临时盾牌
Tower Shield,塔盾
Shield,盾牌
A medium sized shield,一面中型盾牌
Round Shield,圆盾
#Trinkets,#饰品
Bone Comb,骨梳
"Finely carved from whale-bone, these combs provide a small modicum of luxury to the women and long-haired men of the Outer Isles",精细雕刻自鲸骨，这些梳子为外岛的女性和长发男性带来一丝奢华
Buttons,纽扣
A small collection of mismatched buttons,一小堆不配套的纽扣
Conch Shell,海螺壳
You can hear the sea in them,你能从中听到大海的声音
Cracked Wine Jug,开裂的酒壶
A clay vessel commonly used to hold wine,一种通常用来盛酒的陶制容器
It does its job poorly,它装酒的效果很差
Drinking Horn,角制酒杯
A vessel used by locals from which wine or ale is drunk,本地人用来喝葡萄酒或麦芽酒的容器
Embalming Tool,防腐工具
A tool used by followers of the Imperial faith to prepare the dead for burial,帝国信仰的信徒用来为死者准备葬礼的工具
Fishing Hook,鱼钩
A small metal hook used by locals to catch a variety of fish,本地人用来捕捉各种鱼的小金属钩
Flute,长笛
A small bone or wood instrument,一种小型骨制或木制乐器
Fork,叉子
A two pronged fork,一把两齿叉
"Though a good knife and fingers will suffice for most of the Empire's citizens, it simply will not do for a small select elite",尽管一把好刀和手指对帝国大多数公民来说就足够了，但对一小部分精英来说却远远不够
Glass Bead,玻璃珠
A spherical piece of glass sometimes used by islanders/locals to create jewelry or fool children,一种球形玻璃，岛民/本地人有时用来制作珠宝或哄骗小孩
Goblet,高脚杯
"A beaten up and ugly, albeit well crafted, tin goblet",一个破旧丑陋但做工精良的锡制高脚杯
Ink Pot,墨水瓶
A glass vessel half full of rich Ombarian ink,一个半满着浓郁奥姆巴里亚墨水的玻璃容器
Mug,马克杯
A roughly made mug,一个粗制滥造的马克杯
Likely used for the Empire's drink of choice,可能用来喝帝国人最爱的饮品
Ale,麦芽酒
Old Shears,旧剪刀
A cutting tool commonly used by local farmers to shear their meager flocks,本地农夫常用来修剪他们那少得可怜的羊群的切割工具
Ornate Gamepiece,精美的棋子
A piece from a set of pieces belonging to the game “Lancers,属于“骑兵”游戏的一套棋子中的一枚
Ornate Hand Mirror,精美的手镜
"Commonly used by members of nobility to check their appearance, these handheld items are believed by some to be ‘mirrors to the soul’",贵族成员常用来检查自己仪容，有些人相信这些手持物品是“灵魂之镜”
Parchment,羊皮纸
A stack of writing paper,一叠书写用纸
Pitcher,水罐
A pitcher used for serving drinks,用来盛饮料的水罐
Plate,盘子
A tin plate used for serving meals,用来盛饭菜的锡盘
Ream of Fine Cloth,精细布料卷
Finely spun cloth is difficult to produce and highly coveted among the tailors of the Heartlands,精细纺织的布料难以生产，在心腹之地的裁缝中备受追捧
Ream of Routhspun Cloth,劳斯纺布卷
"Not as expensive as it's finer counterpart, but still a local commodity",不如其精细同类昂贵，但仍是本地商品
Rusty Bread Knife,生锈的面包刀
A common household item often found in dining areas,一种常见的家庭用品，常出现在用餐区
Rusty Stick Pin,生锈的别针
A brass pin sometimes used by commonfolk to hold various garments in place,一种黄铜别针，平民有时用来固定各种衣物
Scrimshaw,牙雕
A small carving made from walrus teeth,用海象牙齿制成的小雕刻品
Silk Ribbon,丝带
Commonly used for braiding hair,常用来编发
Stained Glass Bottle,染色玻璃瓶
An empty glass bottle that has taken on a green tint,一个带有绿色调的玻璃空瓶
Decorative Shell,装饰贝壳
"The exoskeleton of various sea creatures, these shells are sometimes used by locals to create jewelry",各种海洋生物的外骨骼，这些贝壳有时被本地人用来制作珠宝
Wooden Doll,木偶
"A toy made from smooth yew, these doll’s are popular gifts given to local children",用光滑紫杉木制成的玩具，这些木偶是送给本地孩子的流行礼物
Weaving Comb,织梳
A tool commonly used in the weaving of tapestries,一种常用于编织挂毯的工具
This one appears to be made from the wood of the Yew Trees often found in the Outer Isles,这把似乎是用外岛常见的紫杉树木材制成
Worn Dice,磨损骰子
The bane of fools everywhere,各地傻瓜的祸根
You wonder how many fortunes have fallen prey to its faded numbers,你好奇有多少财富栽在了它褪色的数字上
Writing Quill,羽毛笔
A popular writing tool made from the feather of a large bird,一种用大鸟羽毛制成的流行书写工具
This one appears to need sharpening,这支似乎需要削尖
Yarn,毛线
A yarn of wool spun from the shag of the sturdy breed of goats that roam the hills in the Outer Isles,用外岛山丘上游荡的强壮山羊品种的粗毛纺成的羊毛线
Amethyst,紫水晶
"A common variety of quartz often believed to offer enlightenment, this gemstone is often found in the mountains of Gorremia",一种常见的石英品种，常被认为能带来启迪，这种宝石常见于戈雷米亚的群山之中。
Archon's Eye,执政官之眼
A common gemstone across the Empire,帝国境内一种常见的宝石。
Crones will tell you it protects the user from bad luck,老妇们会告诉你它能保护使用者免遭厄运。
Diamond,钻石
The “Empress” of gemstones,宝石中的“女皇”，
Emerald,翡翠
A highly coveted semi-precious stone often worn by members of the lay-nobility,一种备受觊觎的半宝石，常为世俗贵族成员佩戴。
Moonstone,月长石
"This adularescent gem is believed by some to have fallen from the moon itself, but its low cost suggests otherwise",这种具有游彩效应的宝石被一些人认为是从月亮上掉下来的，但其低廉的价格却暗示并非如此。
Opal,欧泊
This semi-precious stone is found in far Arassha and is often inset in items of power,这种半宝石产自遥远的阿拉夏，常被镶嵌在力量物品上。
Painite,帕伊奈特石
"A rare mineral often misidentified as a ruby, this gemstone is often called “The Jewler’s Best Friend",一种常被误认为红宝石的稀有矿物，这种宝石常被称为“珠宝商最好的朋友”，
Pearl,珍珠
"A spherical stone, typically white or bluish-gray, the pearl is a favorite of rich sea-merchants",一种球形宝石，通常为白色或蓝灰色，珍珠是富有海商的最爱。
Red Beryl,红绿柱石
An extremely rare and coveted gemstone that can sometimes be found inset in the regalia of the Empire’s most powerful,一种极其稀有且备受觊觎的宝石，有时可见于帝国最有权势者的王权之物上。
Ruby,红宝石
"A coveted, durable gemstone often worn by Magi of high rank",一种备受觊觎、经久耐用的宝石，常为高阶法师佩戴。
Topaz,黄玉
Topaz is commonly traded by Ombarian merchants,黄玉通常由奥姆巴里亚商人交易。
"Usually light blue in color, the gem can be traded at a low cost",通常呈浅蓝色，这种宝石可以低价交易。
Gold,黄金
A pile of gold,一堆黄金，
#Weapons,#武器
Crude Broadsword,粗制阔剑
Crude Club,粗制棍棒
Crude Cutlass,粗制弯刀
Crude Dagger,粗制匕首
Crude Greataxe,粗制巨斧
Crude Greathammer,粗制巨锤
Crude Handaxe,粗制手斧
Crude Longsword,粗制长剑
Crude Mace,粗制钉锤
Crude Rapier,粗制刺剑
Crude Scimitar,粗制弯刀
Crude Shortsword,粗制短剑
Crude Two-Hander,粗制双手武器
Crude Waraxe,粗制战斧
Crude Warhammer,粗制战锤
Broadsword,阔剑
Club,棍棒
Cutlass,弯刀
Dagger,匕首
Greataxe,巨斧
Greathammer,巨锤
Handaxe,手斧
Light Club,轻棍
Longsword,长剑
Mace,钉锤
Rapier,刺剑
Scimitar,弯刀
Shortsword,短剑
Two-Hander,双手武器
Waraxe,战斧
Warhammer,战锤
Fine Broadsword,精良阔剑
Fine Club,精良棍棒
Fine Cutlass,精良弯刀
Fine Dagger,精良匕首
Fine Greataxe,精良巨斧
Fine Greathammer,精良巨锤
Fine Handaxe,精良手斧
Fine Longsword,精良长剑
Fine Mace,精良钉锤
Fine Rapier,精良刺剑
Fine Scimitar,精良弯刀
Fine Shortsword,精良短剑
Fine Two-Hander,精良双手武器
Fine Waraxe,精良战斧
Fine Warhammer,精良战锤
Masterwork Broadsword,精工阔剑
Masterwork Club,精工棍棒
Masterwork Cutlass,精工弯刀
Masterwork Dagger,精工匕首
Masterwork Greataxe,精工巨斧
Masterwork Greathammer,精工巨锤
Masterwork Handaxe,精工手斧
Masterwork Longsword,精工长剑
Masterwork Mace,精工钉锤
Masterwork Rapier,精工细剑
Masterwork Scimitar,精工弯刀
Masterwork Shortsword,精工短剑
Masterwork Two-Hander,精工双手武器
Masterwork Waraxe,精工战斧
Masterwork Warhammer,精工战锤
The Sparrowhawk,燕隼
A legendary rapier of unrivaled quality,一把品质无与伦比的传奇刺剑
It also adds +2 to the wielder’s initiative,它还为持用者的先攻提供+2加值
Ancient Dagger,古代匕首
"An ancient dagger, carved from a strange greenish stone",一把古代匕首，由一种奇怪的绿色石头雕刻而成
It looks almost ritual and you suspect it might be of some value to someone with the right interest,它看起来近乎仪式用具，你怀疑它对有相应兴趣的人来说可能有些价值
Mathias's Sword,马蒂亚斯的剑
A beautifully crafted bastard-sword,一把制作精美的混种剑
The Lake Blade,湖刃
A stunningly wrought longsword of ancient design,一把锻造精美、设计古老的长剑
The bluish sheen of its metal never seems to lose its luster; giving it its name,其金属的淡蓝色光泽似乎永不褪色，因此得名
You recovered this sword from the crypt under Horryn,你从霍林下方的墓室中找回了这把剑
Two-Hander,双手武器
A large sword that must be wielded two-handed,一把必须双手持用的大剑
A cutlass is a curved sword favored by sailors and swordsmen of Yom-Baria,弯刀是一种受约姆-巴里亚的水手和剑士青睐的弧形剑
Crude Longbow,粗制长弓
Crude Shortbow,粗制短弓
Crude Composite Bow,粗制复合弓
Composite Longbow,复合长弓
Longbow,长弓
Shortbow,短弓
Fine Longbow,精良长弓
Fine Shortbow,精良短弓
Fine Composite Bow,精良复合弓
Masterwork Longbow,精工长弓
Masterwork Shortbow,精工短弓
Masterwork Composite Bow,精工复合弓
#Weapons - Ammo,#武器 - 弹药
Bodkin Arrow,穿甲箭
Broadhead Arrow,宽刃箭
Fire Arrow,火箭
Hunting Arrow,猎箭
Poison Arrow,毒箭
Poor Arrow,劣质箭矢
Ammo,弹药
#Weapon Types,#武器类型
Light Axe,轻型斧
Medium Axe,中型斧
Heavy Axe,重型斧
Light Blade,轻型刀剑
Medium Blade,中型刀剑
Heavy Blade,重刃
Light Club,轻棍
Medium Club,中型棍棒
Heavy Club,重型棍棒
Light Bow,轻弓
Medium Bow,中型弓
Heavy Bow,重型弓
