original,translate
#AdlersHelmBossScene,#鹰盔堡Boss场景
Thank you for all your help so far,感谢你迄今为止的所有帮助
Be sure to talk to Doron and Arra before you go,在你离开前一定要和多隆和阿拉谈谈
I’m sure they’ll help you in any way they can,我相信他们会尽他们所能帮助你
It all began when we found the stairs leading up to the plateau in the mines,这一切始于我们在矿洞里发现了通往高原的楼梯
Stairs like you’ve never seen before; Cut right into the mountain itself and going straight up,你从未见过的楼梯；直接凿入山体笔直向上
Stairs you say?,你说楼梯？
We climbed them and found they made it possible to reach the plateau above us,我们爬了上去发现它们能让我们到达上方的高原
"If I were to guess, I’d say we were the first to set foot up there for hundreds, or even thousands of years!",“如果我猜的话，我会说我们是数百甚至数千年来第一批踏上那里的人！”
And that’s saying something about the age of the stairs,这足以说明那些楼梯的年代了
What happened then?,然后发生了什么？
I dispatched a small party up onto the plateau to look around a bit but we’re not really equipped for exploration,我派了一支小队上到高原去稍微探查一下但我们并不真正具备探索的条件
So we did what the company would expect,所以我们做了商会期望的事
Send a report to the mainland and return to normal operations,向大陆发送报告然后恢复正常作业
So you found something up on the plateau?,所以你们在高原上发现了什么？
Aye we did,是的我们发现了
The team reported seeing buildings up there in the ice,小队报告说在冰层中看到了建筑
Old but Imperial from what they could tell,据他们判断虽然古老但是帝国风格的
Which is strange because the company has as good maps as any of Gradla and nowhere are there records of Imperial structures,这很奇怪因为商会拥有和任何人一样好的格拉德拉地图但没有任何关于帝国建筑的记录
Least of all up on that Magi-forsaken plateau!,更不用说在那个被法师遗弃的高原上了！
And did the company respond to the reports?,商会回应了报告吗？
That’s the strange part,这就是奇怪的地方
The response came almost immediately - Almost as if the company was expecting the find or something,回复几乎立刻就来了——几乎就像是商会预料到了这个发现似的
We were to make ready to receive an expedition that was to explore the plateau,我们要做好准备迎接一支来探索高原的考察队
"Until then, we were told to keep quiet about the find and stay away from the plateau",“在那之前我们被告知要对发现保密并远离高原”
They even closed down mining operations!,他们甚至关闭了采矿作业！
I’ve never heard of anything remotely similar happening before,我以前从未听说过任何类似的事情发生
So what happened?,那么发生了什么？
Expedition arrived by ship in no time and set off the next day up onto the plateau,考察队很快就乘船抵达第二天就出发前往高原
That’s the last we saw of them,那是我们最后一次见到他们
"Whatever they found up there, I know in my bones it’s what caused the madness that’s been gripping Adler’s Helm",“无论他们在上面发现了什么我骨子里知道那就是导致鹰盔堡陷入疯狂的原因”
Embla shoots you a knowing glance,恩布拉向你投来会意的一瞥
We need to get going,我们得出发了
You… you did it?,你……你做到了？
"Your eyes, there’s something about them",“你的眼睛有些不一样”
I’d say you’ve seen things no man or woman should ever have to!,要我说你见识了任何男女都不该见识的东西！
"I don’t want to know what you faced down there in the dark, but tell me this",“我不想知道你在那黑暗中面对了什么但告诉我这个”
What of my crew?,我的队员们怎么样了？
Are they gone?,他们都不在了吗？
There's no one else coming out of those mines alive,没有其他人能活着走出那些矿洞了
Lorn trembles and his eyes water up,洛恩颤抖着眼中涌出泪水
"The man has lived through horrors untold, hiding for days and days like an animal to stay alive",“这个人经历了难以言说的恐怖像动物一样躲藏了一天又一天才活下来”
You feel bad you weren’t at least able to bring him better news,你为自己至少没能给他带来更好的消息而感到难过
They were good men and women,他们是好男好女
The Golden Dead will protect them now,黄金先祖现在会保佑他们
I want to know what happened here!,我想知道这里发生了什么！
Something about Plateau,关于高原的一些事
More about Plateau,更多关于高原的事
Finally the last part about Plateau,最后关于高原的部分
Something about Priory,关于修院的一些事
More about Priory,更多关于修院的事
Finally the last part about Priory,最后关于修院的部分
Whatever you need,无论你需要什么
Tell me again what happened here?,再跟我说一遍这里发生了什么？
Ask about Plateau,询问高原
Ask about Priory,询问修院
#AdlersHelmMerchantScene,#阿德勒斯海姆商人场景
I think it’s safe to say you’ve saved our lives,我想可以说你救了我们的命
Or at least prolonged them!,或者至少延长了我们的寿命！
"Say, would you be in need of supplies?",“嘿，你需要补给吗？”
I was pretty well stocked when things went bad and the least I can do is trade with you at a reasonable rate,当情况变糟时我储备充足，至少我能以合理的价格和你交易
Sure!,当然！
Let's trade!,我们来交易吧！
Looking to trade?,想交易吗？
#AdlersHelmPilotScene,#鹰盔堡引航员场景
I’ll be waiting for you right here whenever you’re ready!,只要你准备好了，我就在这里等你！
You set out from Adler’s Helm by one of the surviving light boats and Doran expertly guides you through the narrow straits,你乘坐一艘幸存的轻型小船从鹰盔堡出发，多兰熟练地引导你穿过狭窄的海峡
In no time you find yourself back on the shores which you landed,很快你就回到了之前登陆的海岸
With Doran joining the crew of the Weathermaiden it should now be possible to sail all the way directly to Adler’s Helm,随着多兰加入天候少女号的船员队伍，现在应该可以直接航行到鹰盔堡了
An exhausted-looking young man smiles and bows as you approach,当你走近时，一个看起来疲惫不堪的年轻人微笑着鞠躬
"Emperor’s bones, it will be good to get out of here",帝皇在上，能离开这里真是太好了
"Say, did you come here by ship?",话说，你是乘船来的吗？
Yes but we had to land on the southern shores,是的，但我们不得不在南岸登陆
I see!,我明白了！
"Well, Doran’s my name and the company hired me on as a pilot",嗯，我叫多兰，商会雇我当引航员
I sail with ships making the passing up the bay towards Adler’s to help them navigate the underwater rocks and reefs,我随船航行，引导它们穿过海湾前往鹰盔堡，帮助它们避开水下的岩石和暗礁
Could you do that for us as well?,你也能为我们这样做吗？
That I could indeed!,我当然可以！
"We could travel together to where your ship is, then I’ll stay on and help your captain navigate to and from Adler’s all safe and sound",我们可以一起前往你的船所在的地方，然后我会留下来，帮助你们的船长安全地往返鹰盔堡
It’s the least I could do to thank you!,这是我至少能做的，以表达我的感谢！
I’m ready to go when you are,你准备好了，我就出发
We’ll take one of the light boats and I’ll get us down to the southern shore and your ship in no time,我们乘一艘轻型小船，我很快就能带我们到南岸和你的船那里
Not yet!,还不行！
I have some things to do first,我还有些事要先做
Doran looks at you expectantly,多兰期待地看着你
Being holed up like this isn’t for me!,这样被困在这里可不适合我！
#BedRest,卧床休息
The prospect of resting in a proper bed is a rare treat for a mercenary travelling the roads so you should think twice before passing up on it,对于奔波于道路的雇佣兵来说，能在舒适的床上休息是难得的享受，因此放弃这个机会前你应三思。
Make Camp,扎营
# Books,# 书籍
#CaliperoScene,#卡利佩罗场景
My loyal apprentices,我忠诚的学徒们，
Their joy in life is to serve,他们人生的乐趣就是侍奉，
"And they do serve me well, don’t you think?",而且他们侍奉我侍奉得很好，你不觉得吗？
He pats one of them on the cheek only to have the man’s nose start bleeding profusely,他拍了拍其中一人的脸颊，结果那人的鼻子开始大量流血，
They are a bit tired however,不过他们有点累了，
My absence has been a burden on them,我的离开对他们来说是个负担，
I know how you repay these poor things,我知道你是怎么回报这些可怜的家伙的，
Calipero’s face twists into a cruel smile,卡利佩罗的脸上扭曲出一个残忍的笑容，
"Thankfully, my ‘sons’ do not have the capacity to question my actions",“幸好，我的‘儿子们’没有能力质疑我的行为”，
Their greatest joy in life is serving their master and their ‘ascension’ is the greatest reward their limited minds can imagine,他们人生最大的乐趣就是侍奉主人，而‘升天’是他们有限的头脑所能想象的最大奖赏，
You're deranged,你疯了，
I'll have none of this,我绝不接受，
"So, it was you who came to the aid of Calipero the Tempestuous",“那么，是你前来援助暴风卡利佩罗的”，
I will say this much,我要说，
You have done me a great service,你帮了我一个大忙，
"For that, I am eternally grateful",“为此，我永远感激”，
Here is a small token,这是一点小意思，
He gestures to one of his ‘apprentices’ who limps over to you and reverently hands you a large sack filled with coin,他向一名‘学徒’示意，那学徒一瘸一拐地走到你面前，恭敬地递给你一个装满硬币的大袋子，
But there is more to you,但你还有更多，
Calipero muses,卡利佩罗沉思道，
"You are a traveler of sorts, yes?",“你算是个旅行者，对吧？”
Someone on a quest?,在执行任务的人？
I may have much to offer you yet in terms of aid,在援助方面，我可能还有很多可以给你，
You cannot help but notice that his gaze lingers for a moment too long on Embla standing behind you,你不由自主地注意到，他的目光在你身后的恩布拉身上停留了太久，
What kind of aid?,什么样的援助？
I went there - dancing across the silver-void,我去过那里——在银色虚空中舞蹈，
I saw only shadows but I saw enough,我只看到了阴影，但我看得够多了，
There are secrets in the deep,深处有秘密，
Ancient secrets,古老的秘密，
Enough to draw the Seven Eyes there,足以将七眼吸引到那里，
That is all I can say,我只能说这么多，
Whatever do you need?,你到底需要什么？
I'd like to buy some items from you,我想从你这里买些物品，
About your apprentices,关于你的学徒们，
What happened in the summoning chamber?,召唤室里发生了什么？
What do you know about the Black Priory?,你对黑修院了解多少？
Welcome back to the 'Tower of Ash',欢迎回到‘灰烬之塔’，
"Please, use my facilities as your own",“请随意使用我的设施，就像自己的一样”，
I'd like to trade with you,我想和你交易，
Calling forth that which lies beyond is no task for a lesser Magos,召唤彼方之物可不是次级法师能胜任的任务，
"However, I am not a lesser Magos",“然而，我可不是次级法师”，
The Aether serves at my will and there are very few secrets that the veil can keep from me,以太听从我的意志，帷幕能瞒过我的秘密少之又少，
"Alas, it was not so this time",“唉，这次却并非如此”，
What answered my call was something different,回应我召唤的是某种不同的东西，
Something much more powerful than I expected,比我预想的要强大得多的东西，
What went wrong?,出了什么问题？
Calipero fixes you with an intense stare,卡利佩罗用锐利的目光盯着你，
The conjunction is growing in strength. ‘It’ is much closer to our world,交汇的力量在增强。‘它’离我们的世界更近了，
So close in fact that it has begun to seep through,事实上，近得已经开始渗透过来了，
But you already know this don’t you?,但你已经知道这一点了，不是吗？
His gaze shifts to Embla,他的目光转向恩布拉，
You're talking about the Dragon,你在说龙，
The apprentices howl in terror and cover their ears,学徒们惊恐地嚎叫，捂住耳朵，
Its seven eyes are fixed on the Outer Isles,它的七只眼睛紧盯着外岛，
Something has been found that was perhaps never intended to see the light of day again,某种或许本不该再见天日的东西被发现了，
That is why you are traveling to the Black Priory,这就是为什么你要前往黑修院，
What can you tell me about the Black Priory?,关于黑修院，你能告诉我什么？
Certainly,当然，
My vaults hold countless wonders for you to peruse,我的宝库中有无数奇珍供你细览，
His eyes glint in a way that does not appear wholly natural,他的眼睛闪烁着一种不太自然的光芒，
#ChamberlainCastleTaken,#ChamberlainCastleTaken
No news of our missing citizens?,还没有我们失踪市民的消息吗？
I beg you make haste to Gradla,我恳求你尽快赶往格拉德拉
"And if you’ve not already done so, stop by the armory before you go!",如果你还没去的话，出发前先去一趟军械库！
# Chapter_0,# 章节_0
# Chapter_1,# 章节_1
#Chapter1ArrivalInGlen,#第1章 抵达格伦
You shield your face from the cold winds and icy drizzle as you survey the area,你用手遮挡着脸，抵御寒风和冰冷的细雨，同时环顾四周，
"In the secluded valley that lies ahead, you spot the unmistakable, shaggy white forms of a flock of goats",在前方僻静的山谷中，你看到了一群山羊，它们那蓬松的白色身影清晰可辨。
You’re just about to make your way towards them when a strange undulating howl echoes through the small valley,你正要朝它们走去，这时一阵奇怪的起伏嚎叫声回荡在小山谷中，
There's more than goats in this area,这个区域里可不止有山羊。
#Chapter1Chamberlain,#第1章 总管
"From what I hear, these men were bands of local fishermen and sailors!",据我所知，这些人原本都是本地的渔民和水手！
But why would they do something like this?,但他们为什么要做出这种事？
"Horryn was their home and for all his shortcomings, there were few Imperial officials as lenient as the governor!",霍林是他们的家园，而且尽管总督有种种缺点，但像他这样宽厚的帝国官员可不多！
Where is the governor now?,总督现在在哪？
I didn't see him as we fle,我们逃跑时我没看到他，
I mean 'made our strategic retreat',我是说“进行了战略撤退”，
I can only assume he died in the chaos,我只能推测他死于那场混乱，
And the cruelest joke of all,而最残酷的玩笑是，
That leaves me the ranking Imperial Official on the island,这让我成了岛上职位最高的帝国官员，
Farewell for now,暂时告别了，
Driina scowls at you,德莉娜对你怒目而视，
Markus shakes his head dejectedly,马库斯沮丧地摇了摇头，
I’m certainly not going to beg you for aid,我当然不会乞求你的援助，
"But I’ll say, if there exists a way to retake the city, I believe it is contingent on the survival of this camp",但我要说，如果存在夺回城市的办法，我相信那取决于这个营地的存亡，
"Beyond that, I bid you go to whatever fate awaits you",除此之外，我祝你踏上任何等待你的命运，
What can I do to help then?,那我能帮上什么忙？
The color drains from Markus' face,马库斯的脸色变得苍白，
But… but Driina are you leaving as well?,但……但是德莉娜，你也要走吗？
I need you here in camp,我需要你留在营地，
We've already discussed this!,我们已经讨论过这个了！
I cannot do this without you!,没有你我做不到！
I'm not a leader - I'm a glorified scribe!,我不是个领袖——我只是个被美化的书记员！
Who will keep their spirits up?,谁来提振他们的士气？
And what am I going to do when people start dying from the outbreak?,当人们开始死于疫病时，我又该怎么办？
All the blood and shit and,所有的血污和秽物，还有……
"You will find your strength, my old friend",你会找到你的力量的，我的老朋友，
The Golden Dead will guide you,黄金先祖会指引你，
"Besides, we both know that nothing will be solved by me waiting here in camp",再说，我们都知道，我干等在营地里解决不了任何问题，
We must try to seize the initiative in whatever way we can,我们必须想尽一切办法，努力掌握主动权，
Driina puts her hand on his shoulder,德莉娜把手放在他的肩上，
Markus lets out a deep sigh before looking up,马库斯深深叹了口气，然后抬起头，
"You are right, Driina",你说得对，德莉娜，
As always,一如既往，
Clear your throat,清了清嗓子，
"Driina, perhaps you should stay here after all",德莉娜，也许你终究还是该留在这里，
"Driina motions towards you,",德莉娜向你示意，
Gallian himself may have provided for us,伽里安本人或许曾为我们提供过帮助，
"Markus looks up at you, seemingly having forgotten you were in the tent",马库斯抬头看着你，似乎忘了你还在帐篷里，
I'm looking for a way into Horryn,我在找进入霍林的路，
Driina's gaze could shatter stone,德莉娜的目光足以粉碎石头，
The decision is mine to make And I have made it,这是我的决定，而且我已经决定了，
"Now, we have tarried for too long",现在，我们已经耽搁太久了，
"Markus, tell our friend here of Horryn’s fate",马库斯，告诉我们的这位朋友霍林的命运，
I fear out path leads there eventually,恐怕我们的道路最终会通向那里，
Go there if you will but entering Horryn may indeed prove a tall order,你想去就去吧，但进入霍林确实可能极其困难，
Township’s been overrun by madmen!,镇子已经被疯子们占领了！
Hundreds lie dead in the street and those who remain cling to life on this barren plot of farmland!,数百人横尸街头，而幸存者则在这块贫瘠的农田上苟延残喘！
"As for the city gates, they have been sealed and our attackers have left us with no way back into the city",至于城门，它们已经被封锁，攻击者没给我们留下任何返回城里的路，
But what happened?,但发生了什么？
It started some days ago,事情发生在几天前，
I was awoken in the middle of the night by the governor's guards,我在半夜被总督的守卫叫醒，
"They told me we were under attack and that packs of crazed brigands were already roaming the streets, spilling blood by the river-full!",他们告诉我，我们遭到了攻击，成群结队的疯狂强盗已经在街上游荡，血流成河！
I never saw such chaos before,我从未见过如此混乱，
The dead lay strewn in the streets and we had to sneak from corner to corner just to get away with our lives!,死者横尸街头，我们不得不从一个角落潜行到另一个角落，只为逃命！
"By some stroke of luck, we came upon Driina and a handful of other guards and managed to make our way to the gate with what survivors we could find!",凭着几分运气，我们遇到了德莉娜和少数几个守卫，并设法带着我们能找到的幸存者赶到了大门！
We set up this camp whilst we,我们建起了这个营地，而我们……
Well frankly I don't know,唉，坦白说，我不知道，
All I can do is try to keep us alive till tomorrow,我能做的就是努力让大家活到明天，
It sounds like you're about to plead for help?,听起来你像是要恳求帮助？
I'd say no,我会说不，
Iben the ranger is keeping the city under watch and he reports that the Reavers have sealed its gates,游侠伊本正在监视城市，他报告说劫掠者已经封锁了城门，
We’ve found no other way of entering it,我们还没找到其他进入的方法，
Though what you expect to find in there save a gruesome death is beyond me,不过，除了惨死之外，你还指望在里面找到什么，我实在想不通，
But what do you intend to do then?,但那你打算怎么办？
Sit here and wait for death?,坐在这里等死吗？
Certainly not!,当然不！
"But with the state this camp is in, it’s all we can do to keep death from our throats",但以这个营地的状况，我们能做的也仅仅是让死亡别那么快降临到我们头上，
"If we are ever to hold out until reinforcements arrive, much less retake the town, then we must do what we can to gather our strength!",如果我们想坚持到增援到来，更不用说夺回镇子了，那我们就必须尽一切可能积蓄力量！
For now that means food and medicine,眼下这意味着食物和药品，
Regarding that,说到这个，
I best be on my way then,那我最好这就出发，
The Chamberlain,总管，
The man before you has the look of a high-ranking Imperial bureaucrat,你面前的这个男人有着帝国高级官僚的模样，
"However, there is little pomp left in him now",然而，他现在身上几乎没什么排场了，
His robes are ragged; his cheeks hollowed; his spectacles cracked,他的长袍破烂不堪；脸颊凹陷；眼镜也裂了，
He mumbles to himself as he despondently pores over stacks of papers and maps,他沮丧地翻阅着一堆堆文件和地图，嘴里喃喃自语，
He looks up at you with a start,他吃惊地抬头看着你，
"What's this, then?",那么，这是怎么回事？
More mouths to feed?,又多了几张嘴要喂？
"Or, by some miracle, do you come laden with supplies, medicine and men-at-arms?",或者，奇迹般地，你是带着补给、药品和士兵来的？
Driina gives the man a strict look,德莉娜严厉地看了那人一眼，
"Markus, we’re in no position to turn allies away",马库斯，我们没资格把同伴拒之门外，
Common courtesy will go a long way,基本的礼貌会很有帮助，
"Careful, little man",小心点，小个子，
The man sighs and sinks further back in his seat,男人叹了口气，更深地陷进椅子里，
Forgive me,原谅我，
I'm not myself,我有些失态了，
The world seems to be coming undone and I am left holding the pieces,世界似乎正在分崩离析，而我却被留下来收拾残局，
He wipes his balding head with a piece of cloth,他用一块布擦了擦他秃顶的脑袋，
Markus Stonehold at your service,马库斯·斯通霍德，愿为您效劳，
Chamberlain to the most glorious office of the Governor of Idra,伊德拉总督最光辉办公室的总管，
"He makes a sharp little bow, his words dripping sarcasm",他利落地微微鞠了一躬，话语中充满了讽刺，
How may I be of assistance?,有什么可以帮您的？
I'm trying to get to Horryn,我正设法去霍林，
I've come to offer my assistance!,我是来提供帮助的！
We are in need of aid,我们需要援助，
Me?,我？
Aid you?,援助你们？
The man scoffs incredulously,男人难以置信地嗤笑一声，
"At present, we'll be blessed by the Dead if we survive another night or two!",眼下，我们要是能再撑过一两个晚上，就算先祖保佑了！
But I need to get to Horryn!,但我必须去霍林！
Markus blinks bewildered,马库斯困惑地眨了眨眼，
He gestures to his papers,他指了指他的文件，
"With the governor missing and the camp overflowing, things are chaotic, to say the least",总督失踪，营地人满为患，至少可以说，情况一片混乱，
Any assistance you can offer will surely help me avoid an early grave,你能提供的任何帮助，肯定都能帮我免于早早入土，
Driina offers a sympathetic smile,德莉娜露出一个同情的微笑，
If I... we can help - we will,如果我……我们能帮忙——我们会的，
"Nonetheless, I do not know you and though your motives may be pure, I’ve learned a long time ago to be wary of sellswords",尽管如此，我不认识你，而且就算你的动机可能很纯粹，我很久以前就学会了要提防佣兵，
"Tell me, why are you here in the first place?",告诉我，你最初为什么会来这里？
The people are starving around us,我们周围的人正在挨饿，
Already the very young and the very old have begun to pass and soon none of us will have the strength to fight should the reavers come for us,年幼和年老的人已经开始死去，很快，如果劫掠者来袭，我们谁都没有力气战斗了，
"In other words, we need food and we need it fast",换句话说，我们需要食物，而且急需，
Talk to Frantzo,去找弗兰佐谈谈，
He’s serving as our cook and quartermaster and he might know where to start,他是我们的厨师兼军需官，他可能知道从哪里着手，
You’ll find him just outside this barn,你会在谷仓外面找到他，
And you mentioned a disease outbreak?,你还提到有疫病爆发？
Indeed,没错，
Disease is spreading in camp,疾病正在营地蔓延，
"Hierophant Drahl has set up a makeshift infirmary in the main house, but so far he’s had little luck in combating the infection",大祭司德拉尔在主屋设立了一个临时医务室，但到目前为止，他在对抗感染方面收效甚微，
Help him and you will have helped us all,帮助他就是帮助我们所有人，
Talk to Frantzo regarding the dwindling food supplies and Drahl regarding the disease outbreak,去找弗兰佐谈谈日益减少的食物供应，找德拉尔谈谈疫病爆发的事，
And do hurry,务必快点，
People are dying as we speak,就在我们说话这会儿，都有人在死去，
Markus sits where you left him,马库斯坐在你离开时的位置，
"Grimly pouring over lists, manifests and maps",阴郁地翻阅着清单、货单和地图，
"Pushing his broken spectacles up his nose, he peers up at you",他把破了的眼镜往鼻子上推了推，凝视着你，
You're back,你回来了，
I hope for good news!,我希望是好消息！
Markus sighs deeply,马库斯深深叹了口气，
"If there is nothing else, my migraine needs tending to...amongst other things",如果没有别的事，我的偏头痛需要处理一下……还有其他一些事，
The Chamberlain gestures to the piles of papers surrounding him,总管指了指身边成堆的文件，
What do you want to know?,你想知道什么？
Is there no way of getting into Horryn?,真的没办法进入霍林吗？
Any idea who the mad-men who attacked Horryn are?,知道袭击霍林的那些疯子是谁吗？
Regarding work,关于工作，
Nothing for now,暂时没有，
He lets out a sigh,他叹了口气，
"Oh, where to start?",哦，从何说起呢？
This camp is a disaster!,这个营地简直是个灾难！
There is no medicine for the sick and wounded while mad-men and beasts bay for our blood at the gates!,没有药品给伤病员，而疯子和野兽就在大门口渴望着我们的鲜血！
The haggard man wipes his brow,憔悴的男人擦了擦额头，
Anything I can do to help?,有什么我能帮忙的吗？
What did you need again?,你刚才需要什么来着？
#Chapter1Cook,#第一章厨师
Frantzo listens to your description of Embla and strokes his beard,弗兰佐听着你对恩布拉的描述，捋着胡子
"I might have seen her, but this hunger is making me hazy",“我可能见过她，但这饥饿让我头昏眼花”
Help us find something to eat and chances are it'll clear my memory too,帮我们找点吃的，说不定也能让我的记忆清晰起来
Fair enough,很公平
The name rings a bell,这名字有点耳熟
"Hmm, yes, I remember the girl!",“嗯，是的，我想起那个女孩了！”
"She arrived at my inn a few weeks ago, booked a room for two weeks and payed up front",“她几周前来到我的旅店，订了两周的房间，还预付了房钱”
"She was polite, kept to herself mostly",“她很有礼貌，大多时候独来独往”
"Far as I could tell, she was making trips towards the northern coastline",“据我所知，她经常前往北部海岸线”
"She never gave up any hints as to why, though",“不过，她从未透露过原因”
The room was still in her name when the doom came - but I remember thinking I hadn't seen her for days beforehand,灾难降临时房间还在她名下——但我记得在那之前好几天都没见到她了
"I wager she was either already dead, or safely on one of her excursions the night everything ended",“我猜她要么已经死了，要么在一切终结那晚正好安全地外出探险了”
"If you're looking for her and have a death wish, she was staying in the 'Sunset Suite', on the second floor",“如果你要找她，而且不怕死的话，她当时住在二楼的‘落日套房’”
"My inn, 'The Haven' is...was just off the main square",“我的旅店，‘避风港’，就在主广场边上……曾经是”
Where are they?,它们在哪儿？
They are waiting in the enclosure behind you!,它们就在你身后的围栏里等着呢！
They are being kept in a glen up in the foothills!,它们被关在山麓丘陵的一个峡谷里！
Frantzo is thoughtfully peeling onions as he hums a tune in some foreign language,弗兰佐一边若有所思地剥着洋葱，一边用某种外语哼着小调
Good to see you!,见到你真好！
You approach a haggard looking man wearing a threadbare cook's apron,你走近一个面容憔悴、穿着破旧厨师围裙的男人
"I don't know what you heard, but there's no food here for you, or anyone",“我不知道你听说了什么，但这里没有食物给你，也没有给任何人的”
he growls,他咆哮道
"Complain to the chamberlain if you want, just leave me alone",“想投诉就去找总管，别来烦我”
The chamberlain said you needed help,总管说你这里需要帮忙
Likewise,彼此彼此
The cook's eyes meet yours for the first time,厨师第一次正视你的眼睛
"Honestly, the situation is beyond dire",“说实话，情况糟糕透顶”
People are starving by the day and we have no supplies,人们一天天在挨饿，而我们没有补给
"The old, the sick the young; they'll all be dying off at this rate",“老人、病人、孩子；照这样下去他们都会死”
Got any ideas?,有什么主意吗？
"Well, none of us have the strength or courage left to venture out of sight of the camp to hunt and forage",“唉，我们谁也没有力气或勇气走出营地视线范围去打猎和觅食了”
The cook looks you up and down,厨师上下打量着你
But you look capable enough,但你看起来挺有本事的
You could go beyond the walls and look for something more substantial?,你可以到墙外去找些更实在的东西？
These people can’t live on vegetable broth alone,这些人光靠蔬菜汤活不下去
They need meat and fat,他们需要肉和脂肪
Especially if there’s fighting to be had,尤其是如果要打仗的话
Any idea where I should look?,知道我应该去哪儿找吗？
I do indeed,我当然知道
Frantzo leans in,弗兰佐凑近身子
Old Jakub owns this farm,老雅库布拥有这个农场
"It might not seem like much to a mainlander but here on Idra, this farm here is large enough",“对大陆人来说可能不算什么，但在伊德拉，这个农场已经够大了”
"You see, Jakub and his family had a large flock of goats when the calamities started",“你看，灾难开始时，雅库布一家有一大群山羊”
Right over there in the enclosure behind us,就在我们身后的围栏里
"Now, the old man told the chamberlain that the beasts bolted when the calamities started",“后来，老人告诉总管，灾难开始时那些牲畜都惊跑了”
That it drove them all insane and that they scattered into the hills,说它们全都发了疯，四散逃进了山里
"Well, that may be rightly so but I have my suspicions",“嗯，也许是这样，但我有我的怀疑”
You're saying he hid the animals away?,你是说他藏起了那些牲畜？
"Look, I can’t say I blame the man",“听着，我也不能怪他”
Us refugees have made a mess of his farm,我们这些难民把他的农场弄得一团糟
And if we find hands on those animals we’ll surely fall upon them like locusts,要是我们找到那些牲畜，肯定会像蝗虫一样扑上去
It would ruin him and truly it would be a shame if the man lost his livelihood,那会毁了他，说真的，如果一个人失去了生计，那太可惜了
But better that than having to see children starve,但总比看着孩子们挨饿要好
Now you best get going,你最好现在就出发
I see people have started eying the rats,我看到人们已经开始盯着老鼠了
"If what you say is true, you have a chance to save a lot of people here",“如果你说的是真的，你就有机会拯救这里的许多人”
All you have to do is to herd them back to camp,你只需要把它们赶回营地
If you don’t tread carefully though there might be trouble with Jakub and his lad but better that than having to see children starve,不过如果你不小心行事，可能会和雅库布和他儿子起冲突，但总比看着孩子们挨饿要好
I knew it!,我就知道！
I bloody knew it!,我他妈就知道！
And you led them right to us I see!,我看你把它们直接带到我们这儿来了！
By the Maidens this will do these poor people good,以少女们之名，这对这些可怜人大有好处
Though I fear for old Jakub if people find out he was hoarding his livestock whilst others were dying,不过我担心，要是人们发现老雅库布在别人快死的时候囤积牲畜，他会怎么样
"In any case, we have food now to last us a while and it is all thanks to you",“不管怎样，我们现在有食物能撑一阵子了，这全都多亏了你”
I had some questions first,我先有几个问题
Bye,再见
"With impeccable timing, the work party of sailors arrives carrying the crates of supplies",“时机恰到好处，水手们组成的劳工队抬着补给箱到了”
Frantzo slaps his meaty palms together,弗兰佐拍了拍他厚实的手掌
I knew you could do it {PLAYER}!,我就知道你能行，{PLAYER}！
You’ve saved a lot of lives today,你今天救了很多条命
Not to mention what people would have done to Jakub if it turned out he had been hiding livestock from them,更别提要是人们发现雅库布对他们藏匿牲畜，会对他做出什么事了
I'll see you around,回头见
Well,嗯
What's eating you?,你有什么烦心事？
The cook chuckles darkly,厨师阴沉地笑了笑
What's your story?,你有什么故事？
Ask about Embla,询问恩布拉的事
Goodbye,再见
The cook's eyes widen in hope,厨师眼中燃起希望
"So, what news, did you find anything I can put in folk's bellies?",“那么，有什么消息，找到什么能填饱大家肚子的东西了吗？”
I found supplies!,我找到补给了！
Good to see you again {PLAYER}!,又见到你了，{PLAYER}！
My story is similar to most folk around here; sudden ruin,我的故事和这里大多数人差不多；突如其来的毁灭
"I had an inn, respectable place, right on the main square it was",“我有一家旅店，体面的地方，就在主广场上”
So even if I survive this place - seems like I have nothing to go back to,所以即使我活过了这个地方——似乎也没什么可回去的了
I'm sorry to hear that,听到这个我很难过
By the maidens tell me it is so!,以少女们之名，告诉我这是真的！
Don’t wave food in front of the starving!,别在挨饿的人面前炫耀食物！
Where did you find it?,你在哪儿找到的？
We found Jakub's goats!,我们找到了雅库布的山羊！
I purchased supplies from smugglers!,我从走私者那里买了补给！
#Chapter1DeadSailors,#第1章 死亡水手
The stench of rotting flesh fills your nostrils,腐烂肉体的恶臭充斥着你的鼻孔
"Ahead of you, grotesquely misshapen crustacean horrors feast greedily on the corpses of the dead crew of the Zephyr",在你前方，奇形怪状的甲壳类怪物贪婪地啃食着西风号死去船员的尸体
Blasted horrors!,该死的怪物！
Kat spits through gritted teeth!,卡蒂咬牙切齿地啐了一口！
What manner of force has spawned these creatures?,是什么样的力量催生了这些生物？
#Chapter1DriinaIntro,#第1章 德里娜出场
"In the center stands a formidable, armored woman",中央站着一位威严的、身披铠甲的女人
She carries an unmistakable air of authority and the insignia on her armour marks her as a cleric of the Order of Sepulchites,她带着一种不容置疑的权威气质，铠甲上的徽记表明她是葬仪修会的一名牧师
The tattered band of refugees surrounding her are agitated and shouting over one another,围在她身边的衣衫褴褛的难民们情绪激动，互相叫嚷着
But there are so few of us!,但我们的人太少了！
Horryn was home to two hundred and we're but a few score left!,霍林曾有两百人，如今我们只剩下几十个了！
cries a ragged man with tears in his eyes,一个衣衫破烂、眼中含泪的男人哭喊道
"By the Golden Corpses, there must be survivors!",以金色尸骸之名，一定还有幸存者！
beseeches another,另一个人恳求道
And who are we to send?,我们又能派谁去呢？
Half of us won't live through next Marketday and the other half ain't fit to hold 's much as a stick!,我们一半人活不过下一个集市日，另一半人连根棍子都拿不稳！
"an old crone interjects, panic quivering in her voice",一个老妇插嘴道，声音因恐慌而颤抖
The crowd erupts in a cacophony of desperate appeals,人群爆发出绝望的恳求声，一片嘈杂
The cleric raises her arms and the crowd falls silent,牧师举起双臂，人群安静下来
Her sonorous voice rings out,她洪亮的声音响起
We may indeed be cursed,我们或许确实被诅咒了
"But Aldon is right - there may yet be survivors in Horryn, and it's my duty to go to their aid",但奥顿说得对——霍林可能还有幸存者，前去援助他们是我的职责
"Or, at least, to learn what fate befell them",或者，至少，去了解他们遭遇了什么命运
"The assembly errupts again - some blessing the cleric in tears of hope, others clinging to her robes while pleading for her to not risk her life",集会再次喧闹起来——一些人含着希望的泪水祝福牧师，另一些人则抓着她的长袍恳求她不要冒险
"Through the crowd, the woman catches sight of you, and nods curtly",穿过人群，那女人看到了你，并简短地点了点头
"She turns away and begins to load up on supplies, no doubt intent on making good on her promise to the panicked refugees",她转过身，开始装载补给，无疑是要兑现她对惊慌失措的难民们的承诺
"Entering the ragged camp, you notice a small crowd nearby, arranged in an inward looking ring",走进破败的营地，你注意到附近有一小群人，围成一个向内看的圆圈
#Chapter1DriinaMain,#第一章德莉娜主线
The reavers came from inside the town,劫掠者来自镇内
"I recognized some of them as sailors, fishermen and whalers",我认出其中一些是水手、渔民和捕鲸人
"Locals, mostly from old Idran families",本地人，大多来自古老的伊德拉家族
Perhaps they belonged to one of the lodges,也许他们属于某个会所
Driina,德莉娜
The imposing cleric holds up a palm in greeting,威严的牧师举起手掌致意
"Welcome to our new home, stranger",欢迎来到我们的新家，陌生人
The people of this island know me as Driina,这座岛上的人们称我为德莉娜
I serve the Golden Dead and this camp - these people - are under my protection,我侍奉黄金先祖，而这个营地——这些人——都在我的保护之下
What brings you here?,什么风把你吹来了？
I was heading to Horryn,我正要去霍林
I'm searching for someone,我在找一个人
A terror from the deep claimed our ship,深海中的恐怖之物摧毁了我们的船
"Driina nods and smiles to a passing refugee, before leaning in close to you, and asking in a low voice, ""and what business did you have in Horryn?",德莉娜向一个路过的难民点头微笑，然后凑近你，低声问道：“那么你去霍林有何贵干？”
We lost our supplies,我们丢失了补给品
I'd hoped to re-stock,我本希望补充物资
I had hoped to recruit new sword arms,我本希望招募新的剑士
I was looking for someone,我在找一个人
"She leans back, her eyes still flinty",她向后靠去，眼神依然冷峻
Are you not aware of the situation here?,你难道不清楚这里的局势吗？
These people say the island is surely doomed,这些人说这座岛肯定在劫难逃
Her eyes bore into you - gauging your reaction,她的目光紧盯着你——揣度着你的反应
And what say you?,那么你怎么说？
I couldn't care less for your troubles,我对你们的麻烦毫不关心
Here on Idra?,就在伊德拉？
"That may prove to be a difficult task, given the tempest that's engulfed this island",考虑到席卷这座岛屿的风暴，这可能会是一项艰巨的任务
Driina fidgets with a heavy looking ring on her finger while she listens to your description of Embla,德莉娜一边听着你描述恩布拉，一边摆弄着手指上一枚看起来很重的戒指
She's certainly not in the camp and I can't say I remember seeing her in Horryn,她肯定不在营地里，而且我也不能说记得在霍林见过她
But perhaps that bodes well for your quest,但也许这对你的任务来说是个好兆头
One of the primary tasks of my order is to care for the dead,我所属修会的主要任务之一就是照料死者
And I can say with certainy that I didn't lay to rest anyone matching her description before the fall of Horryn,而且我可以肯定地说，在霍林陷落之前，我没有安葬过任何符合她描述的人
Do you have any suggestions where to look?,你有什么建议去哪里寻找吗？
"Beyond travelling to Horryn, you may want to ask around here in camp",除了前往霍林之外，你或许可以在营地里四处打听一下
A few of the merchants survived - perhaps she visited one during her stay,有几个商人幸存了下来——也许她逗留期间拜访过其中一位
We need answers!,我们需要答案！
Driina gestures at the refugees languishing in the camp before continuing,德莉娜指了指营地里萎靡不振的难民们，然后继续说道
"And it's my duty to seek them out, if they exist",而我的职责就是找出答案，如果它们存在的话
I must venture to find a way back into Horryn,我必须冒险找到返回霍林的路
"And thence somewhere darker, I fear",恐怕从那里还要去往更黑暗的地方
"Failing that, the situation here in camp is getting untenable",如果做不到，营地这里的局势正变得难以为继
Anything that can be done to improve it will be a small victory,任何能改善现状的事情都将是一场小小的胜利
Are you planning to go alone?,你打算独自前往吗？
Why not wait for reinforcements?,为什么不等待增援？
I care not for this fools errand!,我才不在乎这种愚蠢的差事！
If I must,如果我必须如此
"Doomed or not, it's all dust in the end and I intend to die in armor",无论是否注定毁灭，最终一切皆为尘土，而我打算穿着护甲死去
"But, from what I can tell, we must both tread the same terrible path?",但是，据我所知，我们俩都必须踏上同一条可怕的道路？
"Though our reasons may differ, surely there is safety to be had in numbers?",尽管我们的理由可能不同，但人多势众总归更安全吧？
Let's join forces,我们联手吧
"There is no room for you in my company, but I'll help nontheless",我的队伍里没有你的位置，但我还是会帮忙
I care not for helping,我对帮忙不感兴趣
"One way or another, Horryn must be investigated, but I cannot be in two places at once and perhaps I can do more good here in camp after all",无论如何，霍林必须被调查，但我分身乏术，而且也许我终究能在营地里做更多好事
"If you go there - please, bring word of what you find",如果你去那里——请带回你发现的消息
However grim those tidings may be,无论那些消息有多么严峻
I can do that,我能做到
I'm not promising anything,我不做任何承诺
Some people only care for their own skin,有些人只关心自己的安危
"But look around you - if some measure of compassion for these people touches your heart, I will be here for a short while yet",但看看你的周围——如果对这些人的一丝怜悯触动了你的心，我还会在这里待一小段时间
"On second thought, you should join me",转念一想，你应该加入我
"I'll consider helping, but I don't want you to join me",我会考虑帮忙，但我不想让你加入我
Our graveyards have been overflowing as of late with stranger killing stranger for no good reason,近来我们的墓地已经人满为患，陌生人无缘无故地互相残杀
"And worse, I think, brother and brother, husband and wife",而且更糟的是，我想，还有兄弟相残，夫妻反目
It's become a tide of ruin,这已经变成了一股毁灭的浪潮
"I implored the Governor to intervene and investigate, but as usual he did nothing but cower in his villa and peer over his walls",我恳求总督干预并调查，但像往常一样，他什么也没做，只是蜷缩在他的别墅里，从墙头窥视
The Governor?,总督？
There is always hope - in this life or beyond it,总有希望——无论今生还是来世
"However, I have seen things these last days that I cannot readily explain or reconcile with my faith",然而，这些天来我目睹了一些我无法轻易解释或与我的信仰调和的事情
"Then, a few nights ago, pandemonium erupted",然后，几天前的夜里，骚乱爆发了
"Bands of armed men and women roamed the town, hacking down anyone they came across",成群结队的武装男女在镇上游荡，砍倒他们遇到的任何人
"Some folks claim those that did not die on the spot were dragged away, to suffer some unknown fate",有些人声称那些没有当场死去的人被拖走了，去遭受某种未知的命运
My order and I joined what sane guardsmen remained in the chaos and tried to stem the tide - but we were driven from the city in the panicked exodus that followed,我和我的修会加入了混乱中仅存的清醒卫兵，试图遏制这股浪潮——但我们随后在恐慌的大逃亡中被逐出了城市
"We considered retaking the town, but we had scores of wounded",我们考虑过夺回镇子，但我们有大量伤员
"So we retreated, better to save the lives not yet lost",所以我们撤退了，最好拯救那些尚未失去的生命
"We set up this camp to regroup and to care for the wounded, but a shadow hangs over us",我们建立了这个营地以重整旗鼓并照料伤员，但一片阴影笼罩着我们
"The wounded do not recover, and those still on their feet slowly lose their mind, or hearts",伤员们无法康复，而那些还能站立的人也渐渐失去理智，或心志
What do you intend to do now?,你现在打算做什么？
Driina's face lights for an instant,德莉娜的脸庞瞬间亮了起来
These people - my people - I feel their pain,这些人——我的人民——我感受到他们的痛苦
"And we will mourn together, later",稍后我们会一起哀悼
"For now, they deserve answers",但现在，他们理应得到答案
"And by the Emperors' bones, I will get them some",以帝皇的骸骨起誓，我会给他们一些答案
Then that is the course laid out for us,那么这就是为我们铺就的道路
I pray your resolve may help you through the darkness that lies ahead,我祈祷你的决心能帮助你度过前方的黑暗
"I will not barter for what should be an act of compassion, given freely, if that is what you're implying",我不会为那本该是出于怜悯而自愿给予的行为讨价还价，如果你是在暗示这个的话
"Either way, I wish you luck",无论如何，祝你好运
I both look forward to and dread seeing you again,我既期待又害怕再次见到你
I have questions,我有问题
A drunken buffoon in my estimation,依我看，是个醉醺醺的小丑
"He did not deserve to die however, and I don't think he made it out of Horryn",然而他不该死，而且我认为他没能逃出霍林
"Markus, his chamberlain did however",不过，他的总管马库斯逃出来了
I suppose he's the closest we're to a leader at the moment - though he may wish it were not so,我想他是我们目前最接近领袖的人了——尽管他可能希望并非如此
What happened next?,接下来发生了什么？
Let's be off!,我们出发吧！
The Golden Dead watch over you,愿黄金先祖守护你
Then we have nothing to dicuss!,那我们没什么好谈的了！
Begone!,走开！
The cleric turns her back on you and continues her preparations,牧师转过身去，继续她的准备工作
There are long traditions on Idra for the fishermen and sailors to band together in fellowships known as lodges,在伊德拉，渔民和水手们结成名为会所的团体有着悠久的传统
"From what I understand, they serve mainly as combines for fair distribution of the day's catch",据我所知，它们主要作为公平分配当日渔获的联合组织
But there are persistent rumors of them serving other purposes too,但一直有传言说它们也服务于其他目的
Rumors?,传言？
"Our Order is an Imperial one - the locals would be loath to discuss such things with us - but I've always suspected they practiced pre-Imperial customs of ocean-worship, including offerings to ensure safe travel and bountiful catches",我们的修会属于帝国——本地人不愿与我们讨论这类事情——但我一直怀疑他们奉行着帝国之前的海洋崇拜习俗，包括献祭以确保航行安全和渔获丰饶
"Driina looks expectantly at you, one brow arched",德莉娜期待地看着你，挑起一边眉毛
Ask Driina about Embla,向德莉娜询问恩布拉
Who do you think attacked Horryn?,你认为是谁袭击了霍林？
It's time to go,该出发了
Before we leave we should seek out Markus - our leader of sorts,在我们离开之前，我们应该去找马库斯——我们所谓的领袖
He's holed up in the stable trying to organize this mess of a camp,他躲在马厩里，试图整顿这个混乱的营地
"Holy Ashes, no one tries harder than him, but the task at hand is monumental and he needs help",圣灰在上，没有人比他更努力了，但手头的任务艰巨，他需要帮助
"If you feel the calling, you should seek out Markus - our leader of sorts",如果你感受到召唤，你应该去找马库斯——我们所谓的领袖
Reinforcements?,增援？
From whence?,从何而来？
"Even if the Imperial Augers are aware of our plight, relief will still be weeks away if it arrives at all",即使帝国卜兆师知晓我们的困境，救援也还要数周才能到达，如果它真能到达的话
"No, our fate is in our own hands and I fear I must bear the brunt of the hardships ahead",不，我们的命运掌握在自己手中，而且我担心我必须承担起未来艰难困苦的主要压力
And you would venture out alone?,而你要独自冒险出去？
Driina looks up at you with steely eyes and offers a curt greeting,德莉娜用钢铁般的眼神抬头看着你，简短地打了个招呼
Golden Dead watch over you,愿黄金先祖守护你
I have some questions for you,我有些问题要问你
I want you to join me!,我要你加入我！
You speak of the leviathan,你提到了利维坦
The fishermen first saw it about a week before the fall of Horryn,渔民们第一次看到它大约是在霍林陷落前一周
"I do not know what black depths spawned it, but the natural order of things is fast becoming undone",我不知道是什么黑暗深渊孕育了它，但事物的自然秩序正在迅速瓦解
"Tell me, why did you come to this accursed island?",告诉我，你为什么来到这座被诅咒的岛屿？
I'm lookong for someone,我在找一个人
I was bound for Horryn,我本是要去霍林的
"But, from what I can tell, we must both tread the same terrible path",但是，据我所知，我们俩都必须踏上同一条可怕的道路
#Chapter1Farmer,#第一章农夫
What of them?,他们怎么了？
I found them up in the glen,我在峡谷里找到的他们
What happened to them?,他们出了什么事？
The man mutters something under his breath and spits as a group of refugees pass,男人低声嘟囔着什么，朝经过的一群难民啐了一口
As he notices you lingering he fixes you with a bitter frown,当他注意到你在徘徊，便对你投来怨恨的皱眉
More leeches come to bleed me?,又有吸血鬼来吸我的血了？
Is this your farm?,这是你的农场吗？
He scoffs,他嗤之以鼻
If you can still call it that!,如果你还能这么叫的话！
It's ruined,全毁了
All my crops are trampled and my goats are gone!,我所有的庄稼都被踩烂了，山羊也没了！
We're going to starve next year thanks to this catastrophe!,多亏了这场灾难，明年我们就要饿死了！
Still seems you're better off than the people living in the camp,看起来你还是比营地里的那些人过得好
Spare me the sob-story,省省你的苦情戏吧
"A balding man with a hard, wrinkled face the texture of old leather, stands leaning against the wall of the farmhouse",“一个秃顶的男人，面容粗糙、布满皱纹，像旧皮革的质地，倚靠在农舍的墙边”
He’s thoughtfully chewing a straw as he dejectedly surveys the muddy chaos that was once his well-kept farm,他若有所思地嚼着一根稻草，沮丧地审视着这片泥泞的混乱——这里曾是他精心照料的农场
Approach,走近
He scoffs and turns his back to you,他嗤笑一声，转过身去背对着你
"Wait, I have some questions",“等等，我有些问题”
The man's eyes narrow,男人眯起了眼睛
He begins to whittle away at a stick and won't look directly at you,他开始削一根木棍，不肯直视你
It's clear he knows what you're talking about,显然他知道你在说什么
You can't keep hiding such a large herd while the camp starves,营地都在挨饿，你不能一直藏着这么大一群牲口
Your boy is begging to come home,你的儿子在哀求着要回家
I'll keep your herd a secret for a price,我可以替你保守牲口的秘密，不过得有个价
Begging?,哀求？
The boy's soft,那小子太软弱
If he wants to come home he needs to prove himself!,他要是想回家，就得证明自己！
I'm doing this for his own good,我这是为他好
Is it gold you're after then?!,那你图的是金子喽？！
The man’s face goes red as he takes a step towards you,男人脸涨得通红，朝你逼近一步
He stands there for a moment trembling with rage before looking around and becoming aware that the other people of the camp are watching,他站在那里，气得浑身发抖，过了一会儿环顾四周，意识到营地里的其他人都在看着
You’re cruel indeed to fleece an old man so close to his skin,你可真残忍，连一个几乎一无所有的老人都要敲诈
But I can’t lose my animals,但我不能失去我的牲口
"Take this, and may your bones be ground to dust",“拿着这个，愿你粉身碎骨”
He presses a small pouch of 50 gold into your hand,他把一小袋50金币塞进你手里
Get out of here before I let my axe do the talking!,快滚，不然就让我的斧头来说话！
I'm bringing the animals to the camp one way or another,不管怎样，我都要把牲口带回营地
I want no part in this,我不想掺和这事
The man's face reddens,男人的脸更红了
I can and I will!,我能，而且我会！
It's their fault we're in this mess!,我们落到这步田地，都是他们的错！
Dead,死了
They must be,肯定死了
"Ran off into the forest when the sky fell, and nothing survives in that emperor's-foresaken place for long",“天塌下来的时候跑进了森林，在那个帝皇遗弃的地方，什么都活不长”
Are you lying to me?,你在对我撒谎吗？
Tell me the truth or I'll be forced to make you,告诉我实话，否则我就只好逼你说了
The old man shifts uncomfortably,老人不自在地挪动了一下
He looks down at his feet and sighs,他低头看着自己的脚，叹了口气
"I know it ain't right, but we borrowed hard from the Free-Lenders Guild to build this farm, and my goats...they're all I have left",“我知道这不对，但我们为了建这个农场，向自由钱贷行会借了一大笔钱，而我的山羊……是我仅剩的一切了”
"If I lose them too, I'm done for",“要是连它们也没了，我就完了”
"Me, my wife and son, indenturement for the lot of us!",“我，我老婆和儿子，我们全家都得去当契约奴！”
Where are the animals now?,牲口现在在哪儿？
The old man looks at you unflinchingly,老人毫不畏缩地看着你
I am telling you the truth,我说的是实话
The farmer hesitates for a moment and then his face hardens,农夫犹豫了片刻，然后脸色一沉
Fuck you and fuck this rotten pack of beggars and thieves,去你妈的，去他妈这群烂乞丐和小偷
I’ll die before I tell you,我死也不会告诉你
That can be arranged,这好办
The man's eyes narrow and you can see his jaw-muscles tensing,男人眯起眼睛，你能看到他下颌的肌肉绷紧了
How do you feel about the camp?,你对营地有什么看法？
About your animals,关于你的牲口
Bloody wretches,该死的可怜虫
They could have gone anywhere!,他们本可以去任何地方！
But my farms were closest and now they've picked me clean and trampled my fields,可我的农场最近，现在他们把我搜刮得一干二净，还踩烂了我的田地
We're ruined!,我们全毁了！
The farmers eyes flare with rage and defiance,农夫眼中燃起怒火与反抗
The people of this camp need the food,这个营地的人需要食物
Perhaps you can get a fair price from the chamberlain?,也许你能从总管那儿拿到个公道的价钱？
The animals will die in those mountains,牲口会死在那片山里的
It's better to slaughter them now and put the meat to good use,不如现在就宰了，让肉派上好用场
This herd is coming back one way or another!,这群牲口不管怎样都得回来！
I need to think about this,我得想想
The man’s grim mask gives way to deep sadness,男人冷酷的面具褪去，露出深深的悲伤
You win,你赢了
We’re done for,我们完了
Could you at least go help my boy and make sure they make it to camp safely?,你能不能至少去帮帮我儿子，确保他们安全回到营地？
I wanted to ask you some questions,我本想问你几个问题
The old man’s eyes seem to go black with rage,老人的双眼似乎因暴怒而变得漆黑
You think you can threaten me?!,你以为你能威胁我？！
Get out of my sight before I plant my ax in your skull!,快从我眼前消失，不然我就把斧头劈进你的脑壳！
You have no doubt he means it,你毫不怀疑他是认真的
#Chapter1FarmersWife,#Chapter1FarmersWife
The woman looks at you apprehensively for a bit,女人有些担忧地看了你一会儿
Not as long as these people are on our land,只要这些人还在我们的土地上
Aiden has to keep the goats safe,艾登就得保证山羊的安全
Up in the hidden glen,在隐秘幽谷里
I could go check on him?,我可以去看看他吗？
She wipes a tear of relief,她擦去一滴欣慰的泪水
Thank you so much,太感谢你了
Go to the old goat enclosure east of our house and find the hole in the fence to the north,去我们房子东边的旧山羊圈 找到北边栅栏上的洞
If you look careful you’ll find some tracks,如果你仔细看 会发现一些足迹
Follow them and they should take you right to the glen,跟着它们走 应该就能直接到幽谷
And please don’t tell Jakub I’ve talked to you,还有 请别告诉雅库布我和你谈过话
He only cares for the animals and he has a horrible temper,他只在乎那些动物 脾气又坏得很
The Farmer's Wife,农夫的妻子
The woman looks tired and sad as she wanders around the farmhouse aimlessly,女人在农舍周围漫无目的地徘徊 看上去又累又伤心
My poor boy,我可怜的孩子
she mutters under her breath,她低声咕哝道
What's wrong with your boy?,你的孩子怎么了？
Poor Aiden’s stuck outside in the rain and fog,可怜的艾登被困在外面 淋着雨 挨着雾
Jakub won’t let him come home,雅库布不让他回家
Not as long as,只要……
As long as?,只要什么？
# Chapter_1_Forest,# 第一章_森林
#Chapter1ForestDeadHorse,#第1章森林死马
As you finish up the grisly task you are rewarded with a large quantity of rotting horse-flesh,当你完成这项可怕的任务时，你得到了一大堆腐烂的马肉
Utterly inedible to humans but perhaps a treat for some other beastie?,对人类来说完全不能食用，但对其他野兽来说也许是一顿美餐？
A dead horse,一匹死马
The bloated corpse has begun to fester and fat flies buzz over it,肿胀的尸体已经开始腐烂，肥大的苍蝇在上面嗡嗡作响
Carve flesh from the corpse,从尸体上割肉
"As you begin carving up the rotting corpse, the stench of decay is nearly overwhelming","""当你开始切割腐烂的尸体时，腐烂的恶臭几乎让人无法忍受"""
Clouds of flies swarm you and crawl over every unexposed part of your skin,成群的苍蝇围着你，爬满你每一寸裸露的皮肤
"No doubt to the insectile fiends great delight, you are overwhelmed by nausea and end up on your knees, vomiting profusely","""毫无疑问，这让那些昆虫恶魔大为高兴，你被恶心感淹没，跪倒在地，剧烈呕吐"""
"There is however only one way forward and having purged yourself adequately, you return to the work of cutting up the poor animal","""然而，前进的路只有一条，在充分清空自己之后，你继续切割这可怜的动物"""
"Nonetheless, you steel yourself and make good progress","""尽管如此，你鼓起勇气，进展顺利"""
#Chapter1ForestRottenMeat,#第1章森林腐肉
You heave large chunks of the disgusting flesh into the feeding pile,你将大块令人作呕的肉扔进喂食堆里
Almost immediately you hear a number of hisses from deeper inside the cave,几乎立刻你就听到洞穴深处传来许多嘶嘶声
Dinner is apparently served,晚餐显然已经上桌了
Hide and observe,潜行并观察
Slavering scaled beasts lumber into the chamber with their forked tongues greedily sampling the air,流着口水的鳞甲野兽笨拙地走进洞穴，分叉的舌头贪婪地品尝着空气
A feeding frenzy erupts as the pack tears into the rotting flesh,当这群野兽撕扯腐肉时，一场进食狂乱爆发了
Within seconds the flesh is gone and the reprehensible reptiles stagger back into the depths of the cave as the post feeding drowsiness overcomes them,几秒钟之内肉就消失了，这些可鄙的爬行生物在进食后的困倦袭来时，蹒跚着退回洞穴的深渊
Soon hissing snores echo throughout the caves,很快，嘶嘶的鼾声回荡在整个洞穴中
Perhaps the beasts will be slightly more easy to sneak past now?,也许现在悄悄绕过这些野兽会稍微容易一些？
A disgusting pile of torn and rotting meat litters the floor,一堆令人作呕的撕裂腐肉散落在地板上
"Despite the rancid smell assaulting your senses, it appears the two lizards were greedily gorging themselves on it",“尽管腐臭的气味冲击着你的感官，但看来那两只蜥蜴刚才正贪婪地大快朵颐”
Examine the pile more closely,更仔细地检查这堆东西
Examine the area,检查这片区域
Place the rotting horse-flesh in the pile,将腐烂的马肉放入堆中
"Judging by the number of tracks and quantity of broken bones, a large number of these creatures seem to use this area as a communal feeding ground",“从足迹的数量和碎骨的数量来看，大量这种生物似乎把这里当作公共进食地”
"Beyond that, you would rather just get away from the stench",“除此之外，你只想赶紧远离这股恶臭”
You’ve heard that reptiles like these tend to eat large quantities when food is readily available before waddling off to sleep for days afterwards,你听说过像这样的爬行生物在食物充足时会大量进食，然后蹒跚离去，睡上好几天
Perhaps this can be used to your advantage?,也许这能为你所用？
The lingering stench also gives you the impression that this particular species has a preference for rotted flesh,挥之不去的恶臭也让你觉得这种特殊的物种偏爱腐肉
#Chapter1GenericRefugee,#第1章 通用难民
A soldier dressed in the ragged remains of what you assume is the livery of Horryn,一个士兵穿着你猜测是霍林制服的破烂残余
"He looks hungry, shaken and on edge",“他看起来饥饿、颤抖且紧张不安”
Talk to the chamberlain over in the barn if you want something - Just leave me alone!,如果你想要什么就去谷仓那边找总管——别来烦我！
# Chapter_1_Glen,# 第一章_Glen
#Chapter1GoatTracks,#第一章山羊足迹
"Trekking a few hours into the mountainous highlands of Idra’s north-western region, you find yourself standing at the mouth of a narrow valley nestled between tall mountains",在伊德拉西北部的山区高地跋涉了几个小时后，你发现自己站在一个狭窄山谷的入口，山谷坐落在高山之间。
The tracks do not lie,足迹不会说谎
There are goats nearby,附近有山羊
You fail to make out any additional details about the prints,你无法辨认出这些足迹的任何额外细节
"Looking closer, you can clearly make out a set of human footprints as well",仔细看，你还能清楚地辨认出一组人类的脚印。
It seems clear that these animals were herded out of the enclosure,很明显，这些动物是被赶出围栏的
Dozens of cloven hooves have churned a path trought the mud heading north into the foothills behind the camp,数十只偶蹄在泥泞中踏出了一条路，向北通往营地后面的山麓丘陵。
Follow directions to the hidden glen,按照指引前往隐秘幽谷
Try to follow the tracks,尝试追踪足迹
Examine the tracks more closely,更仔细地检查足迹
"Trecking throught the rugged foothills, you follow the tracks until they pass over a portion of bare rock",在崎岖的山麓丘陵中跋涉，你追踪着足迹，直到它们经过一片裸露的岩石。
You lose the trail and after a brief period of searching you decide to give up and return to camp,你失去了踪迹，在短暂搜寻后，你决定放弃并返回营地。
You must discover the destination of these tracks some other way,你必须通过其他方式发现这些足迹的目的地
"The flock seems to have been driven out of camp, towards the north-west",羊群似乎被赶出了营地，朝西北方向去了。
"Across rocky grounds and soggy marshes, you manage to stay on the trail",穿过岩石地面和潮湿的沼泽，你设法跟上了踪迹。
#Chapter1Governor,#第一章总督
#Chapter1Governor_2,#Chapter1Governor_2
The man - surely the Governor from his ostentatious ring of office and the guards flanking him - bars your way,那人——从他炫耀的官印戒指和两侧的守卫来看，无疑是总督——挡住了你的去路，
You’re not guests of mine,你们不是我的客人，
Or in my employ,也不是我的雇员，
What’s going on here IdraMistress?,这里怎么回事，IdraMistress？
What’s going on here ?,这里怎么回事？
We were just leaving,我们正要离开，
I'm just leaving,我正要离开，
I might ask you the same question,我倒想问你同样的问题，
PAY FOR HORRYN,为霍林付出代价
"Ah yes, the idiocy of the righteous",“啊，没错，正义者的愚蠢”
What makes you think I had anything to do with whatever befell that parochial stain on my career?,你凭什么认为我与那场发生在我职业生涯中的狭隘污点有关？
You forsook the survivors,你抛弃了幸存者，
I can't let that stand,我不能容忍这样的事，
It's more what you've not done to help the survivors,更在于你没有为帮助幸存者做什么，
An exit,一个出口
NO MISTRESS CONTINUE,不，女主人，继续
So soon?,这么快？
But we've barely got to know each other,但我们才刚认识，
Pray tell - what brought you here?,请告诉我——是什么风把你吹来了？
"We're mercenaries, en route to the Black Priory",“我们是雇佣兵，正在前往黑修院的路上”
"Sheer chance, while looking for a safe haven",“纯属偶然，在寻找避风港的时候”
I'm here to make you pay for Horryn,我是来让你为霍林付出代价的，
You can't get much safer than here,没有比这里更安全的地方了，
Who knows when contact with the mainland will be restablished,谁知道何时才能与大陆恢复联系，
Until then - the more the merrier,在那之前——人越多越热闹，
SURVIVORS,幸存者
"Yes, well",“是啊，好吧”
"Regrettably, my guests here - including many important people - are used to certain comforts",“遗憾的是，我这里的客人——包括许多重要人物——习惯了某些舒适”
Wine and sweet meats are hardly fit to nourish a deranged refugee,葡萄酒和甜肉几乎不适合喂养精神错乱的难民，
They're better off at the camp,他们在营地会过得更好，
You callous bastard,你这冷酷无情的混蛋，
Wait until your masters hear about this,等着你的主子们听到这事吧，
PRIORY?,修院？
A strange destination,一个奇怪的目的地，
Stranger still that,更奇怪的是，
Needs must,必须如此，
BLACKMAIL,勒索
You think I care about those distant bureacrats?,你以为我在乎那些远方的官僚吗？
Or that they care about me?,或者他们在乎我？
"They sent me here because they don't care about me, ergo they care even less about Horryn",“他们把我送到这里是因为他们不在乎我，因此他们更不在乎霍林”
And the Priory is a law unto itself,而修院自有其法，
"From what I can see in your ledger, they'll care",“从我在你账本上看到的来看，他们会在乎的”
PAY OFF,有所回报
"You petty, larcenous little",“你这卑鄙、偷窃成性的小”
Look,听着，
Why sour such an occasion )#ELSEYou look as if you can handle yourself,何必破坏这样的场合)#ELSE你看起来能照顾好自己，
Why spill blood at such an occasion,何必在这样的场合流血，
"let me make it worth your while to forget all this ugliness and join us here, as a guest of honour?",“让我给你些好处，让你忘记这些丑事，作为贵宾加入我们，如何？”
Can you be more specific?,你能说得更具体些吗？
Keep your pathetic bribes,收起你那可悲的贿赂，
Your boat would make it worth my while,你的船才值得我费心，
BRIBE INFO,贿赂信息
Whatever for?,为了什么？
There are plenty of entertainments yet to come,还有很多娱乐活动即将开始，
And I would know who my sweetheart’s new friends are - it’s rude to arrive uninvited - far ruder to leave unannounced,而且我想知道我的甜心的新朋友是谁——不请自来很无礼——不告而别更无礼，
We’re mercenaries,我们是雇佣兵，
But we’re not here for you,但我们不是为你而来，
I do so hate to disappoint my guests,我非常不愿让我的客人失望，
Even if they are uninvited ones,即使他们是不请自来的，
"I'll indulge you - what question, exactly, do you mean?",“我会满足你——你究竟指的是什么问题？”
What is going on here?,这里发生了什么？
I take it back,我收回我的话，
I don't have time for this,我没时间浪费在这上面，
HERE FOR HER,为她而来
But it seems you’re here for (IdraMistress)?,但看来你是为了(IdraMistress)而来？
And she is a treasured part of my own soul,而她是我灵魂中珍贵的一部分，
"So you see - you take her, and it’s the same thing",“所以你看——你带走她，就等于带走我”
She steps UP,她走上前，
IdraMisrtess) steps forward,IdraMisrtess) 走上前，
"Whatever your puerile desires, I am not owned, attached, or in any way a part of you",“不管你幼稚的欲望是什么，我不属于你，不依附于你，也绝不是你的一部分”
I’m free to leave - and I can’t wait to be on a different continent to you,我可以自由离开——我迫不及待地想和你身处不同的大陆，
SICK FANTASIES,恶心的幻想
So cold IdraMistress?,这么冷淡，IdraMistress？
"And yet, behind closed doors, your touch, your lips, your… was warm, hot with your love for me",“然而，关起门来，你的触碰，你的嘴唇，你的……是温暖的，充满了你对我的爱”
I don’t want to hear about your sick fantasies,我不想听你那些恶心的幻想，
SPIRALLING,失控
You’re seriously trying to take her from me?,你真的想把她从我身边带走？
To where?,去哪儿？
This island is doomed - outside of these walls is only madness and desolation!,这座岛注定要毁灭——这些墙外只有疯狂和荒芜！
"The Empire aren’t coming, if they even know",“帝国不会来了，就算他们知道”
"Stay here, and join my garrison - I can make it worth your while",“留在这里，加入我的驻军——我会给你好处”
"And so an NAME, I’m sure",“那么，一个名字，我敢肯定”
Let it never be said I’m not generous with my assets,绝不要说我对待自己的财产不慷慨，
You've gone wrong,你错了，
Eheh,呵呵，
"On the contrary, I’ve never felt better - the ingrate yokels of Horryn and the meddling heretics of the Priory demanded too much of me",“恰恰相反，我感觉从未这么好过——霍林那些忘恩负义的乡巴佬和修院那些多管闲事的异教徒对我要求太多了”
"Now, at last, I am free",“现在，我终于自由了”
"Come, (IdraMistress) - I have more delights for us planned",“来吧，(IdraMistress)——我为我们准备了更多乐子”
I have something planned of my own,我有自己的计划，
BETRAYAL,背叛
The guards draw their weapons,守卫们拔出了武器，
Make short work of the Governor,迅速解决总督，
One of them speaks,其中一人说道，
He was murdered by someone at the ball - driven crazy by grief after Horryn,他在舞会上被人谋杀了——霍林事件后因悲伤而发疯，
Right?,对吧？
Correct,没错，
Good luck,祝你好运，
DONE,完成
You part ways,你们分道扬镳，
The boat lies within reach,船就在不远处，
Guards - methinks our new guests are party poopers,守卫们——我觉得我们的新客人是扫兴的家伙，
And we all know what happens to those,我们都知道那种人的下场，
You'd be surprised,你会惊讶的，
And I would know who my sweetheart’s new friends are - it’s rude to arrive uninvited; far ruder to leave unannounced,而且我想知道我的甜心的新朋友是谁——不请自来很无礼；不告而别更无礼
#Chapter1Governor_Intro,#第1章 总督引见
"You're greeted by an opulent and vast reception hall, bursting with music, extravantly dressed guests and tantalising aromas",你步入一个华丽宽敞的接待大厅，音乐声、衣着奢华的宾客和诱人的香气扑面而来
"The man addressing you is covered in stately marks of office, but his finery, like his smile, look ill suited to him",对你说话的男人身上挂满了威严的官职标志，但他的华服，如同他的笑容，看起来与他格格不入
"The man casts a glance around the lavish occasion, then bows",男人环顾了一下这奢华的场面，然后鞠了一躬
"The Governor and Imperial Steward of Idra, Varain Kalthuun, welcomes you to the last bastion of civilisation - who might you be?'",伊德拉的总督兼帝国总管，瓦兰·卡尔苏恩，欢迎你来到文明最后的堡垒——敢问阁下尊姓大名？'
Mercenary,雇佣兵
your worst niughtmare,你最可怕的噩梦
something else,别的
"Yes, well, more the merrier I say",是啊，嗯，我说人越多越热闹
This is the place to be,这里就是该来的地方
I'd offer you a tour but discovering it for yourself is half the fun,我本想带你参观一番，但自己探索才有一半的乐趣
Anything I can help you with before you make merry?,在你寻欢作乐之前，有什么我能帮你的吗？
I can think of one or two things,我能想到一两件事
I'll go explore,我去探索一下
GO ORF,滚开
Quite so,正是如此
"I'm sure I will bump into you shortly - until then, I only ask you stay out of any room with a closed door",我相信我们很快会再碰面——在那之前，我只要求你别进任何关着门的房间
If you need anything... hah!,如果你需要什么……哈！
You won't,你不会需要的
I'm sure we'll see one another again soon,我相信我们很快会再见面的
Of course,当然
Truly frightful business,真是可怕的事情
I always said that dingy Priory would wreak havoc somehow,我一直说那个阴暗的修道院迟早会惹出乱子
"Not much to be done now, of course, other than leave whatever is happening well alone",当然，现在没什么可做的，除了对正在发生的一切敬而远之
It'll blow over,会过去的
Qs again,又是问题
Can you elaborate?,你能详细说说吗？
Horryn MORE,关于霍林的更多信息
"Yes sure here are some thoughts: some kind of natural disaster, precipitated by their own folly - idk",当然，这里有些想法：某种自然灾害，由他们自己的愚蠢引发——我不确定
It could all be tainted,可能全被污染了
QUARANTINING,隔离中
What will the mainland say about it?,大陆那边会怎么说？
Backto Qs,返回问题
Coward!!,懦夫！！
OCCASION,场合
justification for just keeping the status quo,维持现状的借口
Saviour xomplex,救世主情结
"Once this strangeness blows over, this will be the elite men and women who rebuild into true greatness",一旦这阵怪事过去，这些精英男女将重建真正的伟大
Back to Qs,返回问题
"Who's here, anyone famous?",这里都有谁，有名人吗？
WHO'S WHO,名人录
"well we got bob, jimmy, the count, the duck, jessie and nefarious the magister",嗯，有鲍勃、吉米、伯爵、鸭子、杰西和邪恶的魔导师
Return to qs,返回问题
Help coming?,援助会来吗？
Nah,不
They don't care,他们不在乎
Monsters in seas even if they could get here,海里有怪物，就算他们能到这儿
"They know I can handle things, and I will",他们知道我能处理，而且我会的
Qs,问题
How can I help?,我能帮什么忙？
Have you heard about Horryn?,你听说霍林的事了吗？
What's the occasion?,这是什么场合？
Is help coming?,援助会来吗？
I'm done here,我完事了
#Chapter1GraveDigger,#第1章掘墓人
With trembling hands you cut into the pallid flesh and expose the entrails of the corpse,你用颤抖的双手切开苍白的皮肉，露出尸体的内脏
Driina leans in over your shoulder,德莉娜从你肩头探过身来
Those entrails don't look,那些内脏看起来不太……
"Her words are cut short as the 'entrails' whip out of the wound in a mass of squirming, eyeless worms!",她的话戛然而止，因为那些“内脏”从伤口中猛地窜出，变成一团蠕动、无眼的蠕虫！
"Panicked, you frantically scuttle away from the tiny snapping orifices when Roland charges past you with the shovel raised",惊慌中，你疯狂地逃离那些张合的小口，这时罗兰高举铁锹从你身边冲过
"Panicked, you frantically scuttle away from the tiny snapping orifices till your hand instinctivly finds the shaft of the shovel!",惊慌中，你疯狂地逃离那些张合的小口，直到你的手本能地抓住了铁锹柄！
"Just as you are about to abandon your grizzley task, when the 'entrails' whip out of the wound in a mass of squirming, eyeless worms!",就在你准备放弃这可怕的任务时，那些“内脏”从伤口中猛地窜出，变成一团蠕动、无眼的蠕虫！
"The shovel makes short work of the tiny terrors, until both corpse and monster is reduced to a pulpy mass",铁锹三下两下就解决了这些微小的恐怖，直到尸体和怪物都化为一滩烂泥
"Ashen-faced from horror, you push the broken corpses into their graves and quickly begin piling dirt onto them",你吓得脸色苍白，将破碎的尸体推入墓穴，迅速开始往上面堆土
"As you work, Driina begins chanting",你干活时，德莉娜开始吟诵
Finish the work,完成工作
I'd rather have you lend a hand Driina,我更希望你搭把手，德莉娜
Your words offer comfort,你的话语带来慰藉
There are two corpses wrapped in linen before you,你面前有两具裹着亚麻布的尸体
Their graves have been dug but they still need to be filled in,墓穴已经挖好，但还需要填土
Examine corpses,检查尸体
The corpses are a man and a woman,尸体是一男一女
Perhaps they were once man and wife,也许他们曾是夫妻
They look well fed and there is no apparent cause of death,他们看起来营养充足，没有明显死因
Driina looks stoically at the pair,德莉娜坚忍地看着这对男女
They are with the Emperors now,他们现在与帝皇同在
Though I wonder what killed them,不过我想知道是什么杀死了他们
Investigate corpses more closely,更仔细地调查尸体
Bury the corpses,埋葬尸体
Place the corpses in their graves,将尸体放入墓穴
They look well fed and there is no apperant cause of death,他们看起来营养充足，没有明显死因
Harvest meat from the corpses,从尸体上割取肉
"As you look the corpses over, you notice that their abdomens seem distended beyond that of simple corpse gas",你仔细查看尸体时，注意到他们的腹部肿胀，超出了普通尸气的程度
"You apprehensively poke at the swelling and to your horror, the mass begins to squirm and shift!",你忐忑地戳了戳肿胀处，恐怖的是，那团东西开始蠕动、变形！
Hastily bury the corpses,匆忙埋葬尸体
Cut open the corpses,切开尸体
You examine the pair more closely but don't learn anything of interest,你更仔细地检查了这对男女，但没有发现任何有趣的东西
You carve several large slabs of flesh from the well-fed corpses,你从营养充足的尸体上割下几大块肉
You cannot help but think about how hungry you are,你不禁想到自己有多饿
Bury corpses and leave,埋葬尸体然后离开
Driina looks at the man with a sad smile,德莉娜带着悲伤的微笑看着那个男人
The dead must be put in the ground lest disease run rampant,死者必须入土，以免疾病肆虐
But take comfort: tending to the dead is holy work,但请安心：照料死者是神圣的工作
You'll have earned the grace of the Golden Tomb,你将赢得黄金墓园的恩典
The man looks down in shame,男人羞愧地低下头
It's just that it doesn't feel like it is all,只是感觉并非如此
Driina says we need to bury the dead lest disease runs rampant and how it's holy work,德莉娜说我们必须埋葬死者，以免疾病肆虐，还说这是神圣的工作
You mentioned hounds?,你提到了野狗？
Have you lost your mind?,你疯了吗？
I'd die before I'll let you deface these corpses!,我死也不会让你亵渎这些尸体！
The camp needs food and these are more well fed than most!,营地需要食物，而这些尸体比大多数人都营养充足！
Waht are you talking about?,你在说什么？
I'm sorry I don't know what came over me,对不起，我不知道自己怎么了
The flesh of the dead is sacred!,死者的血肉是神圣的！
I'm oath-sworn to protect and care for it and necrophagia is among the foulest of sins!,我立誓要保护并照料它，食尸是最污秽的罪孽之一！
We will feast on flesh!,我们要享用血肉！
You reget is genunine,你的悔意是真诚的
I forgive your transgression,我原谅你的过犯
It is this island - it turns our thoughs unsound,是这座岛——它让我们的思绪失常
Let's just bury these wretches and be done with it,我们就把这些可怜人埋了，了结此事吧
Bury corpses,埋葬尸体
You have lost your mind!,你疯了！
It is just as well we meet our end here,我们在此了结也好
Driina charges at you!,德莉娜向你冲来！
You wipe the grime from your face as you finish the grim task,你完成这阴森的任务时，抹去脸上的污垢
"Sadly, you suspect these are far from the last graves that will be made for the poor refugees of Horryn before this is over",可悲的是，你怀疑在这结束之前，为霍林的可怜难民们挖掘的坟墓远不止这些
You place the corpses in their graves and quickly fill them in,你将尸体放入墓穴，迅速填土
It is hard work and the rugged widlerness around you looms threathningly,这是艰苦的工作，周围崎岖的荒野阴森地逼近
"As you work, Driina stands above you, chanting",你干活时，德莉娜站在你上方，吟诵着
Your words offer comfort to living and dead both,你的话语给生者和死者都带来慰藉
So many have died the last days without proper burial or recieving their Rites of Sepulcation,过去几天有太多人死去，没有适当的安葬，也没有接受安葬礼
I need to do this,我必须这么做
You finish the work in silence,你在沉默中完成了工作
Driina smiles slightly,德莉娜微微一笑
This offers me some small peace of mind,这让我内心稍感安宁
The darkness of night is pressing in around you and as you prepare to leave you notice movement just past the edge of the darkness,黑夜的黑暗向你压来，当你准备离开时，你注意到黑暗边缘之外有动静
"Before you manage to call out, slavering horrors charge at you!",你还没来得及喊出声，流着涎水的恐怖之物就向你冲来！
Haven't you seen 'em?,你没看见它们吗？
Bloody monsters roam the hills in packs!,该死的怪物成群结队地在山丘上游荡！
I ain't never seen hounds like these before,我从没见过这样的野狗
Hulking and diseased-looking,笨重而病态
Come at night they do,它们夜里来
Dig up the graves I dig and eat the dead right out of their very graves!,挖开我挖的坟墓，把死人直接从墓穴里吃掉！
Driina whispers a few words under her breath,德莉娜低声念了几句
The dead?,死人？
In the distance a howl sounds and the man straightens up like some prey animal sensing a predator,远处传来一声嚎叫，男人像察觉到捕食者的猎物一样直起身子
He briefly squints into the perpetual twilight that covers the island before grabbing his shovel and redoubling his efforts towards finishing his work,他眯着眼看了看笼罩岛屿的永恒暮光，然后抓起铁锹，加倍努力地完成工作
Run back to camp - I'll finish the job,跑回营地——我会完成这活儿
Well you better hurry up then,那你最好快点
You approach a man sweating profusely and caked in dirt,你走近一个汗流浃背、满身泥土的男人
"He's hunched over and panting, seemingly winded from the hard work of digging graves",他弯腰喘着气，似乎因挖墓的辛苦工作而气喘吁吁
Who goes there!,谁在那儿！
The man jolts to hefting his shovel as a weapon,男人猛地举起铁锹当作武器
I'm not looking for trouble,我不是来找麻烦的
Why so jumpy?,为什么这么紧张？
Why so jumpy he asks!,为什么这么紧张，他问道！
"Well since you ask, I drew the short straw and it's fallen upon my wretched shoulders to bury the dead",好吧，既然你问了，我抽到了下下签，这倒霉差事落到了我可怜的肩上，要埋葬死人
He shoots Driina a sulking glance,他愠怒地瞥了德莉娜一眼
"And if I don't get back to it, I'll be food for the fell-hounds afore you know it!",要是我再不回去干活，转眼间我就会成为凶煞野狗的食物！
He looks around nervously,他紧张地环顾四周
Why so jumpy she asks!,为什么这么紧张，她问道！
Fell-hounds?,凶煞野狗？
The man looks at you with slight confusion then pushes his shovel into your hands,男人略带困惑地看着你，然后把铁锹塞到你手里
He thanks you profusely and runs back to camp,他千恩万谢，然后跑回营地
Driina nods in approval,德莉娜赞许地点点头
That was a good deed,那是件善事
Get to work,开始干活吧
The grave-digger looks up with a nervous look on his eyes,掘墓人抬起头，眼神紧张
Let me help you,让我帮你
The poor gravedigger looks at you with a grateful smile,可怜的掘墓人感激地对你微笑
He seems to have made no attempt at removing some of the grime that covers him,他似乎根本没想擦掉身上的一些污垢
No doubt he realizes he'll be back to work before long,无疑他意识到自己不久就得回来干活
# Chapter_1_Horryn,# 章节_1_霍林
# Chapter_1_HorrynCrypt,# 章节1_HorrynCrypt
# Chapter_1_HorrynSewers,# 章节_1_霍林下水道
# Chapter_1_HorrynUnderhalls,# 章节_1_HorrynUnderhalls
# Chapter_1_HorrynWalls,# 章节1_霍林城墙
#Chapter1IagoIntro,#Chapter1IagoIntro
"You lured me here, just to rob me, like a petty criminal?",你把我引到这里，就为了像个小毛贼一样抢劫我？
"Oh, you poor fool - if only you knew who you were dealing with",哦，可怜的傻瓜——要是你知道自己在跟谁打交道就好了
The Queen has many friends in the Freymark,女王在弗雷马克有许多朋友，
Freinds who prefer their dealings be kept from Imperial eyes,这些朋友希望他们的交易避开帝国的耳目，
"So when she bids me unfurl the black sails, I do",所以当她命我升起黑帆，我便照做
With pleasure I must add,而且我得说，我很乐意，
Iago smiles broadly,伊阿戈咧嘴一笑，
Who are these 'friends'?,这些“朋友”是谁？
Iago puts his fingertips to his chin in mock umbrage,伊阿戈将指尖抵在下巴上，佯装恼怒，
You imply I exaggerate my exploits?,你是在暗示我夸大自己的事迹？
"No doubt I owe you my life, but I will not suffer my honor being questioned!",毫无疑问我欠你一条命，但我不能容忍我的荣誉受到质疑！
I meant no offense,我无意冒犯，
Your honour is intact,你的荣誉完好无损，
My patience is not,我的耐心可就不一定了，
Iago barks a wry laugh,伊阿戈发出一声苦笑，
I consider myself above the petty politics of the Imperials and Freythen,我自认为超脱于帝国军和弗雷森那套琐碎的政治之上，
But - I am loyal to my 'Queen' - who currently sympathises with the Thanes of Freymark,但是——我忠于我的“女王”——她目前同情弗雷马克的领主们，
"But if we must discuss politics, let us do so again somewhere warmer, with wine in our bellies",但如果我们必须讨论政治，不如改天找个更暖和的地方，肚子里灌满酒再谈
"Seeming to suddenly remember, Iago asks,",伊阿戈似乎突然想起什么，问道：
"Things are not right here on Idra, are they?",伊德拉这里情况不对，是吧？
What foulness has transpired here?,这里发生了什么邪恶之事？
Horryn is lost,霍林失陷了，
"To what, no-one yet knows",至于原因，还没人知道
Horryn's gone dark,霍林陷入了一片黑暗，
Iago looks askance at you,伊阿戈斜眼看着你，
"Well, that won't do, will it?",嗯，这可不行，对吧？
"In any case, we should make haste to the queen's lair",无论如何，我们得赶紧去女王的巢穴
Not many places are safer than wherever she is,没有多少地方比她所在之处更安全了，
"Before we go, I must ask",在我们出发前，我得问一句
Let's go,我们走吧，
Iago,伊阿戈，
"Blessed stranger, I owe you my life!",受祝福的陌生人，我欠你一条命！
"When we could not spot the signal as expected, I feared we were trapped!",当我们没能如期看到信号时，我担心我们中了圈套！
"But you are not my usual contact - tell me, to whom do I owe this debt of gratitude?",但你不是我平常的联系人——告诉我，我该向谁表达这份感激之情？
"Though the gratitude appears genuine, there is a distinct tone of caution in his voice",尽管感激之情看似真诚，他的声音里却带着明显的谨慎
We are allies of the 'Queen',我们是“女王”的同伴，
I'm a professional,我是专业人士，
That's all,仅此而已，
You thank me too soon,你谢得太早了，
Give up your arms!,放下武器！
Yes I guessed as much!,没错，我猜到了！
"Non the less, I owe you my life",尽管如此，我欠你一条命
"Had it not been for you we would have been trapped and, I fear, lost to that foul abomination from the deep!",要不是你，我们恐怕已经身陷绝境，葬身于那来自深渊的污秽异物之口！
How so?,此话怎讲？
"Nevertheless, I owe you my life",无论如何，我欠你一条命
A foul leviathan of the depths came upon us as soon as we spotted Idra!,我们一发现伊德拉，一头深渊的污秽利维坦就朝我们扑来！
But my ship is fast and the wind was at my back,但我的船很快，而且顺风，
"Had it not been, we would be ffeding the fish now",要不是这样，我们现在已经在喂鱼了
Go on,继续说，
Spare me the drama!,别跟我演戏！
"Bless the stars, we made it to the realtive safetfy of the outer searocks",感谢星辰庇佑，我们总算抵达了外围海礁的相对安全地带
"The leviathan it seems, will not give chase into shallow waters",看来，那头利维坦不会追进浅水区
"However, we had gone from the frying pan, into the fire!",然而，我们刚出油锅，又入火海！
Go on!,继续说！
Oh spare me the drama!,哦，别跟我来这套！
Imperials prowl the shores and costs of Idra due to the nature of the cargo we carry and the friends we keep,由于我们携带的货物和结交的朋友，帝国军在伊德拉的海岸和沿海地带巡逻，
We did not dare approach land until the signal was given!,在信号发出之前，我们不敢靠近陆地！
I don't have time for this drama!,我没时间听你演戏！
You've fallen into my trap!,你中了我的圈套！
Now give up your arms!,现在放下武器！
"You may sail with me, if you wish it?",如果你愿意，可以和我一起航行？
"We'll stay close to the coast, it should be perfectly safe",我们会紧贴海岸航行，应该绝对安全
Thank you - I accept,谢谢——我接受，
We'll meet you there,我们在那里碰头，
"I know it was angry, possessed of many tentacles, and had a deep hunger for handsome, daring sailors",我只知道它怒气冲冲，长着许多触手，而且对英俊勇敢的水手有着深深的渴望
"Beyond that, the thing is a bloody terrifying mystery to me",除此之外，那东西对我来说就是个该死的恐怖谜团
That about lines up with my experience,这跟我的经历大致吻合，
"I doubt it's that discerning, but yes",我怀疑它没那么挑剔，不过没错
Iago grins rakishly,伊阿戈露出浪荡的笑容，
We need your ship!,我们需要你的船！
What do you know of the leviathan?,你对那头利维坦了解多少？
What cargo do you carry?,你运的是什么货物？
It's time we got going,我们该出发了，
I understand your desire - she's quite the beauty,我理解你的渴望——她确实是个美人，
"Sleek, trusty - happy so long as she has a few strong hands on her",线条流畅，忠实可靠——只要有几双强壮的手驾驭她，她就心满意足
But I guess you had something more specific in mind?,但我猜你心里想的是更具体的事？
I need to sail into the Black Priory,我需要航行到黑修院，
"To get off this rock, for good",为了永远离开这块破地方
Try asking me again - and a little more politely - after we've visited my lady the Queen,等我们拜访过我的女王之后，再问我一次——而且语气要更礼貌些，
And when you can reassure me that the many-legged sea-bastard won't smash us into smithereens,而且得等你向我保证，那头多腿的海中杂种不会把我们撞成碎片，
I will,我会的，
I'll ask however I please,我想怎么问就怎么问，
#Chapter1IagoMessenger,#第一章伊阿戈信使
A man with leather-like skin covered in sailor’s tattoos approaches you,一个皮肤如皮革般粗糙、布满水手纹身的男人向你走来。
Greetings m’lord,您好，大人。
Greetings m’lady,您好，女士。
"Name’s Donovan, ‘Dono’ for short and I’m here looking for someone a lot like you!",我叫多诺万，简称‘多诺’，我来这儿就是为了找你这样的人！
"Well, begging your pardon but you look less covered in shit than the rest of this lot and able to carry a blade m’lord",嗯，请恕我直言，您看起来比这儿的其他人干净多了，而且能佩刀，大人。
"Well, begging your pardon but you look less covered in shit than the rest of this lot and able to carry a blade m’lady",嗯，请恕我直言，您看起来比这儿的其他人干净多了，而且能佩刀，女士。
I serve on the vessel ‘Weathermaiden’ and I’m here on the orders of my first-mate Zhara,我在“天候少女号”上服役，奉大副扎拉的命令来此。
I've already talked to Zhara!,我已经和扎拉谈过了！
"Dono offers a clumsy bow before making his way out of camp, heading north-west",多诺笨拙地鞠了一躬，然后离开营地，朝西北方向走去。
The man blinks in relief,那人如释重负地眨了眨眼。
Well in that case it seems I’ve done my job exceptionally well!,哦，那样的话，看来我的任务完成得格外好！
May the Mother of Maelstroms guide you in finding Captain Iago!,愿风暴之母指引你找到伊阿戈船长！
Better you talk to her yourself!,你最好亲自和她谈谈！
We’re holed up in a large sea-cave west of here while the ‘maiden’ is undergoing repairs,我们躲在这西边的一个大海蚀洞窟里，而“少女号”正在修理。
Zhara will be waiting for you there,扎拉会在那里等你。
"Here, I’ll show you on your map",来，我指给你看，在你的地图上。
Dono indicates the position 66 by 91 on your map of the Outer Isles,多诺在你外岛地图上指出了66
I must ask you do not delay,我必须请你不要耽搁。
Greetings m’Lord,您好，大人。
Greetings m’Lady,您好，女士。
"Well, begging your pardon but you look less covered in shit than the rest of this lot and able to carry a blade m’Lord",嗯，请恕我直言，您看起来比这儿的其他人干净多了，而且能佩刀，大人。
"Well, begging your pardon but you look less covered in shit than the rest of this lot and able to carry a blade m’Lady",嗯，请恕我直言，您看起来比这儿的其他人干净多了，而且能佩刀，女士。
#Chapter1Iben,#第一章伊本
"The Reavers are fierce, but they are a poorly organized lot",劫掠者凶猛，但他们是一群组织涣散的乌合之众
With a small troupe of hungry and fearful guardsmen I was able to fight my way to the square and slay many of their numbers,带着一小队饥饿而恐惧的卫兵，我得以杀到广场，斩杀了他们许多人
"If this is a trap, I believe it to be a poorly laid one",如果这是个陷阱，我相信这是个布置得很拙劣的陷阱
And what did you have in mind?,那你有什么想法？
The situation inside the city is still unclear but what we do know is that the Reavers have formed factions,城里的情况仍不明朗，但我们知道劫掠者已经形成了几个势力
"Though some are doubtlessly still rabid, others may be open to parlaying",虽然有些人无疑仍然疯狂，但其他人可能愿意谈判
"If this is so, we might be able to use that to our advantage",如果是这样，我们或许能利用这一点
"In other words, we fight when we must but if we can use cunning instead I’m certain the Dead will favor us!",换句话说，我们该打就打，但如果能用计谋，我确信亡者会眷顾我们！
Venture forth!,即刻启程！
Now pay close attention!,现在仔细听好！
Iben leans in intently,伊本专注地凑近身子
You’ll enter Horryn by the Fishermen’s Gate to the south east,你们将从东南边的渔夫之门进入霍林
Once inside you must seek out each of the three Reaver chieftains and put an end to them one way or another,进去之后，你们必须找到那三个劫掠者首领，用某种方式了结他们
We must be careful with a frontal assault,我们必须小心正面进攻
But I suspect there is little cohesion and much infighting among the Reavers,但我怀疑劫掠者之间缺乏团结，内斗严重
Perhaps that can be used to our advantage?,也许这能为我们所用？
"As long as the Reavers hold the city and port, they will eventually starve us out",只要劫掠者控制着城市和港口，他们最终会饿死我们
They were able to take it because they had surprise on their side!,他们能攻下它，是因为占了出其不意的便宜！
And now: they rule by terror!,而现在：他们靠恐怖统治！
"So long as we sit here, fearful and hungry, they will eventually fall upon us!",只要我们坐在这里，恐惧又饥饿，他们最终会扑向我们！
I say we shit on that!,我说去他妈的！
I have a way into Horryn!,我有办法进入霍林！
Let us venture forth and attempt to free her from these savages!,让我们即刻启程，试着从这些野蛮人手中解放她！
"We have men and women here, willing and able to bear arms if called upon",我们这里有男有女，只要一声令下，都愿意且能够拿起武器
"A small band of strong swords could slip in using the Fishermen’s Gate, sow chaos among the ranks of the Reavers and open the main gate from inside!",一小队强壮的剑士可以从渔夫之门潜入，在劫掠者中制造混乱，然后从里面打开主城门！
"If this was done, I am certain we stand a chance at retaking the city!",如果做到这一点，我确信我们有机会夺回城市！
How would we sow chaos?,我们怎么制造混乱？
"From what we learned, the Reavers in the city have formed splinter groups around three chieftains",据我们所知，城里的劫掠者围绕三个首领形成了分裂的团体
"Red Kala rules the docks, Oleg the Gray is holed up in the old Fisherman’s Lodge and someone they call ‘the Butcher’ holds his court on the steps of the temple",红卡菈统治着码头，灰发奥列格盘踞在老渔夫小屋，还有个被他们称为‘屠夫’的人在神庙台阶上设朝
"While those three mad-men still draw breath, the Reavers are still a danger",只要那三个疯子还活着，劫掠者就仍是威胁
We must put an end to them,我们必须了结他们
Either by force of arms or subterfuge,无论是用武力还是诡计
I am certain a way may be found to pit the fools against each other,我确信能找到办法让这些蠢货互相残杀
Iben’s eyes glimmer with lust for adventure,伊本眼中闪烁着对冒险的渴望
Or is it bloodthirst?,还是嗜血？
So what say ye?,那么你们怎么说？
Shall we make a tale worthy of the skalds?,我们要创造一段配得上Skald传颂的传奇吗？
Let's do it!,我们干吧！
I'll do it but we don't need company,我会干，但我们不需要同伴
That the situation is dire but not hopeless,局势严峻但并非毫无希望
"By chance or design, the Fishermen’s Gate to the south-east has been opened",不知是偶然还是有意，东南边的渔夫之门已经打开了
My party and I were able to make it all the way to the square before we encountered reavers,我和我的队伍一路杀到了广场才遭遇劫掠者
"I lost men, but we cut their band down before we retreated",我损失了人手，但我们在撤退前消灭了他们那伙人
"If we move fast, we may yet be able to take advantage of the gate!",如果我们行动迅速，也许还能利用那扇门！
That sounds like a trap!,听起来像个陷阱！
For the first time you notice the green-clad man lingering there,你第一次注意到那个穿着绿衣的男人在那里徘徊
He steps into the light as he takes a long drag from his pipe,他走进光亮处，长长地吸了一口烟斗
Get some food Markus,去吃点东西，马库斯
You're no good to any of us if you starve yourself to death,你要是把自己饿死了，对我们任何人都没好处
Soon enough old friend!,很快了，老朋友！
"{PLAYER}, this is Iben",{PLAYER}，这位是伊本
He is a most useful individual and served the governor well before the calamities befell us,他是个非常有用的人，在灾难降临之前曾为总督效力
Iben’s eyes sparkle and as he puffs a ring of smoke a smile plays across his face,伊本的眼睛闪闪发光，他吐出一个烟圈，脸上浮现出微笑
It is good to see I’m not the only useful individual to be found in these times,很高兴看到在这种时候，我不是唯一有用的人
Iben takes another pull on his pipe as he studies you,伊本又吸了一口烟斗，打量着你
The man’s skin is the texture of well-worn leather and his dark eyes have the keen-ness of a predator,这人的皮肤如同久经磨损的皮革，黑色的眼睛有着掠食者的敏锐
"More than anything, this man reminds you of some well-made tool",最重要的是，这个男人让你想起某种制作精良的工具
Or perhaps a weapon?,或者是一件武器？
"So, what did you learn in Horryn?",那么，你在霍林打听到了什么？
The smell of cooking food fills the camp and mixes with the sounds of cheers and blessings coming from the ragged lot of starving refugees,烹饪食物的气味弥漫营地，与那群衣衫褴褛、饥饿的难民发出的欢呼和祝福声交织在一起
You enter the makeshift office of Markus to tell him the good news and find him agitatedly pacing back and forth,你走进马库斯的临时办公室，想告诉他好消息，却发现他焦躁地来回踱步
"{PLAYER}, I heard the news!",{PLAYER}，我听说了！
That is amazing!,太棒了！
You’ve given us a fighting chance!,你给了我们一线生机！
And in the Emperor’s time it seems!,而且似乎是在帝皇的庇佑下！
Iben here has returned from scouting the city and he comes bearing curious news,伊本刚从城里侦察回来，带来了奇怪的消息
"Iben, tell {PLAYER} what you just told me!",伊本，把你刚才告诉我的告诉{PLAYER}！
The recent excitement has evidently taken more than expected out of the plump man and Markus slumps heavily into his chair,最近的激动显然让这个胖男人消耗过度，马库斯重重地瘫倒在椅子上
He gestures absent-mindedly to an unlit corner of the room as he catches his breath,他喘着气，心不在焉地朝房间一个没点灯的角落打了个手势
That will also work!,那也行！
There is much to do here in camp to get those able to bear arms ready to storm the gate!,营地里有很多事要做，要让能拿起武器的人准备好冲击城门！
I will lead them through once the signal is given and we will clasp hands over the corpses of our foes!,一旦信号发出，我就带领他们冲过去，我们将在敌人的尸体上握手！
Then woe to those who stand against us!,那么，与我们为敌者必将遭殃！
Iben slaps Markus on the back so briskly that his hat flies off,伊本猛地一拍马库斯的背，他的帽子都飞了出去
"As Markus recovers, he begins nervously poring over papers",马库斯缓过来后，开始紧张地翻阅文件
I need to begin the mustering!,我得开始集结了！
"They’ll also need supplies and arms for the civilians, and we need to prepare to receive more wounded!",他们还需要给平民补给和武器，我们还得准备接收更多伤员！
I best get to it!,我最好马上去办！
Markus dips his quill in ink and starts scribbling,马库斯用羽毛笔蘸了蘸墨水，开始奋笔疾书
"Ask now, while you have the chance!",趁现在有机会，快问吧！
Could there still be survivors in the city?,城里可能还有幸存者吗？
How should we eliminate the Reaver chieftains?,我们该如何除掉劫掠者首领？
Is there a way to open the main gate?,有办法打开主城门吗？
Iben is humming a low tune as the thoughtfully chews his empty pipe when he notices you,伊本若有所思地咬着空烟斗，低声哼着曲子，这时他注意到了你
Ho there {PLAYER}!,嘿，{PLAYER}！
What news?,有什么消息？
Shall we join forces?,我们要联手吗？
We shall indeed!,我们当然要！
"I dare say, great deeds lie ahead of us",我敢说，伟大的功绩就在前方
There are two gates in the city,城里有两座城门
"The main gate to the north and one to the south, leading to the harbor",北边的主城门和南边通往港口的城门
Both are heavy portcullises and the only way to raise them is to find the nearby mechanism that operates them,两座都是沉重的落栅门，升起它们的唯一办法是找到附近的操作机关
Survivors may be hiding in barricaded houses and perhaps cellars!,幸存者可能躲在设了路障的房屋里，甚至地窖里！
"What’s more, the city has a large sewer system and if I were trapped inside with Reavers at my heels, I would certainly consider finding shelter there!",而且，城里有一套庞大的下水道系统，如果我被困在里面，身后有劫掠者追赶，我肯定会考虑去那里避难！
Perhaps that can be used to our advantage,也许这能为我们所用，
#Chapter1IdraLandingLuggage,#第一章伊德拉登陆行李
Better yet,更好的是
"The combination lock remains sound, meaning the content of the chest is likely still unmolested",“密码锁完好无损，意味着箱子里的东西很可能还没被动过”
"You best not be getting any ideas with my property, little fishy",“你最好别打我财产的主意，小鱼儿”
Basilo growls as he eyes you suspiciously,巴西洛怀疑地盯着你，咆哮道
I think you mean MY property?,我想你指的是我的财产吧？
Wha.. wha… what’cha mean?,什……什……你什么意思？
"That just ‘cause she made you live, now you’re somehow entitled to Basilo’s treasures?",“就因为她让你活了下来，你就觉得自己有资格得到巴西洛的宝贝了？”
Basilo’s the Mother’s chosen!,巴西洛是老漩母的宠儿！
Not you!,不是你！
Now fuck off and get me that teliscope if you want yer bleeding box!,现在给我滚开，想要你那该死的箱子就把那个望远镜给我拿来！
I choose violence you old fool!,我选择暴力，你这老傻瓜！
Basilo looks surprised and stutters incoherently,巴西洛一脸惊讶，语无伦次地结巴起来
The man’s eyes tear up,他眼眶湿润了
There’s truth in that!,这话有道理！
Basilo knows it in his bones!,巴西洛打心底里知道！
Pox on you: there’s truth in it!,你该死：这话确实有道理！
Have yer bleeding box,拿上你那该死的箱子吧
Basilo goes off to sulk in a corner,巴西洛走到角落里生闷气去了
Open the chest,打开箱子
The chest ahead of you is wet and covered in seaweed,你面前的箱子湿漉漉的，上面覆盖着海藻
It also looks familiar,它看起来也很眼熟
"Instantly, you realize this is your luggage from the Zephyr",“你立刻意识到，这是你在西风号上的行李”
"It had been stowed too well to get to during the mutiny but by some miracle, it made it to shore where it must have been “salvaged",“它在暴动时被藏得太好，没能拿到，但奇迹般地，它漂到了岸边，想必是被‘打捞’了”
"What old Mother Maelstrom saw fit to bequeath upon me, I’s keeps",“老漩母觉得该赐给我的东西，我就留着”
Basilo’s eyes narrow as he fiddles the strap of his club,巴西洛眯起眼睛，摆弄着棍棒的带子
"Then again, that’s not to say I mightn’t be willing to make a deal with ya?",“不过话说回来，这也不是说我可能不愿意跟你做个交易？”
What did you have in mind?,你有什么想法？
"See there’s this man, a stargazer he is, came here a few days ago",“你看，有这么个人，是个看星星的，几天前来了这儿”
Perched hisself on that cliff right over there,就待在那边的悬崖上
Basilo points to the cliff that rises over the beach to the east,巴西洛指向东边海滩上耸立的悬崖
"Thing is, he was carrying something I can hardly put into words",“问题是，他带着个我难以形容的东西”
Is like a tube with glass in it that you use to look at the stars and such!,就像一根管子，里面有玻璃，用来观察星星什么的！
A telescope?,望远镜？
That’s what he called it!,他就是这么叫的！
Old Basilo would love to have it if you can get your way up to where he made camp!,老巴西洛很想要它，如果你能想办法去他扎营的地方拿到的话！
There’s meaning in the stars you see - Old wisdom and such,你看，星星里有意义——古老的智慧什么的
And don’t fret!,别担心！
Basilo saw big ol’ fat crows circling near the camp,巴西洛看到又大又肥的乌鸦在营地附近盘旋
I’ll bet Basilo’s eye that the Stargazer’s dead and rotting and his teliscope’s just waiting to be salvaged!,我敢用巴西洛的眼睛打赌，那个看星星的已经死了，烂了，他的望远镜正等着被打捞呢！
I’d rather you just hand my things over,我宁愿你把我的东西直接还给我
Mother Maelstrom’s favored and all,老漩母的宠儿什么的
As you hand the telescope over to the wreck-picker his eyes light up in a not wholly sane manner,当你把望远镜递给这个拾荒者时，他的眼睛亮了起来，带着几分疯狂
Chest’s yours little fish!,箱子归你了，小鱼儿！
Basilo shouts over his shoulder as he rushes out into the yard with his new prize,巴西洛头也不回地喊道，拿着新宝贝冲进了院子
If you be nosing around Basilo’s treasures you best have something for me!?,你要是想打巴西洛宝贝的主意，最好给我带点什么！？
Basilo barks at you,巴西洛对你吼道
I have the telescope,我有望远镜
#Chapter1IdraLighthouseCave,#Chapter1IdraLighthouseCave
"The weathered box crumbles as you touch it, revealing an ancient knife of exquisitely carved greenish stone",当你触碰时破旧的盒子碎裂开来露出一把雕刻精美的绿色石质古刀
With trembling hands you pick it up and for a moment the air around you seems to become charged with eldritch energies,你用颤抖的双手拿起它一瞬间周围的空气似乎充满了诡异能量
Sounds die down and your nostrils fill with the metallic tinge of ozone,声音逐渐消失你的鼻孔里充满了臭氧的金属气味
No doubt this is the object Mathias the lighthousekeeper asked you to retrieve,毫无疑问这就是守塔人马蒂亚斯让你取回的东西
No doubt the blade is an object of strange and ancient magics,毫无疑问这把刀是一件蕴含奇异古老魔法的物品
"A sickly, wet bubbling sound snaps you back into focus",一阵令人作呕的湿漉漉的冒泡声将你拉回现实
"All around you, the clay jars begin to stir and then, one after another, they burst with loud cracks as a thick substance pours from them",你周围的陶罐开始晃动然后一个接一个地爆裂开来发出响亮的破裂声浓稠的物质从中涌出
"To your horror, the viscous substance begins to move of its own volition towards you!",令你惊恐的是那粘稠的物质开始自行向你移动
"Driina slowly walks around the slab, taking in the strange sight",德莉娜缓缓绕着石板走动观察着这奇异的景象
There is ritual at work here,这里正在进行某种仪式
Though nothing like the Imperial rites of Sepulcation,尽管与帝国的安葬礼完全不同
This is something different,这是完全不同的东西
There is a sense of technicality to it,其中透着一股技术性的意味
Like children observing a parent practicing some complex craft and trying to emulate it,就像孩子们观察父母练习某种复杂手艺并试图模仿一样
She shudders,她打了个寒颤
It terrifies me,这让我感到恐惧
The dead stare indignantly at you with empty eye sockets as you examine their naked forms,当你检查他们赤裸的身体时死者用空洞的眼窝愤愤不平地凝视着你
You find several lesions on them - no doubt caused by the strange instruments that surround them,你发现他们身上有几处损伤——毫无疑问是由周围那些奇怪的器械造成的
"As to the purpose of the cuts, you have no idea",至于这些切口的用途你毫无头绪
As you look more closely it becomes clear to you that these are not the incisions that are commonly associated with the removal of organs for embalming,当你更仔细地观察时你清楚地发现这些并非通常与取出器官进行防腐处理相关的切口
"In fact, from what you can tell, the corpses’ organs are still intact",事实上据你判断尸体的器官仍然完好无损
This ritual seems to have served another purpose,这个仪式似乎另有目的
"Though what, you cannot possibly guess",但究竟是什么你完全猜不到
Carefully brushing away dust and cobwebs you survey the oddly shaped instruments,你小心地拂去灰尘和蛛网审视着那些形状奇特的器械
"Their shapes vary from small blades to hooks and other, stranger forms",它们的形状各异从小型刀片到钩子还有其他更奇怪的形状
You have no idea as to their purpose,你对它们的用途一无所知
"As you stand there pondering the strange scene before you, your eyes fall on a small wooden box",当你站在那里思索眼前的奇异景象时你的目光落在一个小木盒上
Examine the box,检查盒子
Even a cursory examination reveals that these instruments were likely used on the corpses but as far as you can tell they do not seem to be embalming tools,即使粗略检查也能发现这些器械很可能用于尸体但就你看来它们似乎不是防腐工具
Instead they seem more like primitive imitations of the tools Imperial surgeons use,相反它们更像是帝国外科医生所用工具的原始仿制品
An Ancient Corpse,一具古尸
Two desiccated corpses lie carefully placed on a carved stone slab,两具干瘪的尸体被精心放置在一块雕刻过的石板上
There is a deliberateness in their arrangement that gives the strong impression of forgotten secrets and ancient rituals,它们的摆放方式透露出一种刻意强烈地暗示着被遗忘的秘密和古老的仪式
Scattered about the corpses are several strange looking metal instruments,尸体周围散落着几件看起来奇怪的金属器械
Examine the corpses,检查尸体
"Driina, what do you make of this?",德莉娜，你怎么看？
Examine the instruments,检查器械
Sprawled on the ground ahead of you lies the mangled body of a man,在你前方的地面上躺着一具血肉模糊的男尸
Stacked high against the walls behind the poor fellow are crates of goods and you have a feeling you've stumbled upon a smuggler's hideout,在这可怜的家伙身后的墙边高高堆放着货物箱你感觉自己无意中发现了一个走私者的藏身处
One that has seen fairly recent use,一个最近还在使用的藏身处
You enter into the larger chamber ahead and the temperature drops noticeably,你进入前方更大的房间温度明显下降
"As the swirling dust and ghostly vapors subside, you make out the intimidating form of an ancient, carved monolith",随着旋转的尘埃和幽灵般的雾气消散你辨认出一块古老而雕刻的巨石那令人生畏的轮廓
"Painted on its face, you immediately recognize the crude spiral sign you saw on the standing stones above ground",在它的表面你立刻认出了你在地面立石上见过的粗糙螺旋符号
"Painted on its face, you can make out the crude shape of a red spiral",在它的表面你能辨认出一个粗糙的红色螺旋形状
"Carefully arranged before the monolith lies two diminutive, desiccated corpses and along the edges of the chamber stand strange urns of unknown design",巨石前精心摆放着两具干瘪的小尸体房间边缘则立着设计未知的奇怪瓮罐
The chamber has an aura of age beyond comprehension and your head begins to spin as you realize you may be the first to set foot in it for millennia,这个房间散发着一种难以理解的古老气息当你意识到自己可能是数千年来第一个踏入此地的人时你的头开始眩晕
We shouldn't be here,我们不该在这里
Kat whispers behind you,卡蒂在你身后低语
The Tunnel,隧道
Creeping through the narrow and cobweb covered tunnel it occurs to you that you’re likely the first to use it in decades,爬过狭窄且布满蛛网的隧道时你想到自己很可能是几十年来第一个使用它的人
"It appears that neither the smugglers, nor whoever lies on the other end of the tunnel, knew of its existence",看来无论是走私者还是隧道另一端的人都不知道它的存在
The wall ahead is no doubt another door and you put your shoulder to it,前方的墙壁无疑是另一扇门你用肩膀顶住它
"Expecting the massive slab of rock to be heavy, you're surprised to find it easily swings open and you nearly stumble into the room ahead",本以为这块巨大的石板会很重你惊讶地发现它轻松地转开了你差点跌进前方的房间
"It occurs to you that given the doors clever design, there would likely have been no way of finding this door from the other side",你想到鉴于这扇门的巧妙设计从另一边很可能根本无法发现这扇门
#Chapter1KataksChild,#第一章 卡塔克的孩子
A Scream,一声尖叫
"As you make your way through the dense underbrush a terrible, inhuman scream cuts through the forest",当你穿过茂密的灌木丛时，一声可怕的、非人的尖叫划破了森林
You instantly recognize it as the foul abomination that fled from 'Mother' Katak's cottage,你立刻认出那是从“卡塔克嬷嬷”小屋逃走的邪恶异物
No doubt the creature still lives,毫无疑问那生物还活着
A Shadow,一道阴影
You stop dead in your tracks as you suddenly see a shadow in the corner of your eyes,你突然在眼角瞥见一道阴影，顿时停下了脚步
"As you turn to look, it's gone",当你转身去看时，它已消失无踪
"Then suddenly, an unmistakable piping sounds from behind you",紧接着，身后突然传来一阵清晰无误的尖啸声
You whirl around but once again the source is gone,你猛地转身，但声音的源头又一次消失了
There is no doubt however,然而毫无疑问
Mother Katak's child is stalking you,卡塔克嬷嬷的孩子正在跟踪你
# Chapter_1_Landing,# 章节_1_登陆
#Chapter1Landing,#章节1登陆
The Shores of Idra,伊德拉海岸
"Slowly, you drag yourself from the cold water onto the relative safety of solid rock",你缓慢地从冰冷的海水中拖曳着身体，爬上相对安全的坚硬岩石
"You try, and fail, to stagger forwards as exhaustion washes over you in a great, black wave",你试图踉跄前行，却失败了，疲惫如同一股巨大的黑色浪潮将你淹没
Oblivion takes you before you hit the rocky ground,在你摔倒在嶙峋地面之前，虚无便攫住了你
.......,.......
You're awoken by the cacophonous cries of gulls circling you,你被海鸥在你头顶盘旋时发出的刺耳叫声吵醒
Your body is a mass of pain and exhaustion - covered in a thousand cuts and scrapes,你的身体充斥着疼痛与疲惫——布满了无数割伤和擦伤
The large white birds gather around you in eager anticipation,这些白色的大鸟满怀急切期待地聚集在你周围
What a magnificent feast your bloated corpse would make,你肿胀的尸体将会成为多么丰盛的一顿盛宴啊
Not today,但今天不行
Minutes or perhaps hours pass as you lay unmoving - trying desperately to will some warmth back into your body,几分钟或是几小时过去了，你一动不动地躺着——拼命试图让一丝暖意回到身体里
Finally you manage to force your eyes open,你终于设法强迫自己睁开了眼睛
"By some miracle you are not only alive, but you find yourself on the shores of the cursed island of Idra",出于某种奇迹，你不仅还活着，而且发现自己正身处被诅咒的伊德拉岛海岸
Strewn around you is the wreckage of the Zephyr,散落在你周围的是西风号的残骸
You see no other survivors,你没看到其他幸存者
"Lest you find equipment and companions soon, you may have cheated death in vain",除非你能尽快找到装备和同伴，否则你这次死里逃生可能只是徒劳
#Chapter1LandingCrabCave,#Chapter1LandingCrabCave
"Large, mis-shapen crabs emerge from the water all around you!",巨大、畸形的螃蟹从你周围的水中冒了出来！
"Intentionally or not, the seemingly mindless beasts have lain an ambush for you!",不管有意无意，这些看似无脑的野兽已经为你设下了埋伏！
Fight,战斗
They took the bodies of the drowned!,它们拖走了溺水者的尸体！
Men and women I’ve known for years!,我认识多年的男男女女！
All blue and swollen,全都发青肿胀
Dragged them into this cave,把它们拖进了这个洞穴
Crabs as big as horses!,像马一样大的螃蟹！
How can such a thing be?,怎么会有这种事？
What’s wrong with this place?,这地方到底怎么了？
It occurs to you that the wretch either does not recognize you from the Zephyr or he is too desperate to care,你意识到这个可怜虫要么没认出你是西风号上的人，要么已经绝望到不在乎了
"In any case, I was too weak to fight back when I landed and they must have thought I was dead",不管怎样，我上岸时太虚弱了，没法反抗，它们一定以为我死了
Dragged me into the darkness,把我拖进了黑暗
"But when I heard those sounds, claws rending dead flesh, something awoke in me!",但当我听到那些声音，爪子撕裂死肉的声音，我内心有什么东西觉醒了！
I kicked and screamed as best I could and they let me go!,我拼命踢打尖叫，它们就放开了我！
I ran as fast as I could but I took a turn in the darkness and ended up here!,我拼命跑，但在黑暗中拐错了一个弯，结果就到了这里！
I could hear them moving about in the caves around me and I didn’t dare try to make it out,我能听到它们在我周围的洞穴里移动，我不敢尝试逃出去
If you hadn’t come here I’d have died from thirst!,如果你没来，我早就渴死了！
The way out should be clear for you now!,出去的路现在应该畅通了！
A Foul Cave,恶臭的洞穴
Eons worth of the sea’s ravage upon the land has given birth to this cave,大海对陆地亿万年的侵蚀造就了这个洞穴
"From its depths, a stench of seaweed and rotting flesh rises",从洞穴深处，升腾起海藻和腐肉的恶臭
"So foul is it, that it feels like some evil entity attempting to force its way through the pores of your skin, into the core of your being",如此恶臭，仿佛有什么邪恶实体正试图从你的皮肤毛孔钻入，直逼你的灵魂深处
Try to not vomit,努力不呕吐
"Your breathing becomes rapid and shallow as your mind is flooded by the image of foul things in the darkness, feasting on the spilling entrails of swollen sea-corpses",你的呼吸变得急促而浅，脑海中充斥着黑暗中污秽之物啃食肿胀海尸流淌内脏的画面
The chamber around you spins and you vomit explosively,你周围的房间旋转起来，你猛烈地呕吐
"Feeling utterly empty, you regain your composure after a few minutes",感觉完全被掏空，几分钟后你恢复了镇定
The narrow passages of the cave ahead seem foreboding,前方洞穴狭窄的通道显得不祥
"Steeling your resolve, you manage to calm your breathing",你坚定决心，设法平复了呼吸
"Though the stench persists, you manage to push the image of foul things in the darkness, feasting on the spilling entrails of swollen sea-corpses, from your mind",尽管恶臭依旧，你设法将脑海中黑暗里污秽之物啃食肿胀海尸流淌内脏的画面驱散
You carry on into the darkness,你继续向黑暗中前进
The corpses of the doomed crew of the Zephyr are arranged around the chambers central column,西风号遇难船员的尸体被摆放在房间中央柱子周围
"A pale light shines down from an aperture in the vaulted cave ceiling above, illuminating their bloated features and pale blue skin",一束苍白的光从上方拱形洞顶的开口照下，照亮了他们肿胀的面容和淡蓝色的皮肤
Is there a form of artistry to their arrangement?,它们的排列是否带有某种艺术性？
For a brief moment you almost find it… beautiful?,有那么一瞬间，你几乎觉得这……很美？
The thought comes into your mind unbidden,这个念头不由自主地涌入你的脑海
An interloper,一个闯入者
"Stepping between the corpses, you spot a man who you immediately recognize as the Zephyr’s first mate",在尸体间穿行时，你发现一个男人，立刻认出他是西风号的大副
"Around his neck, a sturdy chain glimmers and you carefully fish out a strange octagonal amulet, richly filigreed and with the navigational roset of the Nautical Guild carved on it",他脖子上一条结实的链子闪闪发光，你小心地掏出一个奇特的八角形护符，上面有精美的金银丝细工，并刻有航海行会的导航罗盘图案
This is no doubt the Captain’s Seal and is apparently an item that the guild will pay handsomely to have returned to them,这无疑是船长印章，显然是一件行会愿意花大价钱赎回的物品
"As you pocket the amulet, you become aware of movement in the waters around you",当你把护符装进口袋时，你察觉到周围水域中有动静
Strange stalked eyes regard you as several of the chitinous horrors emerge,几只甲壳怪物冒了出来，奇怪的柄眼注视着你
"No doubt, the abominations have come to feed on the flesh of the dead",毫无疑问，这些畸形生物是来啃食死者血肉的
Or the living,或者活人
Attempt to sneak away,尝试悄悄溜走
Attack the beasts,攻击这些野兽
The abominable creatures snap their claws greedily as they advance towards you!,这些可憎的生物贪婪地张合着爪子，向你逼近！
No doubt intending to make you part of their gruesome display!,毫无疑问，它们打算让你成为它们恐怖陈列的一部分！
You carefully step away from corpse and begin to try and make your way out of the horrid chamber,你小心地从尸体旁走开，开始试图离开这个可怕的房间
"Curse me, I have to get out of this hole!",该死，我得离开这个鬼地方！
I don’t even know how long I’ve been in here?,我甚至不知道我在这里待了多久？
It’s like time doesn’t pass right but I’ve not died from thirst yet so it can’t be that long!,时间好像不对劲，但我还没渴死，所以应该不会太久！
I just need to get out!,我只想出去！
Explain the way to the exit,解释出口的路
Hold on,等等
A strangely haunting piping can be heard from the caves ahead,前方洞穴传来一阵奇异而萦绕心头的笛声
Surely it must be the wind?,肯定是风声吧？
"Then again, it rises and falls with an eerie sense of musicality that does nothing to set your mind at ease",然而，它起伏之间带着一种诡异的音乐感，丝毫不能让你安心
Forge ahead,继续前进
"You had nearly grown accustomed to the foul stench that lingers in these caves, but now it once more assaults your senses with renewed vigor!",你几乎已经习惯了弥漫在这些洞穴中的恶臭，但现在它再次以更强的势头冲击你的感官！
Rolling out of the eastern passage like so many black tendrils probing for a way into the very core of your being,从东边的通道涌出，如同无数黑色触须，探寻着进入你灵魂深处的途径
Whatever lies ahead must be at the center of the rot that permeates this pit,前方的一切必定是弥漫这个深坑的腐败之源
Forge ahead!,继续前进！
You vomit violently and the sounds of your retching echoes through the chamber around you,你剧烈呕吐，干呕声在周围的房间中回荡
"With each spasm, your gasping draws in another lung-full of the tainted air until you feel permeated by the foulness",每一次痉挛，你的喘息都吸入更多污浊的空气，直到你感觉自己被恶臭浸透
Where do you end and the filth begin?,你在哪里结束，污秽又从哪里开始？
"Through grit alone, you refuse to let the foulness find purchase and you fight down the nausea that wells up inside you",仅凭毅力，你拒绝让恶臭占据上风，压下了涌上来的恶心感
A Survivor,一个幸存者
Who... who goes there?,谁……谁在那里？
A haggard man dressed in the livery of the Nautical Guild huddles apprehensively in the corner of the small chamber you’re standing in,一个穿着航海行会制服的憔悴男人，惶恐地蜷缩在你所在小房间的角落里
His lips are dry and cracked and he appears to be parched,他的嘴唇干裂，看起来口渴难耐
Please tell me you’ve found a way out of this pit!,请告诉我你找到了离开这个深坑的路！
I have!,我找到了！
What are you doing here?,你在这里做什么？
The desperate man wastes no time scrambling past you and towards fresh air and relative safety,这个绝望的男人毫不耽搁，从你身边挤过去，冲向新鲜空气和相对安全的地方
That was Ari!,那是阿里！
Kat seems flustered,卡蒂显得有些慌乱
Poor bastard,可怜的混蛋
Sounds like he’s losing his mind the way he was talking!,听他说话的样子，像是要疯了！
Trapped down here for days?,被困在这里好几天了？
He’s an arse but he didn’t deserve that,他是个混蛋，但也不该受这种罪
None of them did,他们都不该
Andry,安德里
Thanks for finding a way out of that bloody cave!,谢谢你找到了离开那个该死的洞穴的路！
"If them crabs hadn't gotten me, the thirst would have",就算那些螃蟹没弄死我，渴也会渴死我
Can you imagine?,你能想象吗？
Slowly going insane in the darkness,在黑暗中慢慢发疯
All alone and dying?,孤身一人，慢慢死去？
Thank you so much!,太感谢你了！
I'll live to see another day!,我能活着见到新的一天了！
By the Golden Dead I’ll be mending my wicked ways if I make it out of here!,以黄金先祖之名，要是我能活着出去，我一定改邪归正！
No more dice and whoring!,再也不赌博嫖妓了！
#Chapter1LandingFarm,#第一章 登陆农场
Derelict Farm,荒废农场
The small farm is overgrown and derelict and it appears to be abandoned,小农场杂草丛生，荒废不堪，似乎已被遗弃
"At one point, you muse, this must have been a quaint place",你曾想，这里一定曾是个古雅的地方
A good spot to raise a family perhaps?,或许是个养家糊口的好地方？
"Suddenly, as if summoned by your very thoughts, the faint but unmistakable sound of children’s laughter is carried on the wind",突然，仿佛被你的思绪召唤，风中传来微弱但确凿的孩童笑声
The sound is oddly distorted with a strange echoing quality and for some reason it chills you to your bones,声音奇怪地扭曲，带着诡异的回响，不知为何让你脊背发凉
"The sound is interrupted by a woman’s cry of pain, or perhaps sorrow",声音被一个女人的痛苦或悲伤的哭喊打断
#Chapter1LandingKat,#Chapter1LandingKat
Are you sure?,你确定吗？
I would have thought it safer to not go alone,我本以为不单独行动会更安全
"On second thought, let's travel together",“仔细想想，我们还是一起走吧”
"Yes, I'm sure",“是的，我确定”
I would have thought it wiser to stick together but I’ll not twist your arm,我本以为待在一起更明智，但我不会勉强你
I’ll see if I can’t find that farm north of here,我去看看能不能找到北边那个农场
You’ll find me there,你可以在那里找到我
Stay safe!,注意安全！
Kat nimbly makes her way along the rocky shoreline and into the fog,卡蒂敏捷地沿着岩石海岸线前行，消失在雾中
Wading out of the freezing surf you lose your footing on the slick stones and fall heavily to the ground,你涉过冰冷的海浪，在光滑的石头上失去平衡，重重摔倒在地
There is a sudden blur of movement in the corner of your eye and as you frantically try to get to your feet you slip again,眼角余光瞥见一个模糊的身影闪过，你慌忙想要起身，却又滑倒了
Standing above you on a large rock is a young woman dressed in Nautical Guild livery,一块大石上站着一位年轻女子，身穿航海行会的制服
"Wet, auburn hair clings to her face in the cold wind",“湿漉漉的赤褐色头发在寒风中贴在她脸上”
"So I would say, that cave to the west is where we should start looking",“要我说，西边那个洞穴应该是我们开始搜寻的地方”
You ready to go?,准备好出发了吗？
Let's go!,我们走！
I prefer to travel alone,我更喜欢独自行动
I have some questions first!,我先问几个问题！
Magi’s balls!,法师的蛋蛋！
I was sure I was the only one to make it ashore,我还以为只有我一个人上了岸
The woman leaps from the rocks and helps you back on your feet,女子从岩石上跳下，扶你重新站起来
"Looking you up and down, she fetches a wineskin from her belt and offers it to you",“她上下打量了你一番，从腰间取出一个酒囊递给你”
The skin is nearly empty save for a last mouthful of brandy,酒囊几乎空了，只剩最后一口白兰地
You drink it down greedily and slowly you feel a modicum of warmth creep into your bones,你贪婪地一饮而尽，渐渐感到一丝暖意渗入骨髓
You recognize the young woman’s face now,你现在认出了这位年轻女子的脸
She must have served on the Zephyr,她一定曾在西风号上服役
She has an arrow cocked on a shortbow and as you squint up at her she draws the string back,她短弓上搭着一支箭，你眯眼看向她时，她拉开了弓弦
Give me one good reason not to end you right now!,给我一个不现在就了结你的好理由！
You recognize the young woman’s face,你认出了这位年轻女子的脸
Mercy!,饶命！
It was nothing personal,这不是私人恩怨
The girl scoffs at you,女孩对你嗤之以鼻
You’re just like the rest of them,你和他们没什么两样
Step on any neck so long as it gets you a leg up,只要能往上爬，不惜踩在任何人的脖子上
That it?,就这些？
She’s red faced with anger,她气得满脸通红
I was when they sold me to the Nautical Guild,当他们把我卖给航海行会时，我也是
Did you know I’m listed in their records as an asset?,你知道吗，在他们的记录里，我被列为一项资产？
A bleeding commodity to use and trade away as they will!,一件任他们使用和交易的该死的商品！
How many nights have I spent dreaming of that bloody ship sinking so I could get away,多少个夜晚，我梦想着那艘该死的船沉没，好让我逃脱
But now that it’s happened,但现在它真的发生了
You were a slave?,你曾是奴隶？
Who sold you?,谁卖了你？
Shut your bleeding mouth before I put an arrow through your neck!,闭上你的臭嘴，不然我一箭射穿你的脖子！
She draws the string back even further and for a long moment you think she’s going to let loose,她把弓弦拉得更满，很长一段时间你以为她就要放箭了
Instead she sighs deeply and lowers her bow,然而她深深叹了口气，放下了弓
"One way or another, you did buy me my freedom and I’d be a cursed woman for putting you down as thanks",“不管怎样，你确实给了我自由，我要是恩将仇报，会遭天谴的”
Even if I’m stuck here on this bloody island for now,即使我现在被困在这个该死的岛上
"I’ll tell you what, help me get away from here and I’ll consider us even?",“这样吧，帮我离开这里，我们就两清了，如何？”
You can start by telling me your name,你可以先告诉我你的名字
Katyana’s my name,我叫卡蒂亚娜
The crew calls me Kat,船员们都叫我卡蒂
Or rather they did I suppose,或者说，他们以前这么叫
She looks up and down the beach with a furrowed brow,她眉头紧锁，环顾着海滩
"Listen, you have to get up",“听着，你得起来”
We need to get off this beach before you freeze,我们得离开这片海滩，不然你会冻僵的
Or worse,或者更糟
Worse?,更糟？
Captain’s seal,船长的印章
It’s a medallion of sorts that is carried on every guild vessel,那是每艘行会船只上都携带的一种徽章
It’s not just for show either,它也不仅仅是摆设
They say the seals are forged by the Magi and that they have secret powers but I don’t know nothing about that,据说这些印章是由法师锻造的，拥有秘密力量，但我对此一无所知
All I know is the guild pays well to have one returned if a ship is ever lost,我只知道，如果有船只失事，行会愿意出高价收回印章
"It's always worn by one of the officers, but I don't think the Captain had it on him when the fight broke out",“通常由一名军官佩戴，但打斗发生时，船长好像没带着它”
Might have been the First Mate was carrying it and I think he was still alive when the ship sank,可能是大副带着，而且船沉时他好像还活着
We need supplies and shelter first,我们首先需要补给和庇护所
There might be salvage to be had among the wreckage on the beach,海滩上的残骸中或许能找到些有用的东西
I also think I spotted the chimney of a house just north of the cliffs,我还觉得在悬崖北边看到了一座房子的烟囱
A warm fire and some food would go a long way,温暖的炉火和食物会大有帮助
Kat offers you her hand and drags you to your feet,卡蒂向你伸出手，把你拉了起来
She looks pensively towards the west,她若有所思地望向西方
"Also, as I said there’s a cave west of here",“还有，我说过西边有个洞穴”
I think the crabs dragged off most of the corpses there but what if,我想螃蟹把大部分尸体都拖到那里去了，但万一
What if they’re not all dead?,万一他们没全死呢？
Might be other survivors like you and me,可能还有其他像你我一样的幸存者
"What's more, there's a chance one of the officers was carrying the seal when the boat sank",“而且，船沉时可能有一名军官带着印章”
"If we can find it, the Nautical Guild would give anything to have it returned to them",“如果我们能找到它，航海行会愿意不惜一切代价把它要回去”
Seal?,印章？
There’s something wrong about this place,这地方有点不对劲
Can’t you feel it?,你感觉不到吗？
Like a taste in your mouth,就像嘴里尝到的某种味道
And there are beasts,还有野兽
Huge sea creatures I ain’t never seen afore,我从未见过的巨大海兽
I saw them dragging the dead crew-men into a cave west of here,我看到它们把死去的船员拖进西边的一个洞穴
At least I hope they were dead,至少我希望他们当时已经死了
Kat shudders,卡蒂打了个寒颤
What do you suggest?,你有什么建议？
Good,好
I found this bow in a cargo crate,我在货箱里找到了这把弓
We best find you a weapon too as soon as possible,我们最好尽快也给你找件武器
I suspect we’ll need it before long,我怀疑我们很快就会需要它
"Together you begin to move, off the beach and towards whatever darkness dwells in the island’s interior",“你们一起动身，离开海滩，向着岛屿深处潜伏的黑暗走去”
There’ll be plenty more time for that once we get off the beach,等我们离开海滩，有的是时间谈这个
Are you ready?,你准备好了吗？
You're not coming with me,你不跟我一起走
You’re back?,你回来了？
I see the beasts that roam the shoreline didn’t get the better of you!,看来在海岸游荡的野兽没能把你怎么样！
Let's travel together!,我们一起走吧！
I’ll go with you,我跟你走
Let’s gather what weapons and equipment we can and make for the inland,我们尽可能收集武器和装备，然后向内陆进发
#Chapter1LandingMarita,#第一章登陆玛丽塔
"Kneeling in the grass, you notice a satchel lying where Martita was kneeling",跪在草丛中，你注意到玛丽塔刚才跪着的地方放着一个挎包。
You get a feeling it was left there for you,你感觉那是留给你的。
"Slowly, you regain your composure and get to your feet",你慢慢恢复镇定，站起身来。
"Shambling away from the well, you suddenly stiffen",你蹒跚着离开水井，突然僵住了。
Did you just hear something?,你刚才是不是听到了什么？
A child's voice perhaps?,也许是孩子的声音？
Or was just the wind?,或者只是风声？
The woman rocks slowly back and forth as she stares blankly at the well in front of her,那女人缓缓地前后摇晃，茫然地盯着面前的水井。
What has happened?,发生了什么事？
It took them,它带走了他们
Called out to them,呼唤他们
I heard it,我听到了
Funny thing is,可笑的是，
I heard it calling with my voice,我听到它用我的声音呼唤
Oleg and Anja live in the well now,奥列格和安雅现在住在井里
They’re calling for me to join them,他们在呼唤我下去陪他们
Can I help?,我能帮忙吗？
It will never stop,它永远不会停止
It will multiply until it covers all the lands and all the seas,它会不断繁殖，直到覆盖所有的陆地和海洋
"And when we are all dead and bones, the conqueror mold will dress our corpses in black mourning veils",等我们都化为枯骨，黑噬霉菌会给我们的尸体披上黑色的哀悼面纱
Her voice is flat and monotone and the strange words almost seem to come from somewhere else,她的声音平淡单调，那些奇怪的话语仿佛来自别处
She then lets out a deep sigh,然后她深深叹了口气
"But if I had my children’s bones to bury, it would give me some respite",但如果我能埋葬孩子们的尸骨，就能让我得到些许慰藉
"A moment of silence, then the sickening sound of children’s laughter once again rises from the well",片刻的寂静之后，井中再次响起令人毛骨悚然的孩童笑声
"The skeletal figure of Marita sits in front of the well, rocking silently back and forth",玛丽塔骨瘦如柴的身影坐在井前，默默地前后摇晃
I have your children's bones,我带来了你孩子的尸骨
Marita looks up at you and blinks as if waking from a dream,玛丽塔抬头看着你，眨了眨眼，仿佛从梦中醒来
"Without a word, she gingerly takes the small bundle of bones in her arms as if it was a swaddled infant",她一言不发，小心翼翼地接过那一小捆尸骨，仿佛抱着一个襁褓中的婴儿
She cradles it for a moment and then looks up at you with grateful eyes,她轻轻抱了一会儿，然后抬起头，眼中充满感激
She gently strokes your cheek once and then turns and wanders into the fog,她轻轻抚摸了一下你的脸颊，然后转身走入雾中
You’ve set her free,你让她解脱了
"Falling to your knees, you retch violently",你跪倒在地，剧烈地干呕起来
If it is from the conqueror mold or the emotional moment you can’t quite tell,究竟是因为黑噬霉菌还是情绪激动，你也说不清楚
#Chapter1LandingTelescope,#第一章 着陆望远镜
You steel yourself and gaze back into the cosmic aberration,你鼓起勇气，再次凝视那宇宙的异象，
"A moment stretches into hours, days, eons",“一瞬间延伸成数小时、数日、乃至永恒”，
Stars are birthed and die; collapsing in on themselves in cataclysms that shake the very foundations of creation,星辰诞生又消亡；在撼动造物根基的大灾变中自我坍缩，
Open your mind,敞开你的心灵，
"As you come to, you are sitting befuddled in the grass near the telescope",“当你回过神来，你正困惑地坐在望远镜旁的草地上”，
You have no idea of how much time has passed but you feel like you have traveled impossible distances,你不知道过去了多少时间，但你感觉自己仿佛穿越了不可思议的距离，
"For a fleeting moment, you sense profound realizations as they flee your mind like dreams upon waking",“转瞬之间，你感受到深刻的领悟，但它们如醒来时的梦境般从你脑海中溜走”，
"With a ringing head and a deep feeling of dread creeping in, you vow never to gaze into that accursed telescope again",“伴随着耳鸣和逐渐蔓延的深深恐惧，你发誓再也不去凝视那架被诅咒的望远镜”，
"Dread fills you as you realize that in the far recesses of your mind, thoughts are now lurking that originated elsewhere",“当你意识到在你心灵深处的隐秘角落，正潜伏着源自他处的思绪时，恐惧充满了你”，
"Unbidden and utterly alien, their greeting is a droning echo",“它们不请自来，全然异质，它们的问候是嗡嗡作响的回声”，
The eyes of the Dragon are opening,龙的眼睛正在睁开，
You vow to never peer through that accursed telescope again,你发誓再也不透过那架被诅咒的望远镜窥视，
A finely wrought telescope used for astronomical observations,一架用于天文观测的精制望远镜，
Its lenses are no doubt the product of some of the Empire’s finest Hyalomancers and allows stars to be observed even in full daylight,其镜片无疑是帝国最杰出的琉璃术士的杰作，即使在白昼也能观测星辰，
Examine the seas,观察大海，
Examine the sky in general,大致观察天空，
Examine the southeastern quadrant of the sky,观察天空的东南象限，
Take telescope,拿起望远镜，
You cannot bring yourself to look in that accursed telescope again,你再也无法让自己去看向那架被诅咒的望远镜，
"You look out upon the churning, gray roil that surrounds the windswept shores of Idra",“你眺望着环绕着狂风肆虐的伊德拉海岸的翻腾灰色浊浪”，
"Far out there, among the great waves and beating winds you swear you momentarily see a great glistening shape shifting just beneath the surface",“在远处，巨浪和狂风之中，你发誓你瞬间看到海面下有一个巨大的闪烁形状在移动”，
Whatever madness has befallen this island you are certainly safer here than on any ship out there,无论这座岛屿遭遇了何种疯狂，你在这里肯定比在海上任何船上都安全，
Use the telescope further,继续使用望远镜，
"You point the telescope skywards, and after a few moments of searching, you find a gap where the stormy skies have parted just enough to allow you to examine the stars in their firmament",“你将望远镜指向天空，搜寻片刻后，你发现了一处风暴天空裂开的缝隙，刚好足以让你观测苍穹中的星辰”，
Examine it more closely,更仔细地观察，
A moment of confusion washes over you as you find yourself utterly disoriented in a sky you should know as well as the back of your hand,一阵困惑袭来，你发现自己在一片本应了如指掌的天空中完全迷失了方向，
The poor astronomer was right,那位可怜的天文学家是对的，
Somehow the stars you see in the sky are utterly alien to you,不知何故，你看到的天空中的星辰对你来说全然陌生，
The realization leaves you chilled to your bones,这个认知让你寒彻骨髓，
Instinctively you look away from the strange stellar vista,你本能地将目光从这奇异的星景上移开，
Look back at the sky,回望天空，
Use the telescope for something else,将望远镜用于其他用途，
"Though you realize your knowledge of astronomy is quite lacking, you are nonetheless left with a feeling of wrongness that you can’t quite explain",“尽管你意识到自己的天文学知识相当匮乏，但你仍被一种难以言喻的错谬感所笼罩”，
Training the telescope on the southeastern quadrant of the sky your eyes are immediately drawn to what appears to be something akin to a small reddish cluster of stars,将望远镜对准天空的东南象限，你的目光立刻被一个看起来像是微红色星团的东西所吸引，
"Though, at first the tiny speck is hardly noticeable, it seems to grow larger as you regard it",“起初，那个微小的斑点几乎难以察觉，但当你注视它时，它似乎在变大”，
"At once you're struck with the terrible realization that as you are watching it, it is gazing back",“你立刻惊恐地意识到，当你在注视它时，它也在回望你”，
Tear your eyes away,移开你的目光，
Hold the gaze,保持凝视，
"As you feel tendrils of something utterly alien grasping at your consciousness, you tear yourself away from the telescope in panic",“当你感觉到某种全然异质之物的触须攫住你的意识时，你惊恐地从望远镜前挣脱”，
You turn away from the accursed apparatus and decide to never again use it,你从那被诅咒的仪器前转过身，决定再也不使用它，
#Chapter1LandingWell,#第1章着陆井
"One by one, you pry loose the bones from the writhing of the ganglion",你一根接一根地从那蠕动的菌瘤结节中撬出骨头
Its motions become more and more agitated as you work and a wave of relief washes over you as the last piece comes loose,随着你的动作，它的蠕动越来越剧烈，当最后一块骨头脱落时，一阵如释重负的感觉涌遍全身
Now you must make your way out of this death-trap,现在你必须设法离开这个死亡陷阱
Mold,霉菌，
"As you descend deeper into the earthy cave, you realize that the black mold covers most of the walls",当你深入这个土洞时，你发现黑色的霉菌覆盖了大部分墙壁
Even the air is thick with floating black specks,就连空气中也弥漫着漂浮的黑色微粒
"Here and there, the mold seems to form nodules",四处可见，霉菌似乎形成了结节
"Your mind fills with images of the nodules bursting open in an obscene mockery of birth and black, worm-like tendrils of mold spilling forth into the world",你的脑海中充满了那些结节爆裂开来的画面，仿佛是对诞生的猥亵嘲弄，黑色的、蠕虫般的霉菌卷须涌向世界
An irrational urge to touch the nodes begin to grow inside you,一股想要触摸这些结节的非理性冲动在你心中滋长
Move on,继续前进，
Touch nodes,触摸结节，
"Perhaps it’s the thickness of the air, or the sickly miasmas that fill this part of the cave, but stars flash before your eyes",也许是空气的浓稠，或是弥漫在这洞穴中的病态瘴气，你的眼前闪过星光
Your mind is assaulted with images of alien landscapes,你的脑海被异星景象的画面冲击
Cities?,城市？，
"No, giant living structures, almost like the coral that the traders from the Sea-Gates sometimes peddle",不，是巨大的活体结构，几乎就像港门的商贩有时兜售的珊瑚
But large,但非常巨大，
So large it almost touches the sky,如此巨大，几乎触及天空
Then you see it,然后你看到了它，
The structures themselves writhe with obscene life,那些结构本身蠕动着猥亵的生命，
Innumerable black worm-like tendrils of black mold cover them,无数黑色的蠕虫状霉菌卷须覆盖着它们，
They beckon you,它们向你招手，
Give in to them,屈服于它们，
Let them take hold,让它们占据你，
In the sky above you something massive shifts,在你上方的天空中，某个庞然大物移动了，
Carry on!,继续前进！，
Give In,屈服，
The Sanctum,圣所，
You feel as if you’re dragged under and into the crushing blackness to unfathomable depths,你感觉自己被拖入下方，陷入令人窒息的黑暗，坠入深不可测的深渊
Stars flash before your eyes again and you once more see the impossible landscapes,星光再次在你眼前闪过，你又一次看到了那些不可思议的景象
Cyclopean edifices of writhing black shapes,由蠕动黑色形体构成的独眼巨人般的大厦，
An age of worms,蠕虫的时代，
You understand now,你现在明白了，
This is not some alien dream-scape,这不是什么异星的梦境，
This is Warda,这是沃尔达，
This is home,这是家园，
And you?,而你？，
You are a high-priest!,你是一位高阶祭司！，
The god-regent of a perfect world!,完美世界的神之摄政！，
And now it is time!,而现在，时候到了！，
The sky sunders!,天空裂开了！，
SEVEN EYES SEE!,七眼所见！，
IT COMES!,它来了！，
GIVE YOURSELF TO IT!,将你自己献给它！，
"Gathering all your willpower, you wrest back control of your faculties and forge ahead",你凝聚起全部的意志力，夺回对自身能力的控制，奋力前行
On the wall ahead you spot it,在前方的墙上，你发现了它，
A festering ganglion of black ichor with two small human skulls leering from it,一个溃烂的黑色脓液菌瘤结节，上面有两个小人类头骨在斜睨着
The Children,孩子们，
The two diminutive shapes materialize as if from the very walls themselves,那两个矮小的身影仿佛从墙壁本身中显现出来
"Bodies alive with writhing mold, their blank, idiotic faces stare up at you in a grotesque imitation of life",身体上蠕动着霉菌，他们空洞、痴愚的面孔以一种怪诞的生命模仿仰望着你
Your blood runs cold as organs that should never shape human voices spill forth the sound of children laughing,当那些本不该发出人类声音的器官传出孩童的笑声时，你的血液都凝固了
"A loud shriek escapes from the horrors and in a maelstrom of writhing blackness, the two pathetic creatures, reshape into lean forms that tower over you",一声尖啸从这些恐怖之物中传出，在蠕动的黑暗漩涡中，这两个可悲的生物重塑成瘦长的形体，高耸于你之上
They do not intend to let you leave,他们不打算让你离开
Try to dash past them and escape,尝试猛冲过他们身边逃走，
Abominations!,畸形生物！，
You attempt to slip past the monstrosities but they have you boxed in,你试图溜过这些怪物，但他们把你困住了
The only way out is now through them,现在唯一的出路就是穿过他们
Stand your ground,坚守阵地，
"Feigning left and dashing right, you manage to slip past the mindless creatures and before they manage to regain their bearings, you have clambered up the ropes and escaped the well",你假装向左，然后向右猛冲，成功溜过了这些无脑的生物，趁他们还没回过神来，你已经攀上绳索，逃出了井
"As you flop over the rim of the well and onto the ground, a faint “Mother!",当你翻过井沿，瘫倒在地时，一声微弱的“妈妈！”
escapes from below,从下方传来
The Ganglion,菌瘤结节，
The mass of glistening mold pulsates with a grotesque peristaltic motion as you approach it,当你靠近时，那团闪闪发亮的霉菌以一种怪诞的蠕动方式搏动着
Embedded in it is a collection of small animal bones,其中嵌着一堆小动物的骨头
"Nonetheless, you have no problems identifying two complete, small human skeletons",尽管如此，你毫不费力地辨认出两具完整的小型人类骨骼
Grab the bones,抓起骨头，
Oblivion,虚无，
"You dig your fingers into the black, substance and breathe deeply in tainted air, welcoming the pulsating presence that surrounds you to invade your flesh",你将手指插入那黑色的物质，深深吸入污浊的空气，欢迎那环绕你的搏动存在侵入你的肉体
It does not hesitate and the warmness of unity fills your very being as new life beings,它毫不犹豫，当新生命开始时，合一的温暖充满了你的整个存在
Stars align and the Dragon stirs in the void,星辰排列，龙在虚空中苏醒
Haruma,哈鲁玛，
HARUMA!,哈鲁玛！，
Become one,合为一体，
A Well,一口井，
The well seems ordinary enough until you examine it more closely,这口井乍看之下很普通，直到你仔细查看
A thin layer of slimy black mold seems to cling to its walls and a heavy odor of filth rises from its depths,一层薄薄的黏滑黑色霉菌似乎附着在井壁上，一股浓重的污秽气味从深处升起
You could swear you heard something splash around in the shallow waters,你发誓你听到浅水中有东西在扑腾
A ladder has been placed in the well-shaft and you could easily descend if you wanted to,井道里放了一架梯子，如果你想的话，可以轻松下去
Descend,下去，
A woman sits in the grass ahead of you with the well looming over her,一个女人坐在你前方的草地上，井在她身后若隐若现
"She is emaciated, ragged and covered in grime",她瘦骨嶙峋，衣衫褴褛，满身污垢
How long has she been sitting here?,她在这里坐了多久了？，
Weeks?,几周？，
She rocks back and forth,她前后摇晃着，
Almost catatonic,几乎处于紧张症状态
"Then, suddenly you hear it again",然后，你突然又听到了
The clear sound of playful children’s laughter rises from the well,孩童嬉戏的清脆笑声从井中升起
The woman wails,女人哀号起来
#Chapter1LeavingLanding,#第1章离开登陆地
"Emerging from the rocky shores, you survey the dreary interiors of Idra",从岩石海岸走出，你审视着伊德拉沉闷的内陆
"Rolling hills and moors cover much of the surrounding areas and tall, jagged mountains rise towards the north",起伏的丘陵和荒野覆盖了周围大部分地区，高耸嶙峋的山脉向北延伸
"East of you, a lighthouse can be seen; Its faint light flickering against the gloom",你的东边可以看到一座灯塔；它微弱的光芒在阴暗中闪烁
Beyond that lies a bay and from its far shore the wind carries the foul stench of burning corpses,再远处是一个海湾，从远处的岸边，风带来了焚烧尸体的恶臭
"Something is deeply wrong on this island and though you have survived this far, you are still poorly equipped and alone",这座岛上有什么非常不对劲，尽管你活到了现在，但你仍然装备简陋，孤身一人
"Nevertheless, you’re here for a reason and according to lord Cato, Embla’s last known location was the township of Horryn",尽管如此，你来此是有原因的，根据卡托领主所说，恩布拉最后已知的位置是霍林镇
"Whilst your road leads to Horryn eventually, you must also explore your surroundings well",虽然你的道路最终通向霍林，但你也必须好好探索周围的环境
You need to re-equip and find allies if you are to survive,如果你想活下去，就需要重新装备并找到同伴
"As you set out across the blasted landscape, you have a growing feeling that whatever horrific fate has befallen this region it's somehow inexorably tied to your quest",当你踏上这片荒芜的土地时，你越来越觉得，无论这片区域遭遇了何种可怕的命运，它都与你此行的任务有着某种无法摆脱的联系
"Something dark and vast is slowly spreading throughout the Outer Isles, tentacles grasping greedily as if searching for something",某种黑暗而庞大的东西正在外岛群缓慢蔓延，触手贪婪地抓取着，仿佛在寻找什么
Great adventures may lie ahead but so does great terror,前方或许有伟大的冒险，但也有巨大的恐怖
Of that you are absolutely certain,对此你绝对肯定
There’s something wrong here on this island,这座岛上有什么不对劲
Something really bad,非常糟糕的东西
Kat suppresses a shiver,卡蒂忍住了一个寒颤
You came here for a reason right?,你来这里是有原因的，对吧？
With mercenaries and all,带着雇佣兵什么的
Had to have been something important?,一定是很重要的事吧？
I was hired to find somebody,我受雇来找一个人
Kat listens intently as you tell her about your quest to find Embla Berryn,卡蒂专注地听着你讲述寻找恩布拉·贝林的任务
Girl’s lucky to have family care for her,那姑娘真幸运，有家人关心她
Kat mumbles,卡蒂嘟囔道
So the old man told you she was last seen in Horryn right?,所以那个老人告诉你她最后在霍林被人看到，对吧？
"Well, I’ve been to Horryn",嗯，我去过霍林
Landed there on our last run,上次跑船时在那里靠过岸
"I could tell something felt off about the place, but nothing like this",我能感觉到那地方有点不对劲，但没到这种程度
"Here’s how I see it, Horryn isn’t far - Just a day’s march to the east around the bay",我是这么看的，霍林不远——沿着海湾往东走，也就一天的路程
"However, I think we need to be all clever-like about this",不过，我觉得我们得放聪明点
Make sure we re-arm and maybe even try to pick up a few allies,确保我们重新武装起来，甚至可能试着找几个同伴
If we rush in and end up dead we’re not doing this Embla any good’s what I’m trying to say,如果我们贸然冲进去，结果死了，那对恩布拉一点好处都没有，我就是这个意思
"So, we should explore around a bit right?",所以，我们应该先在周围探索一下，对吧？
Gather a bit o’ intelligence and what-not,收集点情报什么的
We need to take it step by step,我们得一步一步来
I'd prefer it if you leave the strategy to me,我希望你把策略交给我
Yeah just like that,对，就是这样
Kat nods,卡蒂点点头
See over there?,看到那边了吗？
"Kat points towards the lighthouse to the east,",卡蒂指向东边的灯塔
Lighthouse’s still lit so it’s bound to be manned,灯塔还亮着，所以肯定有人驻守
If we make our way there we might find out more about what’s going on,如果我们去那里，也许能了解更多情况
Might even scrounge up a hot meal,说不定还能蹭到一顿热饭
Let's get a move on,我们出发吧
Any other suggestions?,还有其他建议吗？
"Alright, alright!",好吧，好吧！
I didn’t mean to overstep,我不是有意越俎代庖
Just don’t get us killed is what I’m saying,我只是说，别让我们送命
Kat looks at her feet,卡蒂看着自己的脚
"So, where to then?",那么，接下来去哪儿？
I'll work something out,我会想出办法的
"Kat looks around, squinting against the wind",卡蒂环顾四周，眯着眼抵御着风
She nod’s her head towards the northern shore,她朝北岸的方向点了点头
"I suppose any other survivors and wreckage from the Zephyr would be washed up on shore north-west of where we landed, right?",我想西风号的其他幸存者和残骸应该会被冲上我们登陆点西北方的海岸，对吧？
Might be worth a look-see?,也许值得去看看？
Let's head out then!,那我们出发吧！
#Chapter1Leva,#第1章Leva
Good to see ya again!,很高兴再见到你！
Just glad to see I’m not the only one left alive,很高兴看到我不是唯一活下来的人
Looking to barter a bit?,想交换点东西吗？
Sure,当然。
# Chapter_1_Lighthouse,# 第1章_灯塔
#Chapter1Lighthouse,#第1章灯塔
Mathias seems troubled by the questions and shifts uncomfortably,马蒂亚斯似乎被这些问题困扰，不安地挪动着身体
Had an assistant,曾有个助手
Caspar,卡斯帕
"Went mad, the fool did!",疯了，那个蠢货！
Had a head full of grand ideas and I kept telling him,满脑子宏大想法，我一直告诉他
This here is a place for the quiet mind,这里是个需要静心的地方
Threw himself from the tower,从塔上跳了下去
Found him broken on the cliffs,在悬崖下发现他摔得粉身碎骨
I can’t be blamed!,这不能怪我！
Mathias’ jaw quivers and his eyes water over,马蒂亚斯的下巴颤抖着，眼中噙满泪水
Mathias begins sobbing,马蒂亚斯开始抽泣
I should have known,我本该知道的
Gotten him off this rock,让他离开这块礁石
When he started talking about the cave and something about a blade calling him I should have known,当他开始说起洞穴，还有一把刀剑在呼唤他时，我就该知道了
I could have saved him but I couldn’t bear the thought of being alone again,我本可以救他，但我无法忍受再次孤身一人的念头
The silence is unbearable!,这寂静让人无法忍受！
Ask about the cave and blade,询问洞穴和刀剑的事
He would babble about the cave underneath here for hours,他会一连几个小时喋喋不休地说起下面的洞穴
I’d tell him those were smuggler’s caves and that he was to leave them alone!,我告诉他那是走私者的洞穴，让他别去招惹！
Smugglers keep to themselves but no telling what they’ll do if you bother em,走私者向来独来独往，但你要是招惹他们，天知道会怎样
"As to the 'blade' he talked about, that must’ve been the ravings of a mad man?",至于他说的那把‘刀剑’，那一定是个疯子的胡言乱语吧？
A soul lost to drink and loneliness!,一个被酒精和孤独吞噬的灵魂！
Oh poor boy,哦，可怜的孩子
Mathias wipes his eyes and exhales wearily,马蒂亚斯擦了擦眼睛，疲惫地叹了口气
Then again,不过话说回来
What if it is down there?,万一它真的在下面呢？
The black blade,那把黑刃
"Hidden in some ancient recess, glistening in the dark",藏在某个古老的壁龛里，在黑暗中闪闪发光
Mathias’ gaze grows distant for a moment,马蒂亚斯的目光一时变得遥远
"If it is, we needs to retrieve the blasted thing and destroy it!",如果是的话，我们得把那该死的东西找回来，毁掉它！
And that's where I come in?,那就是我该出场的地方了？
Would you help an old man set things right?,你愿意帮一个老人把事情纠正过来吗？
I’ll make it worth your while!,我会让你不虚此行的！
Find that black blade and bring it here,找到那把黑刃，带到这里来
I needs to see the thing that took Caspar at least once before we destroy it!,在毁掉它之前，我至少得看一次那个夺走卡斯帕的东西！
The entrance to the cave lies in the gully underneath the broken bridge,洞穴入口就在断桥下的沟壑里
Be careful!,小心点！
I think I've already found the blade in question,我想我已经找到你说的那把刀剑了
You mentioned smugglers?,你提到过走私者？
I should get going,我该出发了
Go to the smuggler-caves beneath the lighthouse and seek the blade that Caspar saw in his dreams,前往灯塔下的走私者洞穴，寻找卡斯帕在梦中见到的那把刀剑
You’ll find the cave entrance underneath the broken bridge but once inside I know nothing save that the blade lies in deepest darkness,你会在断桥下找到洞穴入口，但一旦进去，我只知道那把刀剑藏在最深沉的黑暗之中
Show the ancient dagger,展示古代匕首
I had a few more questions!,我还有几个问题！
Show it!,拿出来！
the old man stammers excitedly,老人激动地结结巴巴地说
"As you reveal the blade to him, his eyes widen and he tentatively reaches out for it",当你把刀剑亮给他看时，他瞪大了眼睛，试探性地伸手去拿
It’s… beautiful,它……真美
Then his jaw clenches in determination and he recoils in apparent disgust,接着他坚定地咬紧牙关，又明显厌恶地缩回手
But it’s evil,但它是邪恶的
Cursed I tell you!,我告诉你，它被诅咒了！
Don’t you feel it?,你感觉不到吗？
It has power!,它有力量！
And hunger,还有饥饿
I want nothing to do with this,我不想和这东西有任何瓜葛
Take it and bring it far away from here,拿走它，带到远离这里的地方去
Destroy it!,毁掉它！
All I would ask is you don’t throw it in the ocean,我只求你一件事，别把它扔进海里
There are beings there that would wield it,海里有些存在会使用它
"In any case, I promised to make it worth your while and I will",无论如何，我答应过让你不虚此行，我会做到的
Take this!,拿着这个！
The old man hands you an amulet,老人递给你一个护身符
This’ll serve you well on your journeys,这会在你的旅途中帮上大忙
It’ll keep your body strong and free of disease!,它会让你身体强健，远离疾病！
"That being said, I would ask another thing of you",话虽如此，我还想请你帮个忙
"Horryn went dark, about the same time the animals ran amok",霍林变得一片漆黑，差不多就在动物们发狂的同时
"There was smoke on the wind - and screams too, I could swear it",风中有烟味——还有尖叫声，我敢发誓
Sounded like battle,听起来像是战斗
Or perhaps slaughter is more like it,或者更确切地说，是屠杀
But I think there is a camp of sorts just north of town,但我想镇子北边有个营地之类的地方
Ragged tents and such,破破烂烂的帐篷什么的
Survivors perhaps?,也许是幸存者？
I thought about going there to see for myself,我本想亲自去看看
But I changed my mind,但我改了主意
"The old man hangs his head dejectedly, before continuing in a whisper",老人沮丧地垂下头，然后低声继续说道
Safer here,这里更安全
Tending to the light,守着这灯火
"As you enter the lighthouse gallery, a haggard face peers out at you from the gloom",当你走进灯塔的廊道时，一张憔悴的脸从昏暗中窥视着你
"Moving closer, you see it belongs to an old man, who clutches a makeshift spear tightly to his chest",走近些，你看到那是一个老人，他紧紧抱着一支临时拼凑的长矛贴在胸前
Somehow he looks both fearful yet greatly relieved to see you,不知怎的，他看起来既害怕，又因见到你而大大松了口气
Mother of maelstroms!,风暴之母啊！
The man croaks,男人用沙哑的声音说
"Who are ye, then?",那么，你是谁？
Who did I summon?,我召唤来了谁？
"Come, sit, you must be weary",来，坐下，你一定累了
Sit!,坐！
The man gestures frantically to a battered chair in the corner,男人疯狂地指向角落里一把破旧的椅子
Travellers,旅行者
Nothing more,仅此而已
I was shipwrecked here,我在这里遭遇了海难
By something foul,被某种邪恶的东西
"Either way, the tides have brought ye to me!",不管怎样，潮水把你带到了我身边！
I knew my signals and prayers would be answered,我就知道我的信号和祈祷会得到回应
"The mother of maelstroms is a cruel mistress, it must be said, it's only fit she repays me in such a darkened hour",不得不说，风暴之母是个残忍的女主人，她在这种黑暗时刻回报我也算合适
What happened here?,这里发生了什么？
We were shipwrecked,我们遭遇了海难
By a leviathan,被一头利维坦
Something foul is growing on Idra,伊德拉岛上正滋生着某种邪恶之物
A taint on the land!,这片土地上的污点！
There are lights!,有光！
Lights as you've never seen; like those sailors from the high north talk of,你从未见过的光；就像那些来自极北之地的水手们所说的那样
But the colors,但那些颜色
It's like they bleed into your very dreams!,仿佛渗入了你的梦境之中！
If you can manage to sleep that is,如果你还能睡得着的话
It got to the animals first though,不过它先是影响了动物
Warped them in both mind and body!,扭曲了它们的身心！
Made 'em cruel and dangerous,让它们变得残忍而危险
I ain't never seen nothing like it!,我这辈子从没见过这种事！
It's unnatural I tell you!,我告诉你，这不正常！
"But worse still, Horryn is dead as a tomb!",但更糟的是，霍林死寂得像座坟墓！
Was a right bedlam of cries and screams two days ago - then nothing!,两天前还是一片哭喊尖叫的混乱——然后就什么都没有了！
Not as much as a lit candle at night!,晚上连一支点着的蜡烛都看不到！
"Only the deep itself knows the truth of these happenings, but I can tell you this: the island is doomed!",只有深海本身才知道这些事情的真相，但我可以告诉你：这座岛完了！
The sea itself will rise to claim us!,大海本身会升起，将我们吞噬！
I need some information,我需要一些信息
Foolish superstition,愚蠢的迷信
I need proper information!,我需要确切的信息！
"There are all manner of beasts in the deep oceans of our world, but never have I seen anything like this!",我们世界的深海中有着各种各样的野兽，但我从未见过这样的东西！
"A horror from beyond the natural it was, that pulled down that ship!",那是一种超乎自然的恐怖之物，把船拖了下去！
I saw it all from my tower I did,我从我的塔上看得一清二楚
Though I wish I did not have to bear such a sight,尽管我但愿自己不必目睹此景
I can hardly belive that anyone could survive such a nightmare,我简直不敢相信有人能从这样的噩梦中幸存
I did,我做到了
It matters not,这不重要
"How then did the tides release you, when so many others were claimed?",那么，潮水是如何放过你的，当那么多人都被夺走时？
The keeper leans in and fixes you with an unwavering gaze,守塔人凑近身子，用坚定的目光注视着你
Are you blessed?,你是受到祝福了吗？
Or perhaps cursed is more like it?,或者更应该说，是被诅咒了？
Cursed?,被诅咒？
"Neither, I think",我想，都不是
"Now, what happened here?",现在，这里发生了什么？
Oh you have more important matters to deal with?,哦，你还有更重要的事要处理？
"Well, I must keep watching...seeing",好吧，我必须继续守望……观察
"The old man trails off, eyes unfocusing",老人的声音渐渐低了下去，目光涣散
Forgive me for not being of more help,请原谅我没能帮上更多忙
We really need to go,我们真的得走了
You're a fool to go!,你走就是傻瓜！
There is nothing beyond the light but despair!,光芒之外只有绝望！
And,而且
The old man sighs,老人叹了口气
"But, I'll be here waiting here for you",但是，我会在这里等你
For when you return,等你回来的时候
As I must,因为我必须如此
"Anything, ye may ask!",任何事，你都可以问！
We're safe as can be here,我们在这里尽可能安全
The old man seems eager at the prospect of conversation,老人似乎对交谈的前景很热切
Ask about the Santa Fury,询问圣怒号的事
How long have you been alone?,你独自一人多久了？
There are smugglers on Idra?,伊德拉岛上有走私者？
Tell me about Horryn,跟我说说霍林
What did you need me to do again?,你还需要我做什么来着？
Remind me what you needed!,提醒我你需要什么！
"Actually, I should make ready to leave",其实，我该准备离开了
This here beacon is all's keeping the horrors of this island from my throat!,这座灯塔是唯一能阻止岛上恐怖之物扑向我喉咙的东西！
"Thing is, oil is running low and I got nary a drop left in storage",问题是，油快用完了，仓库里一滴都不剩了
I need you to find me some oil afore darkness takes us!,我需要你在黑暗吞噬我们之前，给我找些油来！
"Thing is, the oil was coming from the mainland on ships through Horryn",问题是，油是从大陆用船经霍林运来的
Then things went dark and now there’s no way for me to get to it,然后一切陷入黑暗，现在我没法去取了
"If it’s still in Horryn, there’s a good chance it’ll be sitting in one of the warehouses in the harbor",如果它还在霍林，很可能就放在港口的一个仓库里
I'll do my best,我会尽力的
Show oil,出示油
That’s all I ask,这就是我的全部请求
"I’ll be waiting here for you, tending the fire as best I can",我会在这里等你，尽力照看好这火焰
I’m running out of oil!,我的油快用完了！
I suspect the shipment is stuck in a warehouse in Horryn and I need you to search for it there,我怀疑那批货滞留在霍林的一个仓库里，我需要你去那里找找
You’ll likely find it in one of the warehouses on the waterfront,你很可能在滨水区的一个仓库里找到它
Give oil,给予油
"Blessed Dead, I knew you could do it!",受祝福的死者啊，我就知道你能做到！
"If nothing else, seeing the light still burning bright is bound to give people hope!",至少，看到灯火依然明亮，一定会给人们带来希望！
Emperor’s Light and all!,帝皇之光什么的！
Let's hope so!,但愿如此！
All I have to offer in way of reward is my old sword,我能作为报酬给你的，只有我的旧剑
It once served me well but it's getting too heavy for me now,它曾为我效劳，但现在对我来说太重了
"Mathias produces an old, but well-crafted broadsword wrapped in cloth",马蒂亚斯拿出一把用布包裹的、古老但做工精良的阔剑
I'll be on my way now,我现在就上路了
Ye're back,你回来了
"I knew ye'd seek safe harbor once more, drawn to the light like lost moths",我就知道你会再次寻找安全的港湾，像迷途的飞蛾被灯火吸引
"Well then; Sit, rest, make yourself at home",那么，坐吧，休息一下，别客气
There might still be some stew left,可能还剩些炖菜
I found the black blade,我找到了那把黑刃
I have oil for you!,我给你带来了油！
I don't have time to linger!,我没时间逗留！
I can't say I've ever heard about a ship by that name,我不能说我听说过叫那个名字的船
"And let me tell you, I've worked this lighthouse for a man’s age and I’ll say this much",而且我跟你说，我在这灯塔干了大半辈子，我可以这么说
There’s no ship to be found around here as far as I know!,据我所知，这附近根本没有什么船！
Idra's thick with them,伊德拉岛上到处都是他们
Carrying wares to the mainland for the Freythen,为弗雷森往大陆运送货物
Island’s riddled with caves and they use them to store their contraband and whatnot,岛上洞穴密布，他们用这些洞穴来存放违禁品之类的
But they keep to themselves and I want no trouble so I let them be,但他们独来独往，我不想惹麻烦，所以就由他们去了
#Chapter1LighthouseMisc,#Chapter1LighthouseMisc
"For all its alienness, you still recognize the arcane machinery",尽管它充满异域感，你仍然认出了这台奥术机械
An ancient Imperial reticular node,一个古老的帝国网状节点
You suspect this lighthouse was once fueled by reticular energy and that this machine was part of its operation,你怀疑这座灯塔曾经由网状能量驱动，而这台机器是其运作的一部分
"The stillness and layer of dust, however, tell you that it's long since fallen into disrepair and that the lighthouse is likely now fueled by common oil",然而，寂静与积尘告诉你它早已年久失修，而灯塔现在很可能由普通油料驱动
"As you stand there, beholding the strange machine, you become aware of the scraping of tiny claws in the darkness",当你站在那里凝视这台奇怪的机器时，你察觉到黑暗中传来微小爪子的刮擦声
Then chittering,接着是吱吱的叫声
As you reach for your weapon the strange harmonics of the chittering converge and for the briefest of moments you could have sworn you heard words formed,当你伸手去拿武器时，那吱吱叫声的奇异谐波汇聚在一起，在那一瞬间你几乎可以发誓你听到了成形的词语
Half a dozen beasts launch at you from the dark corners of the room with fangs bared!,六只野兽从房间的黑暗角落龇着獠牙向你扑来！
Creeping through the moldy lighthouse cellar you round a corner and stop dead in your tracks,你悄悄穿过发霉的灯塔地窖，转过一个拐角，突然停住了脚步
"Rising up through the core of the tower, is a grotesque-looking metallic monstrosity",从塔楼核心升起的是一个外形怪诞的金属巨物
The strangely organic shapes and odd geometries seem to writhe in the dim light and the burnished sylver coating casts a ghostly reflection on the walls,那些奇异的有机形状和古怪的几何结构在昏暗的光线中似乎在蠕动，而抛光的银辉金涂层在墙上投下幽灵般的反光
#Chapter1LighthouseQuest,第一章灯塔任务
There is nothing more you can do for me right now,你现在没什么能帮我的了
What of it?,怎么了？
What can I do to help?,我能帮什么忙？
About that job,关于那份工作
Remind me what you need,提醒我你需要什么
I have the oil!,我有油了！
Glad to help,乐意效劳
Mathias stares absent mindedly into the fire,马蒂亚斯心不在焉地盯着火焰
I was wondering about something else,我在想别的事情
It's time to leave,该走了
#Chapter1LizardCave,#第一章蜥蜴洞穴
The temperature is noticeably higher in this chamber,这个房间的温度明显更高
"Strange nest-like structures cover the ground and in each of them, lies a clutch of large yellowish eggs","""奇怪巢穴状的结构覆盖着地面，每个里面都有一窝淡黄色的大蛋"""
#Chapter1LostSailors,#第一章 失落的船员
"Hiding along the cliffs, is a lone surviving member of the Zephyr crew",沿着悬崖躲藏着，是西风号船员中一名孤身幸存的成员
They killed them all!,他们把他们全杀了！
Stabbed old Nino right in the throat!,一刀刺穿了老尼诺的喉咙！
And now you've come to finish me?!,现在你是来结果我的吗？！
We need to find somewhere to hide!,我们得找个地方躲起来！
Tell the sailor about the other survivors,告诉这名船员其他幸存者的事
Standing on the edge of the cliff is a crew-man from the Zephyr lucky enough to have made it ashore,站在悬崖边缘的，是一名西风号的船员，他幸运地登上了岸
The man is swaying and looks in shock,那人摇摇晃晃，看起来惊魂未定
I saw it!,我看见了！
"By the dead, I just saw it out there!",以死者之名，我刚刚在外面看见它了！
The thing that sunk us!,就是那东西弄沉了我们！
It's still out there!!!,它还在外面！！！
The man begins jabbering incoherently,那人开始语无伦次地胡言乱语
You're back!,你回来了！
Found anyone else alive?,找到其他活着的人了吗？
Emperors watch over you for helping me find the other survivors,帝皇会保佑你帮我找到其他幸存者
You’re always welcome in our camp as far as I’m concerned!,就我而言，我们的营地随时欢迎你！
The man thanks you profusely and hastily makes his way towards the camp where his comrades are waiting,那人千恩万谢，然后匆匆赶往同伴们等候的营地
#Chapter1Maija,#第1章玛伊娅
I can't say I remember seeing her,我不记得见过她
Doesn't mean I didn't - my emporium was always busy,但这不意味着我没见过——我的商场总是很忙
"Frantzo, the camp cook, used to own the main inn - you'll find him near the stables - if anyone saw her, it'd be him",弗兰佐，营地厨师，曾是主旅馆的老板——你会在马厩附近找到他——如果有人见过她，那一定是他
I wish I could tell you,我真希望能告诉你
Things have felt queer on Idra for a while,伊德拉上已经有一阵子感觉不对劲了
Folks in Horryn started changing,霍林的人们开始变了
"People I'd known for years became mean, hard",我认识多年的人变得刻薄、冷酷
Violence and cruelty grew so common we stopped noticing it,暴力和残酷变得如此普遍，我们都不再注意了
"Just last week, my neighbour... her children",就在上周，我的邻居……她的孩子们
Maija's voice falters and her eyes begin to glisten with tears,玛伊娅的声音颤抖，眼中开始闪着泪光
"A few days ago, I was out of town, taking supplies to one of the whaling vessels",几天前，我出城去给一艘捕鲸船送补给
"On the way back, at sunset, I spotted a clutch of people, tearing towards us on foot from the outskirts of Horryn, covered in blood and shrieking",回来的路上，日落时分，我看到一群人，从霍林郊区徒步向我们冲来，浑身是血，尖叫着
My mare was so spooked that she bolted and broke her leg in the halflight,我的母马受惊了，在昏暗中狂奔，摔断了腿
Poor old Aga - I had to help her pass on,可怜的老阿加——我不得不帮她解脱
"When the townsfolk reached us, they regained their senses, and told us such terrible stories",当镇上的人追上我们时，他们恢复了神智，给我们讲了如此可怕的故事
Stories of raving madmen rampaging across the town by night,关于疯子在夜间横冲直撞的故事
"They...let's just say, not even children were spared",他们……这么说吧，连孩子都没能幸免
But they didn't kill everyone - some were taken - to who knows where,但他们没有杀死所有人——有些人被带走了——去了谁也不知道的地方
We heard screams on the wind for days afterwards,之后几天，风中传来尖叫声
It was clear there was no going back,显然，已经回不去了
There was something else,还有别的事
Hope to see you soon,希望能很快见到你
Stay safe,注意安全
The woman before you has the rugged and vital look of a life lived on the frontier,你面前的这个女人有着在边疆生活所特有的粗犷而充满活力的外表
"Though her clothes are rich and tailor-made, she wades through ankle-deep mud with rolled up sleeves, hefting heavy crates of goods off a broken cart",尽管她的衣服华贵且是量身定做的，但她卷起袖子，在齐踝深的泥泞中跋涉，从一辆破车上搬下沉重的货箱
Do you need help?,你需要帮助吗？
Do nothing,什么也不做
Greetings!,你好！
The woman spins around as you greet her,当你向她打招呼时，女人转过身来
What's this then?,这是怎么回事？
See a lady in distress and thought you'd lend a hand did you?,看到一位女士陷入困境，就想伸出援手，是吗？
The woman snaps at you,女人厉声对你说道
"By the Golden Dead, can't this bloody wait?",看在黄金死者的份上，这该死的就不能等等吗？
It's not like I'm open for business!,我又不是在做生意！
she snaps at you,她厉声说道
And then the poor lonely woman would owe you a debt of gratitude?,然后这个可怜的孤独女人就会欠你一份人情？
Is that it?,是这样吗？
she snarls,她咆哮道
I'm doing this by myself or not at all!,我要么自己干，要么就不干！
The woman notices you observing her,女人注意到你在观察她
Enjoying the show are we?,看戏看得开心吗？
Or are you just lame in the head?,还是你脑子有问题？
"In either case, come any closer and I'll have your balls!",不管怎样，再靠近一步，我就让你好看！
The woman snarls,女人咆哮道
"Are you daft, or drunk, girl?",你是傻还是醉，姑娘？
Lend me a hand!,帮我一把！
The woman hefts the crate back onto the cart with a sigh,女人叹了口气，把箱子搬回车上
"Forgive me, I'm not myself - there's not been much rest for me amid the chaos",原谅我，我有点失常——在这混乱中，我没什么休息
All this jabbering about 'the end of all mankind!',所有这些关于‘人类末日！’的胡言乱语
is starting to wear on me,开始让我疲惫不堪
"In any case, I am Maija",不管怎样，我是玛伊娅
I run - or ran - an emporium in Horryn,我在霍林经营——或者说曾经经营——一家商场
"But you are not from Horryn, are you?",但你不是霍林人，对吧？
Maija's eyes light up with suspicion,玛伊娅眼中闪过一丝怀疑
"What brings you to Idra, hmm?",什么风把你吹到伊德拉来了，嗯？
I was heading for Horryn,我正要去霍林
We were shipwrecked just off the coast,我们在海岸附近遭遇了海难
A rescue mission,一次救援任务
"I'll ask no more, but it seems my merchant's intuition was right",我不再多问了，但看来我商人的直觉是对的
"Either way, we may yet be of help to one other",不管怎样，我们或许还能互相帮助
Maija hefts the last of her crates off the damaged cart and into her makeshift tent,玛伊娅把最后一个箱子从破车上搬进她的临时帐篷
And I still have a modest selection of wares with me,而且我身边还有一小批货物
My tight-fisted husband - probably still clutching at pennies when the lights went out - saved all our money in a bank on the mainland,我那吝啬的丈夫——可能灯灭时还在攥着铜板——把我们所有的钱都存在大陆的一家银行里
The damn bank dealt only with him - I need to retrieve the letters of credit to have any chance of accessing the funds,那该死的银行只和他打交道——我需要取回信用证，才有机会动用那笔钱
They should still be in whatever is left of our old store,它们应该还在我们老店剩下的东西里
I understand,我明白了
So?,那么？
What's it to be?,你怎么决定？
What have you got for sale?,你有什么要卖的？
Ask about work,询问工作
What happened in Horryn?,霍林发生了什么？
I must be on my way,我得走了
Maija,玛伊娅
Good to see you back!,很高兴看到你回来！
Only what I had with me when Horryn fell - but I'd be delighted to show you,只有霍林陷落时我带在身边的那些——但我很乐意给你看看
They're still the same quality goods I'm known for!,它们仍然是我闻名的那种优质商品！
Show me!,给我看看！
#Chapter1Marsa,#第1章玛尔莎
You and Marsa face each other and you can help but feel a little out of place as you engage in the clapping game with the small girl,你和玛尔莎面对面，和这个小女孩玩拍手游戏时，你不禁感到有些格格不入。
Right,右
Left,左
Both,双手
Skip,跳过
I don't have time for this!,我没时间玩这个！
Great!,太好了！
And now?,现在呢？
Keep the rythm!,保持节奏！
Almost there!,快好了！
Aaaand...?,然后……？
Marsa rolls her eyes,玛尔莎翻了个白眼。
Frogger says you're not very good at this,弗洛格特说你玩得不太好。
"The movements are 'left, left, both, right, both, skip'!",“动作是‘左、左、双手、右、双手、跳过’！”
Let my try again!,让我再试一次！
I guess I'm too old for games,我想我年纪太大，不适合玩游戏了。
It's a rhyme!,这是一首韵文！
All the kids in my street play it - or at least we used to I guess,我那条街上的所有孩子都玩这个——至少我们以前是这样，我想。
She hesitates for a moment before proceeding with renewed vigor,她犹豫了片刻，然后重新振作起来继续。
Let's try them first and then we can add the words!,我们先试试动作，然后再加词！
Let's try!,我们来试试！
You did it!,你做到了！
Now let's add in the words!,现在我们把词加进去！
Just say them after me!,跟着我说就行！
You and Marsa proceed to repeat the pattern - this time the girl begins to recite a rhyme,你和玛尔莎继续重复这个模式——这次女孩开始背诵一首韵文。
Hurry!,快点！
He doesn't like to be alone - he's afraid of the hounds!,他不喜欢独自待着——他害怕野狗！
Marsa,玛尔莎
The child is ragged and muddy and crying in great big sobs,这孩子衣衫褴褛，满身泥泞，大声抽泣着。
"As you approach, she wipes her nose and looks up at you, her eyes widening somewhat at the sight of Roland",当你走近时，她擦了擦鼻子，抬头看着你，看到罗兰时眼睛微微睁大。
Hrm,哼。
I'd prefer we just got on with our work,我更希望我们继续干活。
Roland grunts,罗兰咕哝道。
"As you approach, she wipes her nose and looks up at youwith teary eyes",当你走近时，她擦了擦鼻子，泪眼汪汪地抬头看着你。
What's wrong?,怎么了？
Marsa looks up at you,玛尔莎抬头看着你。
Did you find him?,你找到他了吗？
Did you find Froggert?,你找到弗洛格特了吗？
Is this the reptilian rascal?,是这个爬虫小捣蛋吗？
Give her the stuffed animal,把毛绒玩具给她。
I'm still looking,我还在找。
Despite the squalor surrounding the girl she's now smiling from ear to ear,尽管女孩周围环境肮脏，她现在却笑得合不拢嘴。
Froggert is glad to be back!,弗洛格特很高兴回来了！
"Hey, do you want to play a game?",“嘿，你想玩游戏吗？”
Alright!,好啊！
Not right now,现在不行。
leave,离开。
Froggert!,弗洛格特！
the girl snatches the stuffed animal from you and showers it with hugs and kisses,女孩从你手中抢过毛绒玩具，又是抱又是亲。
"She then turns towards you, but instead of giving you a hug, she dashes past you and throws her arms around Roland's waist",然后她转向你，但没有拥抱你，而是从你身边冲过去，双臂抱住了罗兰的腰。
The old warrior looks startled at the sudden show of affection,老战士对这突如其来的亲昵举动显得很吃惊。
"Alright girl, you've had your frog back - there's proper work to be done now",“好了，姑娘，你的青蛙回来了——现在该干正事了。”
The girl steps back,女孩退后一步。
Froggert says thank you!,弗洛格特说谢谢你！
"She then turns towards you, and throws her arms around your waist",然后她转向你，双臂抱住你的腰。
Glad to help!,很高兴能帮忙！
"Beware, beware don't dare to sleep, It brings you dreams of ebb and flow, Of churning seas and dreadful deep, And waves that lay the mountains low",“当心，当心，千万别睡，它会带来潮起潮落的梦，翻腾的大海和可怕的深渊，还有将高山夷平的巨浪。”
But fear the mother most of all!,但最要当心的是那位母亲！
Awake before you hear her bell!,在她钟声响起前醒来！
"A thousand young will hear her call, And that was how the giants fell",“千万子嗣会听从她的召唤，巨人就是这样倒下的。”
Marsa laughs,玛尔莎笑了。
You're getting good!,你越来越厉害了！
But now Froggert says it's time to go!,但现在弗洛格特说该走了！
Bye!,再见！
"The girl meanders of, chatting eagerly with her stuffed companion",女孩漫步走开，急切地和她的毛绒伙伴聊着天。
"As you turn to leave, you can't help but feel a bit uneasy at the 'children's rhyme' and you find you mind wanders off to the horror that befell the Zephyr",当你转身离开时，不禁对这首“童谣”感到有些不安，思绪飘向了西风号遭遇的恐怖。
You'd best be on your way,你最好上路了。
Driina cuts in with a surprsingly harsh tone,德莉娜突然插话，语气出奇地严厉。
Girl!,姑娘！
Where did you learn such superstitious bilge?,你从哪儿学来这些迷信的胡话？
Marsa looks up at Driina with a startled look,玛尔莎吃惊地看着德莉娜。
I... all the children are doing it,我……所有孩子都在说这个。
I thought,我以为……
Driina's face softens slightly,德莉娜的脸色稍微缓和了些。
I don't think it is fitting my girl,我觉得这不合适，我的姑娘。
Certainly not now. {PLAYER} let's just be on our way,当然不是现在。{PLAYER}，我们继续赶路吧。
Froggert small and green and fluffy and he's my best friend and now I've LOST HIM!,弗洛格特小小的、绿绿的、毛茸茸的，他是我最好的朋友，现在我把他弄丢了！
The girl looks truly heart-broken,女孩看起来真的心碎了。
I'll have a look,我去看看。
I CAN'T FIND FROGGERT!,我找不到弗洛格特了！
I just had him and I was playing and now he's gone and all alone somewhere!!,我刚才还拿着他在玩，现在他不见了，孤零零地待在某个地方！！
Who's Froggert?,弗洛格特是谁？
Certainly not now,当然不是现在，
{PLAYER} let's just be on our way,{PLAYER}，我们继续赶路吧。
#Chapter1MinorEncounters,#第1章小型遭遇战
Dead Sailors,死去的船员
Corpses litter the ground,尸体散落一地
"Tragically, these sailors appear to have made it to shore only to be brutally murdered",可悲的是，这些船员似乎刚上岸就被残忍杀害了
The horrid wounds and grusome dismemberments tells you that this must have been the work of mad men,可怕的伤口和令人毛骨悚然的肢解告诉你，这一定是疯子的所作所为
The work of those bloody reavers no doubt,毫无疑问，这是那些该死的劫掠者干的
Rolands growls,罗兰咆哮道
Rats,老鼠
"As you enter the darkened lighthouse, you spot a pair of hideously transformed creatures that must once have been rats!",当你进入昏暗的灯塔时，你发现了两只丑陋变异的生物，它们曾经肯定是老鼠！
They scurry off into the darkness leaving you with a pounding heart,它们窜入黑暗之中，留下你心跳加速
You must be carefull as you advance,你前进时必须小心
#Chapter1Mistress,#第一章情妇
"There are many beautiful women, elegantly and richly dressed and coiffed, mincing around the room - but one stands clearly apart",房间里有许多美丽的女人，穿着优雅华丽，发型精致，在房间里扭捏作态——但有一个人明显与众不同
"Not because she’s somehow on another plane of beatific loveliness - quite the opposite - she’s dressed as plainly as could be considered ‘polite’, her hair is piled high - but more like a stack of bird nests than the latest court fashion",并不是因为她处于某种超凡的至美境界——恰恰相反——她的穿着朴素到了勉强算得上‘得体’的程度，头发高高盘起——但更像一堆鸟窝，而非最新的宫廷时尚
It also appears she’s applied her makeup with the intention of looking as fierce as possible,而且她化妆似乎是为了让自己看起来尽可能凶狠
Don’t tell me” she sighs,“别告诉我，”她叹了口气，
You forgot your ball gowns,你们忘了带舞会礼服，
We’re not here for the party,我们不是来参加派对的，
Are you the governor’s mistress?,你是总督的情妇吗？
LEDGERS,账本，
"Well, I know where keeps his ledgers",嗯，我知道他把账本放在哪里
They’re either heavily forged or going to clearly show where the Imperial coin has been going,它们要么是严重伪造的，要么会清楚地显示帝国资金都流向了哪里，
Would that help?,那会有帮助吗？
PAYMENT,支付手段，
"Yes, yes",是的，是的
I can easily help you liberate some of his more valuable office of state accoutrement,我可以轻易帮你们解放他办公室里一些更值钱的国家装备，
"Or, to put it in language someone such as you might understand - I can help you rob him blind",或者，用你这种人能理解的话说——我可以帮你把他偷个精光
about her,关于她，
"Elemai, is my name",埃蕾麦，是我的名字
"And I prefer the term ‘consort’, but you have the truth of it",而且我更喜欢‘配偶’这个词，但你说的是事实
Well - to whom do I owe the pleasure?,那么——我有幸认识的是谁？
I'm a mercenary,我是个雇佣兵，
why here,为什么来这里，
"And you gate-crashed our little soiree - to what, drum up business?",你们不请自来闯入我们的小型晚会——为了什么，招揽生意？
Kill the governor?,刺杀总督？
Sabotage the canapes?,破坏开胃小点心？
I need to commandeer a boat,我需要征用一艘船，
Maybe you can help,也许你能帮忙，
I'm just investigating,我只是在调查，
I'm here to kill the Governor,我是来杀总督的，
I'm here to get you out,我是来带你出去的，
why boat?,为什么需要船？
"Oh, I’m scandalised",哦，我真是被冒犯了
To get into the Black Priory,为了进入黑修院，
priory,修院，
"That place is both locked up tight, and yet also the source of all this...unpleasantness...if I understand correctly",那个地方既被严密封闭，又是这一切……不愉快事件的源头……如果我没理解错的话
We're on a rescue mission,我们是在执行救援任务，
It's a private matter,这是私事，
Someone needs to pay,有人需要付出代价，
rescuie her,救她，
What would you say to rescuing me into the bargain?,你觉得顺便把我也救出去怎么样？
I can make it worth your while,我可以让这趟值得你们花时间，
"If you don't get in our way, sure",如果你不碍我们的事，当然可以
I'm going to need to ask you something first,我得先问你点事，
Absolutely not,绝对不行，
It won't be safe,那不安全，
ABOUT GOVERNOR,关于总督，
"You mean, aside from the fact he’s a colossal coward, an inveterate dandy and a hopelessly profligate spender?",你是说，除了他是个十足的懦夫、积习难改的花花公子和无可救药的挥霍者之外？
At least he lets me walk all over him,至少他让我随意摆布他，
"I mean, literally - that’s his favourite - the damn pervert",我是说，字面意义上的——那是他的最爱——该死的变态
That's enough about him,关于他的事够多了，
"Yes, aside from that",是的，除了那些
HAPPY?,快乐？
Happy?,快乐？
HAPPY?!,快乐？！
"She laughs wildly, throwing her head back, before grabbing another fluted glass of wine from a passing servant",她狂笑起来，仰起头，然后从路过的仆人那里又抓了一杯细长酒杯的葡萄酒
"I live in a prison of endless, half-hearted debauchery",我生活在一座无尽、半心半意的放荡监狱里
What more could a girl want?,一个女孩还能想要什么呢？
So come with us,那就跟我们走吧，
Did the Governor kidnap you?,是总督绑架了你吗？
"Much as I’ve come to loathe him, no - I came here of my own volition",尽管我已经开始厌恶他，不——我是自愿来这里的
Plan was to elevate my social standing then leave him for dust,计划是提升我的社会地位，然后把他远远甩开，
But the light went out on that plan just as they did in Horryn,但那个计划的光芒熄灭了，就像霍林的光熄灭一样
Understood,明白了，
I would ask another question,我想再问一个问题，
THE PLAN,计划，
"You mean to carve a path through our guards, crew the ship and somehow guarantee I’ll make it back to the mainland in one piece?",你是说，要杀出一条血路穿过我们的守卫，给船配备船员，然后以某种方式保证我能完好无损地回到大陆？
Precisely,正是，
DETAILS,细节，
Then I’m in!,那我加入！
But - should we discuss details?,但是——我们是不是该讨论一下细节？
The Governor is still an Imperial agent after all - what's to say we won't be thrown in jail soon as set foot on the mainland?,总督毕竟还是帝国特工——怎么能保证我们一踏上大陆就不会被扔进监狱？
We're going to need insurance,我们需要保险措施，
You said you could make it worth my while?,你说过你能让这趟值得我花时间？
It's not going to be an issue,这不会成为问题，
QUESTIONS,问题，
You can but ask,你尽管问，
You're not happy here?,你在这里不开心吗？
What can you tell me about the Governor?,关于总督，你能告诉我些什么？
#Chapter1Monolith,#第1章巨石
Your eyes are drawn in by the mesmerizing spiral symbol,你的目光被那迷人的螺旋符号吸引
For a brief moment it almost seems to shift,有那么一瞬间，它似乎微微移动了
Driina brushes her hand across it,德莉娜用手拂过它
I've seen these spirals before,我以前见过这些螺旋
The fishermen of Idra paint them on the prows of their boats for luck,伊德拉的渔民把它们画在船头以求好运
Foolish superstitions,愚蠢的迷信
You avert your eyes and instead shift the small pile of offerings with your foot,你移开视线，转而用脚拨弄那堆小小的祭品
It occurs to you that these can't be more than a few weeks old,你意识到这些祭品最多不过几周前留下的
Or perhaps days?,或者只是几天前？
A Standing Stone,一根石柱
A grim monolith rises from the rugged landscape,一根阴森的巨石从崎岖的地貌中拔地而起
"Ancient and weathered, the stone must have stood here for centuries",古老而饱经风霜，这块石头必定已在此矗立了数个世纪
"Painted on it are crude spiral-shaped runes and at the base of the monolith lie piles of eggshells, flowers and fishbones",上面绘有粗糙的螺旋形符文，巨石底部堆放着蛋壳、鲜花和鱼骨
Examine closer,仔细查看
Or perhaps days,或者只是几天前，
#Chapter1Palace_Guards,#第一章宫殿守卫
"A large, stately villa set amidst sprawling gardens is ringed by a large, iron fence",一座宏伟庄严的别墅坐落在广阔的花园中，周围环绕着高大的铁栅栏
"Even from this distance, you can hear the faint noise of merrymaking - and judging from the state of the gardens, this party has been going on for quite some time",即使隔着这么远，你也能听到隐约的欢闹声——从花园的状况来看，这场宴会已经持续了相当长的时间
You approach the main gate,你走近大门，
There are two lightly armed guards - looking better suited to a pageant than a battle - looking dejected and tired,有两名轻装的守卫——看起来更适合参加庆典而非战斗——显得沮丧而疲惫，
One of them half-heartedly tilts his halberd - colourfully adorned with various tassels - at you as you near,当你靠近时，其中一人漫不经心地将他的长戟——上面装饰着五颜六色的流苏——向你倾斜，
Halt,站住，
Do you have an invitation?,你有邀请函吗？
Invitation?,邀请函？
To what?,什么邀请函？
You don't need to see my invitation,你不需要看我的邀请函，
I have business with the Governor,我和总督有要事相商，
Attack them,攻击他们，
FLEE,逃跑
should we really flee?,我们真的要逃跑吗？
Yah,是啊，
There's a refugee camp - they could really do with the help,有个难民营——他们确实需要帮助，
Do it,动手吧，
I'm about to raise hell in here,我要在这里大闹一场，
"Your call, lads",你们决定吧，伙计们，
LEMME IN,让我进去
The two guards exchange glances,两名守卫交换了一下眼神，
The guard that has so far remained silent looks pleadingly at the other,一直沉默的那名守卫恳求地看着另一人，
"Music continues to waft from the villa, while stately silhouettes glide past them the wall windows",音乐继续从别墅中飘出，而庄严的身影从墙上的窗户旁滑过，
"I'm coming in, either way",不管怎样，我都要进去，
I've got a better idea,我有个更好的主意，
IN,进去
It's not worth our trouble anyway,反正也不值得我们费心，
Thanks,谢谢，
Wise choice,明智的选择，
Gov Qs,总督的问题
Mistress?,女主人？
Garrison?,驻军？
"The guard addressing you sighs, while his counterpart looks disinterestedly into the distance",对你说话的守卫叹了口气，而他的同伴则漠不关心地望向远方，
"Look, whatever has happened in Horryn, there’s still order here",听着，不管霍林发生了什么，这里仍然有秩序，
"And you’ll need at least some kind of reason for us to let you - an armed, and complete stranger - into the villa",而且你至少需要某种理由，我们才能让你——一个全副武装的完全陌生人——进入别墅，
You don’t seem very...dutiful,你看起来不太……尽职，
I have urgent business with the Governor,我有急事找总督，
Good luck with that,祝你好运，
The Governor is not exactly studiously poring over paperwork these days,总督这些天可没有在埋头处理文书工作，
"What is this 'business', anyway?",这‘要事’到底是什么？
I bear word from his Chamberlain,我带来了他的总管的口信，
It's between me and him,这是我和他之间的事，
Let me through,让我过去，
I really don't have time for this,我真的没时间耗在这，
"Times are strange, but we’re still soldiers of the Empire, with orders to keep anyone from disrupting the ball",时局怪异，但我们仍是帝国的士兵，奉命阻止任何人扰乱舞会，
And to wear these damn parade colours,还得穿着这该死的阅兵服，
"Tell us who you are, and perhaps we'll consider it",告诉我们你是谁，或许我们会考虑，
Mercenaries,雇佣兵，
"And I would see the governor, invitation or no",而且我要见总督，不管有没有邀请函，
We're working for the Chamberlain,我们为总管工作，
"None of your business, peasant",不关你的事，乡巴佬，
Barris?!,巴里斯？！
He's alive?,他还活着？
"After Horryn, we promised we'd help him",霍林之后，我们答应过要帮他，
He is,是的，
He's administrating the refugee camp,他在管理难民营，
BARGING IN,硬闯
The second guard stands a little more to attention,第二名守卫稍微立正了一些，
"The first one give you an appraising glance, making no disguise of his interest in your weapons",第一个守卫打量了你一眼，毫不掩饰对你武器的兴趣，
I don’t want any trouble,我不想惹麻烦，
But you’ll make it for us if you barge in,但如果你硬闯，就会给我们惹麻烦，
It won't be worse than Horryn,不会比霍林更糟，
So move,所以让开，
This is not normal,这不正常，
Can't you see that?,你看不出来吗？
You’ve been to Horryn?!,你去过霍林？！
Yeah and it's not pretty,是的，而且情况很糟，
Have you news?,你有消息吗？
We’ve been desperate to go...to help,我们一直迫切想去……去帮忙，
But the Governor forbade it - said something about 'protecting the last bastion of Imperial rule on Idra',但总督禁止了——说什么要‘保护伊德拉上帝国统治的最后堡垒’，
What’s happening there?,那里发生了什么？
Not sure,不确定，
Why didn't you go?,你们为什么没去？
The GOvernor wouldn’t let us,总督不让我们去，
He said it’s more important to maintain order of the ‘administrative hub’ than some ‘backwater village full of luddites.’,他说维持‘行政中心’的秩序比某个‘满是卢德分子的落后村庄’更重要。
You really believe that?,你真的相信吗？
RULES,规则
I mean...the Imperium still stands,我是说……帝国依然存在，
We can’t just...the rules!,我们不能……规则啊！
The old rules don't apply,旧规则不适用了，
Do you really trust the Governor still?,你还真的信任总督吗？
I need to know more about the situation here,我需要了解更多这里的情况，
SUGGESTIONS,建议
I know what you’re getting at,我知道你在暗示什么，
Don’t think we haven’t joked about it,别以为我们没拿这事开过玩笑，
But it's hard to know if any of us would actually go through with it,但很难说我们中是否有人真的会去做，
You could leave,你们可以离开，
"There’s no law left on this island, trust me",这个岛上已经没有法律了，相信我，
He'll bring ruin on you all,他会给你们所有人带来毁灭，
Unless you act now,除非你们现在就行动，
Let me in,让我进去，
I'll take care of everything,我会处理好一切，
ABOUT THE CAMP,关于营地
Refugees?,难民？
From...Horryn?,来自……霍林？
Yeah,是的，
Horryn is gone,霍林已经没了，
He's...become extravagant,他……变得奢侈了，
More so than usual,比平时更甚，
He's not left the Villa in days,他已经好几天没离开别墅了，
"He was always..eccentric, but I'm not afraid to tell you - the lads and I, we're not happy with how he's handling... whatever is going on",他一直……古怪，但我不怕告诉你——我和弟兄们，我们对他处理……不管发生什么的方式都不满意，
So take matters into your own hands,那就自己采取行动吧，
More about the gov,更多关于总督的事
Listen to me - what you're talking about is treason,听我说——你在谈论的是叛国，
"Or at least...it would be, if his mistress wasn't on board to vouch for us",或者至少……如果他的情妇不支持我们作证，那就会是，
She's an innocent in this - I won't let her blood be on our hands,她在这件事上是无辜的——我不会让她的血沾在我们手上，
I'll get her on side,我会让她站到我们这边，
How will I signal you?,我怎么给你们发信号？
KILL,杀死
She wears a ring,她戴着一枚戒指，
Have her send it to us via a servant if she wishes to be a part of this,如果她想参与，让她通过仆人把戒指送给我们，
I'll be going in then,那我进去了，
What is it?,这是什么？
Tell me more about the Governor,告诉我更多关于总督的事，
What do you know about the mistress?,你对那位情妇了解多少？
What's the mood among the garrison?,驻军中的情绪如何？
Barris!,巴里斯！
From… Horryn?,来自……霍林？
#Chapter1RatQueenDEFFUNCT,#Chapter1RatQueenDEFFUNCT
"The lady in front of you holds herself with a disciplined ease, her chin tilted proudly up",你面前的这位女士姿态从容而自律，下巴骄傲地扬起
This is clearly her kingdom - though you'd guess she'd look as confident anywhere else,这显然是她的王国——不过你猜她在任何地方都会显得如此自信
Now she is lounging on a “throne” made out of crates and covered in a black sail as they are hiding in a cave,此刻她正懒洋洋地坐在一个由板条箱搭成、盖着黑帆的“王座”上，他们正躲在一个洞穴里
You've seen the alternative,你已经见过另一种选择了
"I hardly meant to make this festering sewer system my palace, but needs must",我本无意让这恶臭的下水道系统成为我的宫殿，但迫不得已
I have more questions,我还有问题
I'm in,我加入
A little kingdom called ___,一个叫___的小王国
"Or at least, it used to be - until the Empire swallowed it whole",或者说，曾经是——直到帝国将它整个吞并
"Now I'm an itinerant Queen, ruling over a few ships and fair but apparently illegal trade",如今我是个流浪的女王，统治着几艘船和公平但显然非法的贸易
I have further questions,我还有更多问题
I'll help you,我会帮你
Not overly fond,谈不上喜欢
"The Freythen rebels pay good coin, but more importantly they do good work",弗雷森叛军付的价钱不错，但更重要的是他们干的是好事
"I feel very good about my business, but I'd feel even better doing it in broad daylight, free from the Imperial yoke",我对自己的生意很满意，但若能在光天化日之下、摆脱帝国的枷锁来做，我会更满意
I would ask something else,我想问点别的
Count me in,算我一个
What's next?,接下来呢？
"I visited once, a while ago",我去过一次，很久以前
It's a strange place,那是个奇怪的地方
I always wondered why a place of learning - as they claim - was so well fortified,我一直纳闷，一个自称求学之地的地方为何如此戒备森严
If you're going in - just consider what they might be trying to keep from escaping,如果你要进去——不妨想想他们可能在试图阻止什么东西逃出来
May I ask,我能问吗
Let's work together,我们合作吧
Naturally,当然
Find the Harbourmaster's office,找到港务长的办公室
Get the codebook,拿到密码本
"Bring it to me, and together we'll signal the ship and leave this sorry sewer",把它带给我，我们一起发信号给船，离开这该死的下水道
"Well then, what have we here?",那么，我们这儿来了什么人？
Come to seek an audience with the Rat Queen?,来求见鼠后？
"Speak fast, and true",快说，说实话
I stumbled upon this place,我偶然发现了这个地方
I've never heard of you,我从没听说过你
The Rat Queen!?,鼠后！？
What kind of name is that?,这算什么名字？
Just so?,就这样？
How curious: you're clearly not from Idra; you've not made the mistake of attacking us; you claim not to know me,真奇怪：你显然不是伊德拉人；你没有犯下攻击我们的错误；你声称不认识我
"I would guess you're a mercenary, seeking answers or fortune now that Horryn lies under shadow",我猜你是个雇佣兵，在霍林被阴影笼罩之际，来寻求答案或财富
Well deduced,推断得不错
Wrong,错了
We intend to break into the Black Priory,我们打算闯入黑修院
Partly,部分正确
Our real goal is to infiltrate the Black Priory,我们真正的目标是潜入黑修院
As it should be,本该如此
"Although - if you did not seek me out, how came you here?",不过——如果你不是来找我的，你是怎么到这儿的？
I'm investigating the fall of Horryn,我在调查霍林的陷落
Exploring,在探索
I found you by chance,我偶然找到了你
It's my proper title,这是我的正式头衔
"And if you want to stay in the good graces of myself - and my subjects here - I suggest you use, and respect it",如果你想继续得到我——以及我在这里的臣民——的青睐，我建议你使用并尊重它
I meant no disrespect,我无意冒犯
My respect is earned,我的尊重需要争取
"You're ambitious, I like that",你很有野心，我喜欢
"And maybe stupid, unless you have a boat",也许还有点蠢，除非你有船
"Well, we did have",嗯，我们本来有的
Perhaps you could help us with that,也许你能帮我们解决这个问题
And if we don't?,如果我们不呢？
"But that's not your ultimate goal, is it now?",但那不是你的最终目标，对吧？
Sharp,敏锐
We need to break into the Black Priory,我们需要闯入黑修院
No,不
We're here to rescue someone from the Priory,我们是来从修院救人的
"The Queen leans forward, some intent you can't place glittering in her eyes",女王倾身向前，眼中闪烁着某种你无法解读的意图
That's a charming term for 'looting',这真是对“劫掠”的美化说法
You needn't play coy with me,你不必跟我装模作样
As long as that's all it is?,只要仅此而已？
"Ultimately, we're on a rescue mission to the Black Priory",最终，我们是去黑修院执行救援任务
We're here to retrieve a girl from the Black Priory,我们是来从黑修院带回一个女孩的
Ah,啊
"It seems in this loss, we are alike",看来在失去这方面，我们同病相怜
What's your plan?,你的计划是什么？
Any ideas how we could get a new one?,有什么办法能弄到一艘新船吗？
"Then, by all means, try and walk through the front door",那么，请便，试试从正门走进去
Just let me know so that I can make sure to watch,记得告诉我，我好确保能看场好戏
Maybe a boat makes sense,也许有艘船才合理
Can we charter yours?,我们能租用你的船吗？
"You see, this is what I was wondering",你看，这正是我在想的
My ships were smashed by the Leviathan - or whatever that abomination of the sea is called,我的船被利维坦——或者不管那海里的异物叫什么——给撞毁了
"Thankully, it does not seem to venture too close to shore",幸好，它似乎不会太靠近海岸
There is a way we can get one though - and it's imperative that we do so quickly,不过我们还是有办法弄到一艘的——而且必须尽快
"We have some cargo here that the Imperial Rescue Mission - slow, but inevitable - would be all too happy to confiscate, along with my liberty",我们这儿有些货物，帝国救援队——虽然动作慢，但迟早会来——会很乐意没收，连同我的自由一起
I can get a boat,我能弄到船
"There is one off-shore, awaiting the coded signals that I don't have, because they're stuck in a Harbourmaster's Office that's overrun by twisted creatures",近海就有一艘，正等着我没有的密码信号，因为信号本困在了港务长办公室，那里已被扭曲的生物占据
"If the Imperials find the signal book, it's over for me - and no ship for you",如果帝国军找到了信号本，我就完了——你们也没船了
"Help me get it back, and I promise we'll ferry you into the Priory before we escape with the cargo",帮我把它拿回来，我保证在带着货物逃离之前，把你们送到修院
"Might even come back to pick you up, if you survive",如果你们活下来，甚至可能回来接你们
I have to ask,我得问问
Say no more,不用多说了
I applaud your enthusiasm - but I'm not so sure about your blind trust,我赞赏你的热情——但我不太确定你的盲目信任
"Fine, I'll ask some questions",好吧，我会问些问题
"You want this doing, or not?",这事你到底想不想干？
Go on?,继续？
Why are you living down here?,你为什么住在这下面？
Where did you come from?,你从哪里来？
How do you feel about the Empire?,你对帝国有什么看法？
What do you know about the Priory?,你对修院了解多少？
# Chapter_1_RefugeeCamp,# 章节_1_难民营
#Chapter1RefugeeMother,#第1章难民母亲
Driina touches the child’s hands and forehead and examines the child’s mouth,德莉娜摸了摸孩子的手和额头，检查了孩子的口腔，
This infection is beyond me,这感染我无能为力，
she says in a low voice,她低声说道，
Drahl was right,德拉尔说得对，
"If this Mother Katak does indeed have a cure, we’ll do well in paying her a visit",“如果这位卡塔克嬷嬷真有解药，我们最好去拜访她一下”，
We'll see what we can do,我们会看看能做些什么，
Hannah,汉娜，
"A tired-looking young woman is rocking back and forth, cradling a sick-looking child in her arms",“一个面容疲惫的年轻女子来回摇晃着，怀里抱着一个病恹恹的孩子”，
The child whimpers in pain as the mother tries desperately to sooth him,孩子痛苦地呜咽着，母亲拼命想安抚他，
Are you Hannah?,你是汉娜吗？，
"The woman peers up at you, her eyes wide and desperate",“女人抬头盯着你，眼睛睁得大大的，充满绝望”，
What’s it to you?,关你什么事？，
That old arse send you?,是那个老混蛋派你来的？，
"Well, it don’t matter now",“唉，现在无所谓了”，
My Allyn’s sick,我的艾琳病了，
He needs medicine,她需要药，
Medicine?,药？，
"Oh, if only I could visit mother Katak",“哦，要是我能去见卡塔克嬷嬷就好了”，
The women say she might be able to help my Allyn,女人们说她也许能救我的艾琳，
But Dead Emperors knows if the old woman's even still alive!,但帝皇才知道那老妇人是不是还活着！，
Who is mother Katak?,卡塔克嬷嬷是谁？，
An old woman who has provided us with remedies for as long as I can remember,一个老妇人，从我记事起就一直给我们提供药方，
"She lives in the forest deep in the islands interior, but they say it’s not safe to stray from the camp and I couldn't leave my boy in any case",“她住在岛屿深处森林里，但据说离开营地不安全，而且我也无论如何不能丢下我的孩子”，
But...you could go?,但……你可以去？，
"If you tell her Hannah sent you, she'll know just what I need to cure Allyn's!",“如果你告诉她汉娜让你来的，她就会知道我需要什么来治好艾琳！”，
I'll see what I can do!,我会看看我能做些什么！，
I'll do it for the right price,我会做，但要合适的报酬，
"Driina, can you help this child?",“德莉娜，你能帮帮这孩子吗？”，
The mother clasps your hands,母亲紧紧握住你的手，
The Golden Dead bless you!,黄金先祖保佑你！，
I s'pose the clerics will want the medicine for the camp but I beg this of you,我猜牧师们会想要这药给营地用，但我求你了，
Bring a dose me’ Allyn first,先给我的艾琳带一剂药来，
I don’t think he has long left!,我觉得她没多少时间了！，
She fiddles with something around her neck,她摆弄着脖子上的什么东西，
All I have is this necklace my Petr gave me,我只有这条项链，是我的彼得给我的，
I'll gladly give it up to save my boy,只要能救我孩子，我很乐意把它给你，
And I s'pose the clerics will want the medicine for the camp but I beg this of you,而且我猜牧师们会想要这药给营地用，但我求你了，
I can't help you,我帮不了你，
You've returned,你回来了，
Did you find the medicine?,你找到药了吗？，
The child looks healthier already and his fever appears to have broken,孩子看起来已经健康多了，烧似乎也退了，
Hannah smiles gratefully at you,汉娜感激地对你微笑，
The mother removes the necklace from her neck,母亲从脖子上取下项链，
I can give you my necklace,我可以把我的项链给你，
"I don't know how much it's worth, but it's all I have",“我不知道它值多少钱，但这是我全部家当了”，
I'll take it,我收下了，
Keep it,留着吧，
Bless the Holy Tombs!,祝福圣墓！，
You don't know how much this means to me,你不知道这对我意味着什么，
And little Allyn!,还有小艾琳！，
Hannah gingerly feeds her child a piece of bread dipped in the foul brew,汉娜小心翼翼地喂孩子吃了一块蘸了那难闻药水的面包，
The child offers a slight grimace at the taste but seems no worse for wear,孩子尝到味道微微做了个鬼脸，但似乎并无大碍，
What about my reward?,我的报酬呢？，
#Chapter1Roland,#第一章罗兰
Howling laughter fills the air as the mad-men charge towards you!,狂笑声响彻空气，那群疯子朝你冲了过来！
The man licks his sore lips excitedly,那人兴奋地舔着干裂的嘴唇
You… you hear it too?,你……你也听到了？
The call?,那个呼唤？
I do!,我听到了！
"Where... or what, is it coming from?",它来自……哪里，或者是什么东西？
"Straining to see through the dense fog, you finally spot them",透过浓雾竭力望去，你终于发现了他们
A group of men prowling the shoreline like carrion-eaters looking for dead flesh,一群人在海岸线上徘徊，如同食腐者寻找死尸
They are unkempt and dressed in rags with bare torsos and broad shoulders adorned by a strange mixture of sailor's tattoos and crude symbols,他们蓬头垢面，穿着破布，裸露着躯干，宽阔的肩膀上混杂着水手纹身和粗糙的符号
"They carry an assortment of cruel-looking, rusted tools turned to weapons",他们拿着各式各样锈迹斑斑、模样残忍的工具，改造成了武器
"Gibbering chatter, laughter and whimpering drifts across the fog in a steady stream, Whoever these men are, their minds are long gone",含混不清的喋喋不休、笑声和呜咽声源源不断地飘过浓雾。不管这些人是谁，他们的神智早已丧失
You sit still until a group of them passes you by,你一动不动地坐着，直到一队人从你身边走过
Perhaps you might be able to slip past them?,也许你能悄悄溜过去？
Call out to the men,朝那些人喊话
Leave quietly,悄悄离开
The spiral patterns look oddly familiar though you are certain you’ve never seen it before,螺旋图案看起来异常熟悉，尽管你确定从未见过
It’s something deeper,那是某种更深层的东西
Something primal,某种原始的东西
It draws you in!,它吸引着你！
Here - to this place,这里——来到这个地方
This is the beginning and the end,这是起点也是终点
The Reavers notice you staring,劫掠者们注意到你在盯着看
You hear it don’t you?,你听到了，不是吗？
The call of... what?,……什么的呼唤？
The men fan out and regard you with a cruel glare,那些人散开，用残忍的目光打量着你
I’m going to enjoy this,我会很享受这个
one of them snarls as he draws a rusty dagger,其中一人咆哮着，拔出一把生锈的匕首
I'm going to put you down like a rabid dog!,我要像打死疯狗一样干掉你！
Let's be civil about this!,我们文明点解决这事！
"You see a figure, thrashing violently at something, obscured by the low fog",你看到一个人影，正猛烈地击打着什么东西，被低矮的雾气遮住
"Whatever this person is doing, it's producing loud crunching, wet squelches, and a stream of curses",不管这人在做什么，都发出了响亮的嘎吱声、湿漉漉的啪叽声和一串咒骂
Move closer,靠近些
You see the scene for what it is,你看清了眼前的景象
"Roland, soaked through and spattered with ichor, is laying waste to a number of grotesque looking creatures with a piece of driftwood",罗兰浑身湿透，溅满污血，正用一根浮木痛击一群奇形怪状的生物
He snarls like a wounded beast and his eyes are black with rage,他像受伤的野兽般咆哮，双眼因暴怒而发黑
"As the last of the horrid beasts falls twitching back into the shallows, Roland snaps his gaze to you - dead eyes staring at some distant point on the horizon behind you",当最后一只可怖的怪物抽搐着倒回浅滩时，罗兰猛地将目光转向你——死寂的双眼盯着你身后地平线上的某个远点
"Eventually, the tension drains from his muscles, and he lowers his makeshift weapon",终于，他肌肉中的紧张感消散了，放下了临时武器
Thought I was carrion they did,他们以为我是腐肉
I nearly was,我差点就是了
I didn't think you'd make it,我没想到你能活下来
"Seems I've got a few lives left in me, for all they're worth",看来我还剩几条命，不管它们还值多少
Roland sighs deeply and slumps down onto a nearby rock,罗兰深深叹了口气，瘫坐到附近的一块岩石上
You tried to save me,你试图救我
You bloody idiot,你这个该死的白痴
Not exactly the thanks I was expecting,这可不是我期待的道谢方式
The mission needs you,任务需要你
Was half hoping I wouldn't,我本来有点希望自己没被救
"He looks around at the driftwood and chunks of flesh, bobbing around your ankles",他环顾四周，看着浮木和肉块在你脚踝周围漂荡
It's about time I payed my debts,是时候偿还我的债了
You wanted to die?,你想死？
I'm counting on you to get this job done,我指望你完成这趟活
I think it's best we part ways,我觉得我们最好分道扬镳
There's no room for being a bloody hero in work like this,在这种活计里，没有当什么狗屁英雄的余地
"It's just shit, blood, and bad men doing worse things to others",只有烂事、鲜血，和坏人对着别人做更坏的事
It's about time I paid my debts,是时候偿还我的债了
"And yet, here we are",然而，我们却在这里
You sound like you didn't want to be saved,你听起来好像不想被救
Spoken like a true mercenary!,说得真像个十足的雇佣兵！
There might be hope for one of us after all,我们中或许终究还有人有希望
"Well, now there's work to be done",好了，现在有活要干了
What do you mean?,你什么意思？
As you say,随你怎么说
But heed this: if you want to survive you need to drop the bloody heroics,但听好了：如果你想活下去，就得丢掉那该死的英雄主义
This business makes your hands dirty - and nothing gets them clean again,这行当会弄脏你的手——而且再也洗不干净
Trust me on that,相信我这话
"Speaking of which, I suppose I still work for you",说到这个，我想我还在为你干活
We should get going,我们该动身了
I'm counting on you,我指望你了
Let's get going,我们出发吧
Roland looks out across the uncaring sea,罗兰眺望着冷漠无情的大海
Not many get to be my age in our line of work,干我们这行的，没几个人能活到我这个岁数
The things that I've seen - that I've done,我见过的——我做过的那些事
Memories like that prey upon you,那样的记忆会折磨你
"Like bloody wolves circling a camp, with the fire dying out",就像该死的狼群围着营地，篝火渐渐熄灭
"Second you let your guard down, they pounce",你一放松警惕，它们就会扑上来
"Your time isn't over yet, old man",你的时辰还没到，老家伙
Why don't you retire?,你为什么不退休？
So would you rather I'd let you die?,那你宁愿我让你死掉？
"I tried, once",我试过，一次
The quiet only made the memories louder,安静只会让记忆更喧嚣
"You wait, expecting Roland to elaborate",你等待着，以为罗兰会详细说明
He merely stares blanky ahead,他只是茫然地盯着前方
We need to be on our way,我们得上路了
No I,不，我
Rolands words catch in his throat,罗兰的话哽在喉咙里
He thinks for a moment and then looks up at you with a determined look,他思索片刻，然后抬起头，带着坚定的神情看着你
"When my time is up, my time is up",我的时辰到了，那就是到了
Do you understand?,你明白吗？
Alright Roland,好吧，罗兰
"Roland nods solemnly, brushes a sticky glob of ichor off his arm, and trudges over to you",罗兰郑重地点点头，掸掉胳膊上一块黏糊糊的污血，步履沉重地朝你走来
"His lips part as if to speak, but he hesitates",他嘴唇微张，像是要说话，却又犹豫了
Let's just go,我们走吧
The brute scowls at you for a moment,那个粗人朝你皱眉瞪了一会儿
"If that's what you want, I'm not going to stop you",如果你真想这样，我不会拦你
Maybe I'll rest at that Lighthouse awhile,也许我会在那座灯塔休息一阵
No hard feelings,没有恶意
"On second thoughts, I'm going to need you",转念一想，我还是需要你
Roland does not seem to hear you,罗兰似乎没听见你的话
Instead he is staring intently ahead,相反，他正专注地盯着前方
There are men in the fog,雾里有人
I thought I heard them earlier,我之前好像听到他们的动静了
I'm certain they're not from the Zephyr and I'd wager they're less than friendly,我确定他们不是西风号上的人，而且我敢打赌他们绝非善类
"I don't care if you're itching for a fight or not, but either way - we should tread carefully",我不管你手痒想打架还是不想，但无论如何——我们都得小心行事
"I don't care if you're itching for a fight or not, but either way - you should tread carefully",我不管你手痒想打架还是不想，但无论如何——你都该小心行事
Rolands slinks off into the thick fog,罗兰悄悄溜进了浓雾之中
He smiles a toothless grin,他咧嘴一笑，露出没牙的笑容
That’s the question ain’t it?,问题就在这儿，不是吗？
The men lower their weapons,那些人放下了武器
"When you’re ready, Father is waiting for you",等你准备好了，【父亲】在等你
In Horryn,在霍林
Without another word the men turn and wander off into the fog,那些人没再多说一句话，转身消失在雾中
Soon they are gone,很快他们就不见了
I’ll have you talking once I stick this knife in your gut!,等我把这刀捅进你肚子，你就会开口了！
The largest of the group steps menacingly towards you,那群人中块头最大的一个气势汹汹地朝你逼近
If it's a fight you want,如果你想打架
Look closer at the men's tattoos,仔细看看那些人身上的纹身
I'm here to join you!,我是来加入你们的！
#Chapter1SealFollowUp,#第一章 追踪封印
"Snapping out of it, you force your mind back to the issue at hand",你猛地回过神来，强迫自己将注意力转回到眼前的问题上。
"For now, there is little to be done about the amulet and you best be on your way",眼下，关于这枚护符你无能为力，最好还是继续赶路。
No doubt the information stored inside this device is its true value to the Nautical Guild,毫无疑问，这个装置中储存的信息才是它对航海行会的真正价值所在。
The Zephyr was sunk by some unknown horror and the Guild would pay dearly to learn more about such a dire threat to its operations,西风号被某种未知的恐怖之物击沉，而公会愿意花大价钱来了解这种对其运营构成严重威胁的东西。
"Then again, you did play some role in the ship's demise as well and that information might also be gleaned from the device",不过话说回来，你确实也在船只的毁灭中扮演了某种角色，而那段信息也可能从这个装置中被提取出来。
Carefully examining the device you discover it has a complex mechanical inner working,仔细检查这个装置后，你发现它有着复杂的机械内部构造。
"In part, that mechanism seems to allow the user to perform complicated navigational calculations",在某种程度上，这个机械装置似乎能让使用者进行复杂的导航计算。
"But more so, the device seems to have a core of mnemonic runes",但更重要的是，这个装置似乎有一个记忆符文的核芯。
Perhaps it serves as a form of captain’s log?,也许它充当着某种船长日志？
This artifact is not mundane and you’re inclined to agree with Kat that it might be worth something to the Nautical Guild,这件器物并非凡品，你倾向于同意卡蒂的看法，它对航海行会可能有些价值。
Or someone else,或者对其他人。
"Beyond that, the strange amulet is beyond your ken",除此之外，这枚奇怪的护符超出了你的理解范围。
Stepping into the fresh air you pull the strange octagonal Guild Seal from your pocket and examine it more closely,走进清新的空气中，你从口袋里掏出那枚奇怪的八角形公会徽章，更仔细地端详起来。
The dark metallic surface is covered in intricately carved lines and symbols,深色的金属表面布满了精细雕刻的线条和符号。
It reminds you of a mix between a compass and an astrolabe,它让你想起指南针和星盘的结合体。
Try to think if you've heard about something like this before,试着回想一下，你以前是否听说过类似的东西。
Try to examine its inner workings,试着检查它的内部构造。
You feel the weight of the strange device in your hands,你感受到手中这奇怪装置的重量。
For a moment you're back on the deck of the Zephyr,一瞬间，你仿佛又回到了西风号的甲板上。
Monstrous tentacles rise above the ship like strange alien towers,巨大的触手如异界高塔般从船上方升起。
Terrified screams fill the air,惊恐的尖叫声响彻空中。
You shudder,你打了个寒颤。
Kat’s voice snaps you out of it,卡蒂的声音将你拉回现实。
"If we ever get off this bloody island and back to the mainland, the Guild will pay well to have that returned",“如果我们能离开这该死的岛屿回到大陆，公会会出高价收回这东西。”
All I ask is you remember who told you about it,我只要求你记住是谁告诉你的。
Don't worry,别担心。
We'll split the coin,我们会平分这笔钱。
You can keep the coin,你可以留着钱。
All I want is to be done with the Guild,我只想和公会一刀两断。
Be free to wander as I like,自由自在地四处游荡。
Maybe wander up to my brother and stick a knife in his fat gut,也许溜到我哥哥那里，往他那肥肚子上捅一刀。
Your brother?,你哥哥？
Twas my older brother who sold me off to the Guild,是我哥哥把我卖给了公会。
I was bloody twelve!,我当时才十二岁！
Twenty years is what I owe them on account of that bastard,因为那个混蛋，我欠他们二十年。
I’ve already wasted 10 years,我已经浪费了十年。
Her voice breaks for a moment before steel creeps back into her otherwise soft features,她的声音哽咽了一下，随即坚毅又回到了她那原本柔和的面容上。
Like I said; gutting the bastard will go a long way towards setting things right,就像我说的，给那混蛋开膛破肚，能大大地让事情回到正轨。
And the amulet will help you somehow?,那护符能帮到你吗？
"Sure, I’m free enough for now, but the Guild doesn’t like to let their assets go and they have a way of catching up with those who jump ship",“当然，我现在算是自由了，但公会不喜欢放走他们的资产，他们有办法追上那些跳船的人。”
Even someone as lowly as me,即使是我这样卑微的人。
Dangling a recovered captain’s seal in front of them is exactly the kind of thing that might sway them,在他们面前晃着一枚找回的船长徽章，正是那种可能动摇他们的事情。
We'll do what we can!,我们会尽力的！
I’m liking you more and more,我越来越喜欢你了。
Let’s start by getting off this bloody island alive!,我们先从活着离开这该死的岛屿开始吧！
Kat’s eyes narrow slightly as if she tries to get a read on you,卡蒂微微眯起眼睛，仿佛在试图看透你。
Let’s just get moving,我们赶紧动身吧。
We might have our work cut out just getting off this bloody island,光是离开这该死的岛屿，可能就够我们忙的了。
You have indeed heard about this type of device before,你以前确实听说过这种装置。
"As you understand it, it allows the officers of a Nautical Guild ship to operate the vessel’s complicated navigational instruments",“据你所知，它能让航海行会船只的军官操作船上复杂的导航仪器。”
"But more than that, it also serves as a device that records the captain’s log",“但更重要的是，它也是一个记录船长日志的装置。”
#Chapter1Shepherd,#Chapter1Shepherd
The pale-faced youth looks at you with desperation,脸色苍白的少年绝望地看着你
What about them?,它们怎么办？
I talked to your dad,我和你父亲谈过了
We're to take the goats to camp,我们要把山羊带到营地去
These goats are going to the camp,这些山羊要去营地
Never mind,算了
I have some questions,我有几个问题
I have to go,我得走了
Stay here for now,暂时待在这里
The boy lets out a pathetic yelp as he swings his staff at you!,男孩挥杖向你打来，发出一声可怜的尖叫！
"Before you can step aside, Roland’s fist shatters the boy’s jaw",你还没来得及闪开，罗兰的拳头就打碎了男孩的下巴
"He tumbles to the ground and with a sickening crack, his skull smashes open against a large rock",他摔倒在地，随着一声令人作呕的碎裂声，他的头骨在一块大石头上撞开了花
His swing goes wild and he tumbles to the ground,他挥杖落空，摔倒在地
"There her remains, sobbing",她留在原地，抽泣着
You fail to get another word out of him and decide it’s best to be on your way,你没法再从他嘴里问出什么，决定还是继续赶路为好
Lead the animals away,把动物们带走
He clings to his blanket with trembling fingers,他用颤抖的手指紧紧抓着毯子
I...I don't know,我……我不知道
Nothin' on Idra should be able to make a sound like that,伊德拉岛上不该有东西能发出那种声音
"Whatever it is, it ain't human",不管那是什么，都不是人类
I never see 'em,我从没见过它们
"Every night the mist rolls in, and then shapes appear just outside the circle of my fire",每晚雾气涌来，然后篝火光圈之外就会出现一些影子
And then I...I can feel 'em!,然后我……我能感觉到它们！
The boy starts to sob,男孩开始抽泣
"I know they're there, but no matter how terrified I am, I can't stay awake!",我知道它们就在那里，但无论我多害怕，我就是无法保持清醒！
"I always fall asleep, and when I wake up the next morning",我总是会睡着，等第二天早上醒来
The boy drops his head into his trembling hands,男孩把头埋进颤抖的双手里
"I never see 'em do it, but every mornin' there are fresh marks on my goats...on me",我从没亲眼看见它们动手，但每天早上我的山羊身上……还有我身上，都会出现新的痕迹
"They're feeding on us, I know they are!",它们在吸食我们，我知道就是这样！
"The goats suddenly get to their feet, bleating nervously",山羊们突然站了起来，不安地咩咩叫着
Their gazes are fixed on something beyond the grey sea-mist that constantly blanks Idra,它们的目光紧盯着灰色海雾之外的什么东西，那海雾常年笼罩着伊德拉
The youth sinks to the ground and begins sobbing loudly,少年瘫坐在地，开始大声抽泣
You don’t get any more sense out of him and there is nothing left to do but lead the animals away,你从他嘴里再也问不出什么，除了把动物们带走，别无他法
Huddled inside a hollow mountain crevice is a young man surrounded by half a dozen goats,一个年轻人蜷缩在山间一处凹陷的岩缝里，身边围着五六只山羊
"He is shivering violently beneath a worn blanket, his gaunt face pale in the dim light",他在一条破旧的毯子下剧烈地颤抖着，憔悴的脸庞在昏暗的光线中显得苍白
The goats look no healthier,山羊们看起来也同样不健康
W-w-who goes there!?,谁……谁在那儿！？
Keep away - I've got nothing for you!,离远点——我没什么可给你的！
Who are you?,你是谁？
"You're Jakub's boy, I presume?",我猜，你是雅库布的儿子？
"The boy looks up at you with wide, too-trusting eyes",男孩抬起头，用一双睁得大大的、过于轻信的眼睛看着你
M-my name is Aiden,我……我叫艾登
I live at a farm just outside of Horryn,我住在霍林城外的一个农场里
Dar trusts me to,我爸信任我
Why are you out here?,你为什么在这里？
It isn't safe,这里不安全
I,我
I'm doin' my part for the family!,我在为家里尽一份力！
An inhuman shriek once again cuts through the mountains,一声非人的尖叫再次划破山间
The boy freezes in terror,男孩吓得僵住了
What was that?,那是什么？
The shepherd eyes you suspiciously,牧羊人怀疑地看着你
I m-might be,我……可能是
Did he,他是不是
Before he can finish an inhuman shriek once again cuts through the mountains,他话没说完，一声非人的尖叫再次划破山间
"Working as fast as you can, you get the ragged flock moving and set off towards the camp",你以最快速度赶着这群破衣烂衫的山羊，朝营地出发
"No, wait!",不，等等！
Aiden looks suddenly terrified,艾登突然露出惊恐的神色
I...I can't go!,我……我不能走！
"My dar told me if I bring the goats back to the farm, the chamberlain will slaughter them for food and it'll be the end for ma and dar!",我爸跟我说过，要是我把山羊带回农场，总管就会把它们宰了当食物，那我和爸妈就都完了！
What if I talk to your father?,要是我去跟你父亲谈谈呢？
It makes no difference,那也没用
I'm taking these goats to camp,我要把这些山羊带到营地去
The young man shudders in relief,年轻人如释重负地颤抖了一下
I know of hidden trails - we'll be in the camp in no time!,我知道一些隐秘的小路——我们很快就能到营地！
The goats start bleeting,山羊们开始咩咩叫
But we must hurry!,但我们得赶紧！
Lead the way,带路吧
I’m not going to let you do that!,我不会让你这么做的！
The scrawny teen struggles to his feet brandishing his shepherd's staff,瘦骨嶙峋的少年挣扎着站起来，挥舞着他的牧羊杖
If I lose these animals my dar’ll kill me!,要是我丢了这些牲口，我爸会杀了我的！
Don't do anything stupid now,现在别做傻事
I need to rethink this,我得再想想
Fine by me,我没意见
attack,攻击
The boy shivers from cold and exhaustion,男孩又冷又累，瑟瑟发抖
Wh… what now?,现……现在怎么办？
Why haven't you just left?,你为什么不干脆离开？
About the animals,关于那些动物
I need to go,我得走了
The boy somehow looks even paler than he did last time you saw him,男孩看起来比上次你见到他时更苍白了
I don’t know how much longer we can take it,我不知道我们还能撑多久
We need to talk?,我们需要谈谈？
"The boy is clearly heartbroken, but he makes no effort to move",男孩显然心都碎了，但他没有要动的意思
"Alright, if that's what dar wants",好吧，如果这是爸的意思
You'd do that for me?,你愿意为我这么做？
"Oh, Golden Dead bless you!!",哦，黄金先祖保佑你！！
I'll be back soon,我很快就回来
My dar would kill me,我爸会杀了我的
He sent me up here to keep the goats safe and I’m not leaving until he permits it!,他派我到这里来保护山羊，没有他的允许，我是不会离开的！
The lad’s eyes water up,少年的眼眶湿润了
#Chapter1Smugglers,#第一章走私者
We've been holed up in these bloody caves for too long - a little bloodshed might do us good,我们在这该死的洞穴里躲得太久了——流点血或许对我们有好处
"The furthest warriors draw their bows, as the lead figure strides towards you, blade in hand",最远处的战士拉开弓，领头的人手持刀剑大步向你走来
"Roland, any ideas?",罗兰，有什么主意吗？
I yield!,我投降！
"None the less, trouble's found you",尽管如此，麻烦还是找上了你
And you're not leaving until she says so,而且她没发话，你就别想走
"So put down your weapons, or these tunnels are about to get very slippery",所以放下武器，否则这些隧道很快就会变得非常滑溜
You want them?,你想要它们？
Come get them,来拿啊
Fine!,好吧！
We'll yield,我们投降
Smugglers,走私者
Hold it!,站住！
Comes a shout from the shadows ahead,前方的阴影中传来一声大喝
Move any closer and you'll move no more,再靠近一步，你就再也动不了了
You can just make out the faint silhouettes of a group of armed warriors,你只能勉强辨认出一群武装战士的模糊轮廓
Forgive me - I'll leave!,请原谅——我这就走！
You have no idea who you're messing with,你根本不知道你在招惹谁
We're the kind of folks who prefer to be left well alone,我们是那种喜欢独处的人
The kind who don't brook no interference from strangers,那种不容陌生人干涉的人
The figures creep slowly out of the murk,人影从黑暗中缓缓爬出
Being able to see them better does not reassure you,看得更清楚并没有让你安心
We're here to offer our services,我们是来提供服务的
"If you want a fight, I'm happy to oblige?",如果你想打架，我很乐意奉陪？
We're not looking for trouble,我们不是来找麻烦的
Truly,真的
"Oh, it's not really that easy now is it?",哦，现在可没那么简单了，不是吗？
You know we're here now,你现在知道我们在这儿了
And you could be anyone,而你可能是任何人
"The voice trails off, and one of the figures makes a high-pitched chuckle",声音逐渐消失，其中一个人发出尖声的轻笑
You want to bleed?,你想流血吗？
Just ask!,尽管开口！
"Listen, we're not looking for trouble",听着，我们不是来找麻烦的
You don't say?,是吗？
The voice coos,那声音轻柔地说
"Tell me, little lamprey, do you know who you're dealing with here?",告诉我，小七鳃鳗，你知道你在跟谁打交道吗？
Please enlighten me,请指教
I don't care,我不在乎
You all bleed the same,你们流的血都一样
I'm sure you are but the Queen will be the judge of that,我相信你是，但女王会做出判断
Now drop your fucking weapons and come with me!,现在放下你他妈武器，跟我走！
"If you want my weapons, come and get them!",想要我的武器，就来拿啊！
I'll yield,我投降
There's a staccato laugh from the darkness,黑暗中传来断断续续的笑声
"I can't deny we're in dire need of fresh blood, thanks to these interesting times",我不能否认，由于这个有趣的时代，我们急需新鲜血液
I'd be happy to introduce you to the Queen herself - I'll even vouch for your enthusiasm,我很乐意把你引荐给女王本人——我甚至可以担保你的热情
"But by the Mother of Maelstroms, I can't let you go armed",但以漩涡之母的名义，我不能让你带着武器
Guests!,宾客！
I would see you in my quarters,我要在我的住处见你
Do not keep me waiting,别让我久等
And Armand - let them keep their weapons,还有阿曼德——让他们保留武器
Any decent assassin would have shut you up long ago,任何一个像样的刺客早就让你闭嘴了
Aye aye m'lady,是，夫人
Armands offers a shallow bow,阿曼德微微鞠躬
You heard the lady,你听到夫人说的了
Make yourself at home in our little corner of luxury,在我们这小小的奢华角落里随意些
Armand gestures towards the tunnels beyond with a theatrical gesture,阿曼德夸张地朝远处的隧道做了个手势
A womans voice rings through the caves with such authority that the would-be combatants stop dead in their tracks,一个女人的声音在洞穴中响起，充满威严，让那些即将动手的斗士们顿时停住
Armand!,阿曼德！
What is this nonsense?,这是什么胡闹？
You'd add dead guests to the list of curses befalling us?,你想让死去的宾客也加入降临在我们身上的诅咒清单吗？
Fool!,蠢货！
Armand,阿曼德
A deep voice rings out through the caves,一个低沉的声音在洞穴中回荡
"Then, backlit by torches, you notice a woman overlooking the scenes from a high ledge",然后，在火把的背光中，你注意到一个女人从高高的岩架上俯瞰着这一切
"We have guests, I see",我们有客人了，我明白了
"I think it would behoove us to treat them with what hospitality we can muster, no?",我认为我们应该尽我们所能款待他们，不是吗？
You hear the shadowy sentinels immediately sheathe or stow their weapons,你听到阴影中的哨兵们立刻收刀入鞘或收起武器
"Aye, m'lady!",是，夫人！
the man called Armand calls back respectfully,那个叫阿曼德的男人恭敬地回应
"Roland strides towards the oncoming assailant, his figure looming over him, making him seem more beast than man,",罗兰大步走向逼近的袭击者，他的身影笼罩着对方，让他看起来更像是野兽而非人类
Your archers might get me but I'll make damn sure you and I go together little man,你的弓箭手或许能干掉我，但我保证会拉你垫背，小个子
The shadowy figure stops dead in his tracks as Roland's voice rumbles menacingly through the tunnel,当罗兰的声音在隧道中威胁性地隆隆作响时，那个阴影中的人影顿时停住脚步
"As you disarm, you find yourself at the mercy of the shadowy figures",当你解除武装时，你发现自己任由那些阴影中的人影摆布
"Even through the darkness, you can make out the white teeth of the leader's cruel grin",即使在黑暗中，你也能看清领头者残忍笑容中的白牙
This was a bad idea,这是个坏主意
"Out of the corner of your eye, you can see Iben shift ever so slightly to put you between him and your would be assailants",从眼角余光中，你看到伊本微微移动，把你挡在他和那些潜在的袭击者之间
#Chapter1UWMaze,#Chapter1UWMaze
"You utter an underwater scream of pain and terror but before you can act further, the creature has retreated back into one of the holes",你发出一声水下痛苦与恐惧的尖叫，但还没来得及进一步行动，那生物就已缩回其中一个洞里
Swim south,向南游
"Quickly rummaging through the poor fellows belongings, you try not to think about your own dwindling air supply",你快速翻找着这个可怜人的遗物，尽量不去想自己日渐稀薄的空气储备
In a pouch on his belt you find a handful of coins and a key,在他腰带上的一个袋子里，你找到了一把硬币和一把钥匙
"Now, you’ve lingered too long already and you must move on",现在，你已经耽搁太久了，必须继续前进
Tunnels lead to the north and west,隧道通往北方和西方
Swim north,向北游
Swim west,向西游
You break the surface and find yourself back in the cave system where you started,你浮出水面，发现自己回到了最初出发的洞穴系统
"For all its bleakness, you nonetheless feel a sense of relief at returning to this area",尽管这里一片荒凉，但回到这片区域还是让你感到一丝宽慰
You break the surface and emerge into an alien world,你浮出水面，进入了一个陌生的世界
The air is stale and damp and the walls are so covered in algae and fungus that they almost appear to writhe,空气污浊潮湿，墙壁上覆盖着藻类和真菌，几乎像是在蠕动
"In the faint bioluminescence of the cave's bizarre underwater flora, you make out three passages",在洞穴奇异水下植物微弱的生物荧光中，你辨认出三条通道
North and east takes you further into the cave system whilst west leads back to the surface,向北和向东会带你深入洞穴系统，而向西则返回水面
Swim east,向东游
A large domed chamber,一个巨大的穹顶状洞室
Writing sea-weed covers the floor and reaches up towards you like groping tentacles,缠绕的海草覆盖着地面，像摸索的触手一样向你伸来
You shudder as one of the slimy tendrils brush your skin,当一条黏滑的卷须拂过你的皮肤时，你打了个寒颤
Three tunnels lead out of this chamber,三条隧道从这个洞室延伸出去
"East, west and south",东、西、南
The tunnel narrows somewhat here before opening up into a slightly larger chamber with two exits,隧道在这里略微变窄，然后通向一个稍大的洞室，有两个出口
West and south,西和南
The bioluminescence is so faint in this chamber that you almost fail to spot the tunnels leading north and east,这个洞室里的生物荧光极其微弱，你差点没发现通往北方和东方的隧道
Suspended in the middle of this chamber is the corpse of a young man,洞室中央悬浮着一具年轻男子的尸体
His features are softened by the sickly glow of the algae growing here but there is no mistaking the mask of terror that froze on his face as he drowned,他的面容被这里生长的藻类发出的病态光芒柔化了，但毫无疑问，他溺水时脸上凝固的恐惧面具清晰可辨
A bend where the tunnel leads east or south,一个弯道，隧道通往东方或南方
Sharp limpet-like growths cover the wall and you take care not to cut yourself as you squeeze past,墙上覆盖着像帽贝一样锋利的生长物，你挤过去时小心翼翼以免割伤自己
"This chamber is flat with a low ceiling and three tunnels leading north, east and west",这个洞室平坦，天花板低矮，有三条隧道分别通往北、东、西
The walls of this bulbous chamber are pockmarked with a dozen smaller tube-like holes leading deeper into the bedrock,这个球根状洞室的墙壁上布满了十几个较小的管状孔洞，通往基岩更深处
"As you contemplate the folly of sticking your hand into one of them, an eel-like creature darts from one of the holes and bites into your flesh with tiny, razor sharp fangs",正当你思忖着把手伸进其中一个洞的愚蠢念头时，一条像鳗鱼一样的生物从其中一个洞里窜出，用细小锋利的尖牙咬进你的肉里
This chamber is bathed in a greenish glow coming from the eastern tunnel that leads to the surface,这个洞室沐浴在从通往水面的东侧隧道传来的绿色光芒中
The western exit leads deeper into the cave system,西侧出口通往洞穴系统更深处
Underwater Tunnel,水下隧道
You find yourself at the opening of a narrow underwater tunnel and wonder how long you can hold your breath,你发现自己身处一条狭窄水下隧道的入口，不知道自己能屏住呼吸多久
Do you dive in?,你要潜入吗？
Dive into the tunnel,潜入隧道
This narrow underwater tunnel serves as the only exit from this cave,这条狭窄的水下隧道是这个洞穴唯一的出口
You hope you remember the way back,你希望自己还记得回去的路
#Chapter1Witch,#第1章女巫
The old woman smiles,老妇人微笑着
"Why, my wonderful little greedy piglet!",“哎呀，我可爱的小贪吃鬼！”
Can you believe I found him in the woods just a few days ago?,你能相信吗，我几天前才在树林里发现了他？
Poor baby was starved,可怜的小家伙当时饿坏了
You found him?,你发现了他？
In the woods?,在树林里？
It's a blessing from the Emperors themselves!,这真是帝皇们亲自赐福啊！
"Now I really am a mother, just like all the women I've helped",“现在我终于也当上母亲了，就像我帮助过的所有女人一样”
An inhuman scream escapes the crib,一声非人的尖叫从婴儿床里传出
"The blanket bulges, as if something much larger than a baby is moving around",“毯子鼓了起来，仿佛有什么比婴儿大得多的东西在里面蠕动”
Look in the crib,查看婴儿床
I'm leaving,我要走了
NO!,不！
He's MINE!,他是我的！
The old woman lunges to her feet and defiantly places herself between you and the crib,老妇人猛地扑起身来，挑衅地挡在你和婴儿床之间
The screams from the crib grow more frantic,婴儿床里的尖叫声变得更加狂乱
Stand aside!,让开！
Listen to me,听我说
That is not a child!,那根本不是孩子！
She lets out a pained sound,她发出一声痛苦的呻吟
He's just a baby!,他只是个婴儿啊！
"Please, I've lost so many already, I can't lose another",“求你了，我已经失去太多了，不能再失去一个了”
I'm sorry,我很抱歉
Push aside the old woman,推开老妇人
You push aside the old woman to get to the crib,你推开老妇人，冲向婴儿床
"As you pull off the blanket you see an inhuman squirming mass of teeth, eyes and what appears to be tentacles",“当你掀开毯子时，你看到一团非人的蠕动之物，满是牙齿、眼睛，还有看似触手的东西”
The eyes stare at you without blinking,那些眼睛一眨不眨地盯着你
And then the creature howls,然后那生物嚎叫起来
Abomination!,异物！
Driina utters in shock,德莉娜震惊地低语道
Bludgeon the thing,砸烂这东西
I'm leaving!,我要走了！
The horror lunges at you with inhuman speed,那恐怖之物以非人的速度向你扑来
"You thrash around the cottage as it snaps at your face, until finally, you manage to smash it into the wall",“你在小屋里拼命挣扎，它不断咬向你的脸，直到最后，你终于设法将它狠狠砸到墙上”
"The screams of the abomination mix with those of the old woman as it rapidly scuttles off, up the chimney and into the woods",“异物的尖叫声与老妇人的哭喊声混杂在一起，它飞快地窜走，爬上烟囱，逃进了树林”
Ohhh look at these beautiful eggs!,哦，看看这些漂亮的蛋！
The crone strokes gently,老妇轻柔地抚摸着
They will do fine,它们正合适
My concoction is nearly ready!,我的药剂就快好了！
She cracks the large eggs open and dumps the squirming contents into her cauldron,她敲开那些大蛋，将里面蠕动的东西倒进她的大锅里
Steam begins to rise and the mixture changes color to a deep crimson,蒸汽开始升腾，混合物颜色变成了深红色
Look what you've done!,看看你都干了些什么！
The old woman falls to her knees and burries her face in her hands,老妇人跪倒在地，双手掩面
Roland stares at the scene - mouth agape,罗兰目瞪口呆地看着这一幕
This is insanity!,这简直是疯狂！
Take the medicine and leave,拿上药，离开这里
The old woman begins to tremble as tears run down her cheeks,老妇人开始颤抖，泪水顺着脸颊流下
"Then a broad, manic smile twists across her face",“然后，一个扭曲而狂乱的笑容在她脸上绽开”
My boy is hungry,我的孩子饿了
He says I'm not enough for him anymore,他说我已经满足不了他了
"The old woman pulls her robes slightly down, revealing her torso",“老妇人将长袍稍稍拉下，露出她的躯干”
"It is mared by half a dozen obscene, round wounds",“上面布满了半打可怖的圆形创伤”
A hearty meal will do him good,一顿丰盛的大餐对他有好处
the woman smiles serenely as a horrid chirp escapes the crib,老妇人安详地微笑着，一声可怕的唧唧声从婴儿床里传出
The blanket in the crib ripples as something much larger than a child rises from it,婴儿床里的毯子泛起涟漪，一个远比孩童巨大的东西从下面升起
"An inhuman squirming mass of teeth, eyes and what appears to be tentacles",“一团非人的蠕动之物，满是牙齿、眼睛，还有看似触手的东西”
This is madness!,这简直是疯了！
Mother Katak,卡塔克嬷嬷
"An old woman sits beside a crib, her silver hair loose and tangled around her shoulders",“一个老妇人坐在婴儿床边，银发散乱地披在肩头”
"She hums to herself as she rocks the crib back and forth, a smile tugging at her weathered lips",“她一边前后摇晃着婴儿床，一边自顾自地哼着歌，饱经风霜的嘴角挂着一丝微笑”
"The cottage is dimly lit, and the room is filled with various dried plants",“小屋里光线昏暗，房间里堆满了各种干枯的植物”
"The air is heavy with the scents of lavendar, thyme, and the unmistakeable taint of rot",“空气中弥漫着薰衣草、百里香的气味，以及一股无法忽视的腐败气息”
Are you Mother Katak?,你是卡塔克嬷嬷吗？
Do you have anything to trade?,你有什么可以交易的吗？
The woman looks up at you with ancient gray eyes,老妇人抬起苍老的灰色眼眸看着你
That I am indeed,我确实是
"What can I do for you, child?",“我能为你做些什么，孩子？”
A strange coo escapes the crib,一声奇怪的咕咕声从婴儿床里传出
It sounds off,听起来不太对劲
"You try to peer inside, but the old woman shifts, obscuring your view",“你想往里看，但老妇人挪动身子，挡住了你的视线”
Explain about the outbreak in the camp,解释营地爆发的疫情
"As you explain the situation, the woman absentmindedly rocks the cradle by her side",“在你解释情况时，老妇人心不在焉地摇晃着身边的摇篮”
She chuckles softly,她轻声笑了笑
So the fine folk of Horryn have a bit of a belly-ache and they thought ‘who better to save us then kindly old Katak?,这么说，霍林的好人们闹了点肚子疼，就想‘谁能比好心的老卡塔克更能救我们呢？’
It was Hannah who sent me here,是汉娜让我来这里的
Her boy is sick as well,她的孩子也病了
The old woman decants the mixture into a glass bottle,老妇人将混合物倒入一个玻璃瓶中
This will do,这就行了
Soak bread in a thimble of this and it will purge your guts of any foulness,用一小杯这个浸透面包，就能清除你肚子里的任何污秽
She hands you the bottle and before slumping heavily down in her chair,她把瓶子递给你，然后重重地瘫倒在椅子里
Suddenly the previously animated woman looks exhausted,刚才还精神奕奕的老妇人，突然间显得疲惫不堪
The crib rocks slightly as a low growl escapes it,婴儿床轻轻晃动，一声低沉的咆哮从中传出
What's in the crib?,婴儿床里是什么？
Little Allyn?,小艾琳？
"Oh, he's such a lovely little boy!",“哦，他真是个可爱的小男孩！”
Almost like my little piglet here,几乎跟我这儿的小宝贝一样可爱
She pats the crib,她拍了拍婴儿床
"The strange, piping sound coming from it sounds nothing like a child",“从里面传出的那种奇怪的尖细声音，听起来一点也不像孩子”
I’ll help of course,我当然会帮忙
No need to fret,不必担心
the old woman says with a chuckle,老妇人轻笑着说
Getting rid of your tummy aches takes old magic,治好你们的肚子疼，需要古老的魔法
Magic from the earth!,来自大地的魔法！
What do you need?,你需要什么？
Find me the unborn of the scaled ones!,给我找来那些鳞甲之物的未生之胎！
They dwell not far from here: north of the great oak and past the fetid pools!,它们就住在这附近：大橡树以北，腐臭池塘的后面！
But beware!,但要小心！
The scaled ones are fierce and guard their un-born well!,那些鳞甲之物凶猛得很，会誓死守护它们的未生之胎！
the old woman chuckles,老妇人咯咯地笑了
Do you mean these lizard eggs?,你是指这些蜥蜴蛋吗？
I suppose I'll do my best,我想我会尽力的
The old woman either can’t or won’t hear you,老妇人要么听不见，要么不想听你说话
She rattles on unfazed,她毫不在意地继续喋喋不休
The old woman chuckles again,老妇人又咯咯地笑了
Even the coldest of hearts pour the warmest of love into their young!,即便是最冷酷的心，也会将最温暖的爱倾注给它们的幼崽！
Makes the flesh of the unborn oh so tender,这让未生之胎的肉变得如此鲜嫩
And potent you know!,而且效力十足，你知道的！
Now off you go!,现在，快去吧！
Me babe needs his sleep,我的宝贝需要睡觉了
The crone is babbling incoherently while tears stream down her face,老妇语无伦次地嘟囔着，泪水顺着脸庞流淌
Suddenly she seems to notice you,突然，她似乎注意到了你
You did this!!,是你干的！！
You took my boy from me!,你夺走了我的孩子！
There is nothing more for you here,这里没什么值得你留恋的了
The crone hums to herself as she gently rocks the crib back and forth,老妇自顾自地哼着歌，轻轻摇晃着婴儿床
I have the eggs!,我拿到蛋了！
Want to trade?,想交易吗？
# Chapter_1_Wreck,#章节_1_沉船
#Chapter1Wreck,#章节1沉船
"The monstrosity screeches and as it does, packs of rabid vermin spews forth from the dark recesses of the wreck!",那怪物尖啸着，随着它的尖啸，一群群狂暴的虫群从沉船黑暗的深处喷涌而出！
"You stop dead in your tracks as the grotesque rat-thing sits up on its hind legs, its hunched form a full head taller than you",你猛地停下脚步，只见那怪异的鼠形之物用后腿坐起，它佝偻的身形比你高出整整一个头
The beast cocks its head slightly and its tiny eyes regard you intently,小畜生微微歪着头，一双小眼睛专注地打量着你
"Then to your utter horror, words form in its bestial throat",然后，令你毛骨悚然的是，它那野兽般的喉咙里竟吐出了话语
It comes,它来了
It is one!,它是一个！
With fangs it comes into the womb!,它带着獠牙来到这子宫！
Does it come to feed?,它是来进食的吗？
To give offerings?,还是来献上祭品？
It?,它？
Are you talking about me?,你在说我吗？
It stirs!,它动了！
Does it bring offerings?,它带来了祭品吗？
Or has it come to share in the meat?,还是来分享这肉的？
The horrid creature gouges a lump of flesh from one of the corpses and offers it to you expectantly,那可怕的生物从一具尸体上剜下一块肉，满怀期待地递给你
Bloody filth!,该死的污秽之物！
Roland spits behind you!,罗兰在你身后啐了一口！
What are you?,你是什么东西？
The song woke us!,那歌声唤醒了我们！
Calls us!,召唤我们！
It hears it!,它听到了！
Now we eat and multiply,现在我们进食并繁衍
And serve!,并侍奉！
Song?,歌声？
Serve what?,侍奉什么？
You emerge into the broken hull of the ship,你走进了船体破损的船舱
The ruined hold is unrecognizable and strewn with the debris of ruined cargo,这残破的货舱已面目全非，散落着损毁货物的碎片
As your eyes adjust to the darkness you become aware of sounds emanating from the darkness,当你的眼睛适应了黑暗，你察觉到黑暗中传来声响
Chittering?,是吱喳声？
Or is it voices?,还是说话声？
AhhHH!!!!,啊啊啊！！！！
It does not serve!?,它不侍奉！？
We eats it!!!,我们吃了它！！！
It rises!,它升起了！
From the deep!,从深处！
Rise! it calls!,升起！它在召唤！
It does not hear it?,它听不到吗？
IT DOES NOT HEAR IT!,它听不到！
#Chapter1WreckPicker,#第一章残骸拾荒者
"The man looks at you, eyes wide in genuine surprise and shock",男人看着你，眼睛因真正的惊讶和震惊而睁得大大的
Then a mask of pure rage falls across his face,然后一副纯粹的愤怒面具落在他脸上
You shouldn't be all healthy and like!,你不该这么活蹦乱跳的！
Mother Maelstrom offered you up for me!,老漩母把你献给了我！
Basilo will make you stop squirming little fish!,巴西洛会让你这条扭来扭去的小鱼安静下来！
Marita's little runts,玛丽塔的小崽子们
Oleg and Anja I think,我想是奥列格和安雅
Spends most of their time playing with their mother in the well,大部分时间都在井里和他们的母亲玩耍
Oh no,哦不
Don't worry!,别担心！
Little ones are right as rain!,小家伙们好得很！
Sometimes I even hear them laughing and singing rhymes all night down in the well!,有时候我甚至听到他们在井底整夜笑着唱着韵文！
Crabs and critters and such,螃蟹啊小动物啊什么的
Growing large and... strange this time of year,每年这个时候都长得又大又……奇怪
Get your leg in their clippers and they'll lob it right off,要是你的腿被它们的钳子夹住，它们会直接把它剪断
So you best be careful!,所以你最好小心点！
But not to worry,不过别担心
Basilo's always given them the laugh - even when he was wee,巴西洛总是能逗笑它们——哪怕是他小时候
Must'a been just as big back then,那时候肯定也这么大
Though it doesn't really feel that way,虽然感觉不太像
The old man's brows furrow and for a moment he is lost in deep thought,老人皱起眉头，一时陷入了沉思
In any case,不管怎样
The old man reaches into the leather pouch and pulls out a handful of strange coins that look nothing like standard Imperial coinage,老人把手伸进皮袋，掏出一把奇怪的硬币，看起来完全不像标准的帝国钱币
"Though they are no doubt valuable, they’re covered in greenish grime that make them almost look more like sea-shells than coins",虽然它们无疑很值钱，但上面覆盖着绿色的污垢，让它们看起来更像是贝壳而不是硬币
Bounty from the deep!,来自深海的赏金！
Handed down from me da’ who got it from me granda’,从我老爹那儿传下来的，他又是从我爷爷那儿得来的
He used to say granda’ was so strong in the old faith that Mother Maelstrom would let him go down into the deep and visit with them who live there,他常说爷爷在旧信仰中如此强大，老漩母会让他下到深海去拜访住在那里的他们
Came back with sacks of this he did,他回来时带了好几袋这东西
Nice a place as ever you'll see!,你见过的最好的地方！
"Warm fire, roof over your head",温暖的炉火，头顶有屋顶
Marita’s good to old Basilo letting him stay here,玛丽塔对老巴西洛很好，让他住在这里
Take care of her in return Basilo does,作为回报，巴西洛照顾她
She spends all her time playing in the yard with her kids these days and she forgets to eat,这些天她整天在院子里和孩子们玩耍，忘了吃饭
Some days I have to feed her to make sure she don’t waste away,有些日子我得喂她，确保她不会消瘦下去
The old man smiles warmly,老人温暖地微笑着
There are children here?,这里有孩子？
"The fireplace casts a warm glow across the piles of old fishbones, broken furniture and strange trinkets that litter the ruined home",壁炉的温暖光芒洒在散落于破败家中的旧鱼骨、破家具和奇怪小饰品堆上
Basilo hums contently to himself,巴西洛心满意足地哼着歌
Let's trade,我们交易吧
Where did you get all that coin?,你那些硬币都是从哪儿来的？
What's wrong with the well?,那口井怎么了？
What happened to this place?,这个地方发生了什么？
I've choosen to end you!,我选择结束你！
The Wreck Picker,残骸拾荒者
A lanky man with skin like sun-dried leather stares slack-jawed at you,一个瘦高男人，皮肤像晒干的皮革，张着嘴呆呆地盯着你
He’s dressed in rags and with a wide brimmed hat and a large bundle of scrap slung over his shoulder,他穿着破布，戴着一顶宽边帽，肩上扛着一大捆废料
Do Basilo’s eyes deceive him?,巴西洛的眼睛欺骗了他吗？
More ghosts?,更多鬼魂？
Or did the sea spit you back out alive?,还是大海把你活着吐了回来？
Not many are that lucky!,没多少人那么幸运！
Your eyes fall on the crude spiked club that hangs in his belt,你的目光落在他腰带上挂着的粗糙尖刺棍棒上
Basilo makes his living picking at what the mother of maelstroms does not swallow,巴西洛靠捡拾风暴之母没有吞下的东西为生
And it’s been rich pickings as of late,最近收获颇丰
Crates and barrels and even the odd fleshy morsel!,板条箱、木桶，甚至偶尔还有肉块！
The man bares a row of blackened teeth in what you assume is a smile,男人露出一排发黑的牙齿，你猜那是在微笑
Rich pickings?,收获颇丰？
What's the club for?,那棍棒是干什么用的？
Listen here; Basilo has a proposal for you!,听着；巴西洛有个提议给你！
The man smiles in greedy anticipation,男人贪婪地笑着，充满期待
Shore’s bursting with bounty today!,今天海岸上满是赏金！
Man can make a fortune if he sets his mind to it,一个人要是下定决心，就能发大财
Basilo will be warming his bones up at the old abandoned farm house right behind us,巴西洛会在我们身后那座废弃的老农舍里暖暖身子
Find me there!,去那儿找我！
I had some questions,我有些问题
The club is caked in dried blood and of crude design,棍棒上沾满了干涸的血迹，设计粗糙
It has the look of a tool used well and often,看起来是一件用得很顺手的工具
Basilo offers up a chuckle that is chillingly out of place as he pats it,巴西洛拍了拍它，发出一声不合时宜、令人毛骨悚然的轻笑
"Every now and then, Mother Maelstrom offers up little fish that have a bit of fight left in them",时不时地，老漩母会献上一些还有点儿挣扎力气的小鱼
All Basilo does is help put them to rest,巴西洛所做的只是帮它们安息
How many 'fish' did you put to sleep today?,你今天让多少条“鱼”睡着了？
He looks taken aback by the question,他看起来被这个问题吓了一跳
Basilo did them all nice,巴西洛把它们都好好处理了
Just like father taught him!,就像父亲教他的那样！
Anyone still squirming gets a knock on his shell till he’s good and floppy,任何还在扭动的，就在它壳上敲一下，直到它彻底软趴趴
Not to worry,别担心
Been doing it for years,干这行好多年了
Used to help my da’ hold em down while he did the knocking,以前常帮我老爹按住它们，让他来敲
Quick as you like,要多快有多快
Basilo offers an eager smile as if to reassure you that he’s very good at what he does,巴西洛露出热切的笑容，仿佛在向你保证他非常擅长他所做的事
You murder survivors to steal their belongings?,你谋杀幸存者，偷他们的东西？
You monster!,你这个怪物！
Basilo fidgets in obvious discomfort at not understanding what you’re trying to get at,巴西洛明显不安地坐立不安，不明白你想说什么
The drowned men belong to Mother Maelstrom!,淹死的人属于老漩母！
Doesn’t matter if a few of them manage to wriggle onto shore for a last gulp of air,就算有几个能挣扎着爬上岸吸最后一口气也没关系
They’re drowned men nonetheless and all Basilo is doing is sending them back to where they belong,他们终究是淹死的人，巴西洛所做的只是把他们送回他们该去的地方
That’s the way we used to do on these islands,我们过去在这些岛上就是这么做的
"Now, most folk have forgotten",如今，大多数人都忘了
But not me,但我没忘
Not Basilo,巴西洛没忘
My family has been here for a long time,我的家族在这里很久了
You deserve death!,你该死！
"The man slinks off into the fog, heading north",男人溜进雾中，向北走去
"As his form dissolves into the nothingness of the mist, you can hear him muttering to himself excitedly",当他的身影消失在虚无的雾气中时，你能听到他兴奋地自言自语
No need for Basilo to risk his hide!,巴西洛没必要拿自己的皮肉冒险！
You seem fit enough and I’ve got coin!,你看起来够结实，而且我有硬币！
I’ll buy whatever you bring me,你带什么来我都买
Might even have a piece or two to sell if you’re interested,如果你感兴趣，我甚至可能有一两件东西要卖
Just beware them clippers,只是要当心那些钳子
Clippers?,钳子？
I'd rather end you right here!,我宁愿就在这里了结你！
Not here out in the cold!,别在这外面受冻！
Find Basilo up by the farmhouse,到农舍那边找巴西洛
Might even have some soup cooking for you,说不定还给你煮了点儿汤
There's the one who cheated Mother Maelstrom!,这就是那个欺骗了老漩母的人！
And loaded with trinkets for old Basilo perhaps?,也许还带着给老巴西洛的小玩意儿？
There might be some fine coin in it for you,你可能会因此得到一些不错的硬币
The old man shakes a worn leather pouch at you that clinks with the sound of coins,老人朝你晃了晃一个破旧的皮袋，发出硬币的叮当声
Stay as long as ye like,想待多久就待多久
Just don’t drink the water in the well,只是别喝井里的水
Best not drink the water there,最好别喝那儿的水
Tastes funny and gives you strange dreams,味道怪怪的，还会让你做奇怪的梦
"Besides, the children mostly use it for their games these days",再说，这些天孩子们主要用它来玩游戏
#Chapter1WreckSailors,#第一章 西风号船员残骸
The ragged band of survivors fan out around you like a pack of starved predators,这群衣衫褴褛的幸存者像一群饥饿的掠食者一样在你周围散开，
"Currents brought us straight ashore so if the Dead are with us, any survivors would have landed on this here shoreline",洋流把我们直接冲上了岸，所以如果死者与我们同在，任何幸存者都会在这片海岸线上登陆，
You might want to start by searching the cliffs just to the north,你或许可以从搜索北边的悬崖开始，
Also others are bound to have landed in the same area where you landed,而且其他人肯定也在你登陆的同一区域上岸了，
Finally there is a lighthouse to the south-east and some may have headed there,最后，东南方有一座灯塔，有些人可能去了那里，
What do you know of this island?,你对这座岛了解多少？
I had other questions,我还有别的问题，
"If you come across any more of my men, tell them where to find me",如果你遇到我更多的弟兄，告诉他们到哪里找我，
Both I and the guild will thank you if you do,如果你这么做，我和公会都会感谢你，
Snow turns his back on you and joins his men around the fire,斯诺转过身去，加入火堆旁他的同伴中，
But you are not all to blame,但也不能全怪你，
It seems our journey was doomed no matter!,看来我们的旅程无论如何都注定要失败！
That thing!,那个东西！
What was it?,那是什么？
And this island,还有这座岛，
There is something terribly wrong here!,这里有什么非常不对劲！
All I know is we need to work together if we are to survive!,我只知道，要想活下去，我们就得齐心协力！
All I know is that it's each man for himself now,我只知道，现在只能各顾各的了，
The man's eyes flash from sorrow to rage in an instant,那人的眼神瞬间从悲伤转为愤怒，
Before you know it he draws his dagger,你还没反应过来，他就拔出了匕首，
What can I do for you?,我能为你做什么？
What was it that attacked the Zephyr?,袭击西风号的是什么东西？
What do you know of this place?,你对这个地方了解多少？
About the other survivors,关于其他幸存者，
I found your men,我找到了你的人，
"I've been here before, years ago",我以前来过这里，多年前，
Didn't leave Horryn back then but it was nothing but a backwater port like any other,那时没离开过霍林，但它不过是个和其他地方一样的偏僻港口，
Full of people not too fond of strangers and superstitious fishermen,到处都是不太喜欢陌生人的居民和迷信的渔民，
Nothing like now,和现在完全不一样，
Don't you feel it?,你没感觉到吗？
"Air smells strange, like right before a thunder-storm!",空气闻起来怪怪的，就像雷暴来临前一样！
And the beasts!,还有那些野兽！
"I tell you, I've sailed 'round the Empire for near on twenty years and I've never seen creatures like these!",我告诉你，我在帝国周边航行了快二十年，从没见过这样的生物！
And then there are the men,然后还有那些人，
The men?,那些人？
We saw men stalking the fog,我们看到有人在雾中潜行，
Dangerous men I thought,我觉得是危险的人，
Then I came across some of their handy-work,然后我看到了他们的一些杰作，
Tommyn and Dill the cabin boy,汤米恩和见习水手迪尔，
Black arrows in their back the both of them,两人背上都中了黑箭，
Best to keep far away from them,最好离他们远点，
Where should I look for survivors?,我该去哪里找幸存者？
Your group is growing I see?,我看你的队伍在壮大？
It always is with you mercenaries,你们这些雇佣兵总是这样，
And honest men lose their lives!,而老实人却丢了性命！
I had not expected to see you alive mercenary!,我没想到还能见到你活着，雇佣兵！
But you stood up for us on the Zephyr and you saved the lives of some of my men so I'm glad you made it,但你在西风号上为我们挺身而出，还救了我一些弟兄的命，所以我很高兴你活了下来，
Your captain was in the right so I was glad to,你的船长做得对，所以我也乐意帮忙，
Your crew didn't deserve to be slaughtered,你的船员不该被屠杀，
It was a means to an end,那只是达到目的的手段，
"Nonetheless, it did us little good",尽管如此，这对我们没什么好处，
I've never seen anything like that beast before,我以前从没见过那样的野兽，
The way it tore the ship appart?,它把船撕碎的方式？
Something is wrong here!,这里有什么不对劲！
What curse has befallen us?,我们遭到了什么诅咒？
All I know is that we need to work together if we are to survive!,我只知道，要想活下去，我们就得齐心协力！
It's each man for himself now,现在只能各顾各的了，
Back to finish the job?,回来完成工作？
"Well, ship's gone",唉，船没了，
So the captain and most of my mates!,船长和我大多数同伴也是！
But by the depths you won't have me without a fight!,但以深渊之名，我不会束手就擒！
Snow spits at you,斯诺朝你吐口水，
Roland leans in and whispers in a low voice,罗兰凑过来低声耳语，
"Remember, these are guilders",记住，这些是公会的人，
"If the guild finds them and they talk, it'll mean trouble",如果公会找到他们，他们又乱说，那就有麻烦了，
Then a fight you shall have!,那就打吧！
Calm down lest I end you here and now!,冷静点，不然我现在就了结你！
I'm sorry for how it turned out,事情变成这样，我很抱歉，
A gaunt-faced man that looks like he's spent more years at sea than ashore stands before you,一个面容憔悴、看起来在海上待的年头比在陆地上还多的男人站在你面前，
"If you recall, this was the Zephyr's first mate",如果你还记得，这是西风号的大副，
You remember his crewmates calling him 'Snow',你记得他的船员同伴叫他“斯诺”，
He glares at you with a set jaw and clenched fists,他咬紧牙关，握紧拳头，怒视着你，
He offers a smile that doesn't quite reach his eyes as you apporach,当你走近时，他露出一个笑意未达眼底的微笑，
Greet the man,向那人打招呼，
I've never seen anything like it,我从没见过这样的东西，
There are beasts in the depths but nothing like this!,深渊里有野兽，但从没有这样的！
It was like something out of a sailors nightmare!,简直就像水手噩梦里的东西！
"Blessed dead, how will we ever get off this island?",祝福的死者啊，我们到底要怎么离开这座岛？
There’s safety in numbers and every face from the old crew that turns up in camp here is a boon,人多力量大，每一个出现在营地里的老船员都是好事，
Especially considering how many were lost,尤其是考虑到我们失去了那么多人，
"In any case, I hear from the crew that you’ve been doing good work!",不管怎样，我听船员说你干得不错！
"We haven’t much, but we scraped together a small bag of gold for you",我们没什么东西，但还是凑了一小袋金币给你，
"Snow hands you a small, worn pouch of coins",斯诺递给你一个破旧的小钱袋，
"That being said, it appears it might be too soon for celebration",话虽如此，看来现在庆祝还为时过早，
Aye - that they did,是啊，他们确实做到了，
And it cost the lives of many a good man,而这让许多好人丢了性命，
"The man looks at you for a moment and his eyes begin to water from sorrow, anger and exhaustion",那人看了你一会儿，他的眼睛因悲伤、愤怒和疲惫而开始湿润，
Why did you do it?,你为什么要这么做？
Gold?!,金币？！
She was such a fine ship!,她曾是那么出色的一艘船！
And us crewmen - we were like brothers!,而我们船员——我们就像兄弟一样！
And now both ship and men lie broken on these cursed cliffs!,而现在，船和人都在这些被诅咒的悬崖上支离破碎！
It was just a job,那只是一份工作，
Things got out of hand,事情失控了，
You had it coming,你们是自找的，
Sorry are you?,你很抱歉？
Tell that to men who were dragged under by that leviathan!,去跟那些被利维坦拖下深渊的人说吧！
Tell that to the guild when they hear of this!,等公会听说这事，你去跟他们说吧！
Calm down man!,冷静点，伙计！
You leave me no choice!,你让我别无选择！
A small group of exhausted figures sit huddled around a small campfire,一小群疲惫的身影蜷缩在一小堆篝火旁，
You recognize them immediately as a small group of survivors from the Zephyr,你立刻认出他们是西风号的一小群幸存者，
One of them suddenly notices you and the men stumble to their feet; Some grasping for makeshift weapons and others looking around for a way to flee!,其中一人突然注意到你，那些人踉跄着站起来；有些人抓起临时武器，另一些人则四处张望寻找逃跑的路！
"One of the men suddenly notices you and the men stumble to their feet, smiling at you and waving you over to their meager fire",其中一人突然注意到你，那些人踉跄着站起来，朝你微笑，挥手让你到他们微弱的火堆旁，
Approach peacefully,和平地靠近，
Calm down?,冷静？
I say there's one of you and more of us!,要我说，你只有一个人，我们人多！
Of that I have no doubt,对此我毫不怀疑，
"But if there is at least a shred of decency left in you, I'll beg this small favor",但如果你还有一丝良知，我恳求你帮个小忙，
"Aye, there is no disagreeing with this",是啊，这没什么好不同意的，
Though my men and I have naught to offer save our fire and what shelter these huts may provide,虽然我和我的人除了这堆火和这些棚屋能提供的遮蔽之外，没什么可给你的，
"There are beds inside if you require, but little else",如果你需要，里面有床，但别的就没什么了，
There is one last thing,还有最后一件事，
A favor I'd ask of you,我想请你帮个忙，
"You may have already seen her, but a portion of the Zephyr lies upon the shore up along the coast north-west of here",你可能已经看到了，西风号的一部分船体就搁在西北方向沿岸的岸上，
It breaks my heart to see the old girl like this,看到老姑娘这副模样，我心都碎了，
"See, our duty to her doesn’t end with her sinking",你看，我们对她的责任并不会随着她的沉没而结束，
She’s still the property of the Guild,她仍然是公会的财产，
As is any cargo she was carrying,她运载的任何货物也是，
We were unable to get to her before but the tides seem to have shifted her now and I sent a small group out there to see if they couldn’t find a way into her,我们之前没法靠近她，但现在潮水似乎把她冲动了，我派了一小队人去那里，看看能不能找到进去的路，
And?,然后呢？
Snow looks down,斯诺低下头，
That was hours ago,那是几个小时前的事了，
Too long,太久了，
Something’s wrong or they would be back by now,出事了，不然他们现在早该回来了，
"Now, you’ve done a lot for us and I’m almost afraid to ask for more but I need to know what happened to my boyos",现在，你为我们做了很多，我几乎不敢再要求更多，但我需要知道我的兄弟们出了什么事，
Snow looks at you pleadingly,斯诺恳求地看着你，
Dead bless you,死者保佑你，
"As I said, the wreckage lies just a few hundred yards up the coast",就像我说的，残骸就在沿海岸往北几百码的地方，
Watch your back and be ready for anything,小心背后，做好一切准备，
More bloodshed,更多的流血，
I fear this island may be the end of us all yet,我担心这座岛最终会是我们所有人的葬身之地，
At least the wreckage might be safe enough to explore now,至少现在残骸可能足够安全，可以探索了，
The supplies she carries may keep us going for weeks,她运载的补给可能够我们撑好几个星期，
I’m ashamed to say I have nothing to offer you besides the promise that the Nautical Guild will not forget your service,我很惭愧地说，除了航海行会不会忘记你的帮助这个承诺之外，我没什么可给你的，
A lifetime under the mast is thanks enough for a Guilder isn’t it?,一辈子在桅杆下生活，对一个公会成员来说就是足够的感谢了，不是吗？
Kat offers sarcastically,卡蒂讽刺地说道，
Good bye,再见，
#Chapter1WreckSpotted,第一章 发现沉船
The ship is utterly shattered with its hull broken in half,船体彻底碎裂，船身断成两半。
It seems impossible that the ship would have remained afloat for long enough to settle on these cliffs in its current condition,以这艘船目前的状态，它似乎不可能在海上漂浮足够长的时间，最终搁浅在这些悬崖上。
It’s almost as if something placed it here,简直就像是什么东西把它放在这里一样。
"Though for what reason, you can only guess","""至于原因，你只能猜测。"""
You spot a makeshift plank bridge leading up into the shattered hull,你发现一座临时搭建的木板桥，通向破碎的船体。
"As far as you can tell there is currently no way into the ship, though that may change as it shifts in the tides",就你目前所见，现在还没有办法进入船内，不过随着潮汐变化，情况可能会改变。
"Laying ahead of you like some gargantuan beached sea-creature, are the smashed remains of the Zephyr",西风号的残骸横陈在你面前，就像一头搁浅的巨型海兽。
You shudder to think of the monstrosity that caused the demise of the once-elegant ship,一想到导致这艘曾经优雅的船只毁灭的怪物，你就不寒而栗。
What manner of terror was that creature?,那究竟是怎样一种恐怖生物？
Kat muses as if reading your mind,卡蒂若有所思，仿佛看穿了你的心思。
#Chapter1ZephyrSurvivors,#第1章西风号幸存者
One of the wretched surviors from the Zephyr,西风号上可怜的幸存者之一
"The man looks torn, tattered and exhausted",这个男人看起来衣衫褴褛、疲惫不堪
As you approach the sailor shrinks back in terror whilst avoiding your gaze,当你靠近时，水手恐惧地退缩，同时避开你的目光
Talk to Snow if you want something,如果你想找斯诺，就和他谈谈
"As you approach the sailor offers a tired, but grateful smile",当你靠近时，水手露出了疲惫但感激的微笑
# Chapter_2_Horryn,章节2_霍林
#Chapter2HorrynCastleMainHall,#第二章霍林城堡主厅
"Ahead, three figures clad in tattered robes sit bound and kneeling",前方，三个身穿破烂长袍的人被绑着跪在地上
One is sobbing loudly and the second sits trembling in a puddle of his own piss,一个在大声啜泣，另一个坐在自己的尿液中瑟瑟发抖，
"The third however, face covered by a hood, seems more composed - and familiar",然而第三个，脸被兜帽遮住，看起来更镇定——而且有些眼熟
"Slowly, from the shadow something emerges",慢慢地，从阴影中有什么东西浮现出来
Twice the size of a man yet oddly graceful the being is utterly alien in every fashion,这个生物有两人高，却出奇地优雅，在各方面都完全异于常人，
"You have no doubt you, at last, find yourself in the presence of ‘Father’",你毫不怀疑，你终于来到了‘【父亲】’面前
"The Father-beast stalks over to the first captive, all the while breathing heavily and wheezing as if not accustomed to breathing air",父兽大步走向第一个俘虏，同时沉重地喘息着，仿佛不习惯呼吸空气
"Slowly, its four-fingered hand reaches out towards the man’s head, grasping it as easily as a grown man would grasp an apple",慢慢地，它四指的手伸向那人的头，像成年人抓苹果一样轻松地抓住
"It pulls the poor wretch close and for a moment, its horrible yellow eyes seem to peer into the man’s mind",它将这个可怜虫拉近，有那么一瞬间，它可怕的黄色眼睛似乎窥视着那人的思想
"The creature emits a strange trilling sound and then, with terrifying ease, crushes the man’s skull like an egg",这个生物发出一种奇怪的颤音，然后以可怕的轻松，像捏碎鸡蛋一样捏碎了那人的头骨
The creature moves down the line and the process repeats,这个生物沿着队列移动，过程重复，
"Once again, it gazes deeply into the eyes of the terrified prisoner almost as if it is looking for something",它再次深深地凝视着惊恐的囚犯的眼睛，几乎像是在寻找什么，
Cry out,喊出声来，
But once again the wretch is found wanting,但又一次，这个可怜虫被发现有欠缺，
"Fragments of brain and skull, spray across the hall",脑浆和头骨碎片飞溅在大厅里，
Your attempt to cry out sticks in your throat,你想要喊叫的尝试卡在喉咙里，
'Father' stalks down the line to the final victim,‘【父亲】’沿着队列走向最后一个受害者，
The beast lets out a strange trilling sound as it fixes its gaze on the third person,这个野兽发出奇怪的颤音，同时将目光锁定在第三个人身上，
"For the first time you notice that unlike the others, she’s not bound at the wrists",你第一次注意到，与其他人不同，她的手腕没有被绑住
With steady hands she pulls back her hood and even with all the years past you immediately recognize her,她用稳健的双手拉下兜帽，即使过了这么多年，你立刻认出了她，
Embla,恩布拉，
"As if sensing your presence, she turns her head slightly towards you",仿佛感知到你的存在，她微微转头朝向你
Even in the dim light you get a feeling that she’s smiling,即使在昏暗的光线中，你感觉她在微笑，
Then the creature looms over her,然后那个生物笼罩在她上方，
The creature’s eyes go wide as it reaches towards her,当它向她伸手时，它的眼睛睁大了，
"If it was searching for something, it must have found it!",如果它一直在寻找什么，那它一定找到了！
"Roaring in triumph, it lunges but at the moment of impact the room instead explodes with white light",它胜利地咆哮着，猛扑过去，但在撞击的瞬间，房间反而爆发出白光
The heavy metallic smell of ozone mixes with the stench of burned flesh as the creature staggers backwards clutching its eyes in pain!,沉重的金属臭氧味与烧焦肉体的恶臭混合在一起，那个生物痛苦地抓着双眼踉跄后退！
Embla collapses on the floor as the surrounding cultists howl in shock and terror,恩布拉倒在地板上，周围的邪教徒们惊恐地嚎叫，
Most flee in wild panic whilst a handful instead scramble for weapons to stand in defense of their wounded master,大多数人在狂乱中逃跑，而少数人则争抢武器，以保卫他们受伤的主人，
"The creature may have been temporarily blinded but flailing wildly in insane rage, it’s mad with rage and none the less formidable",这个生物可能暂时失明了，但在癫狂的愤怒中疯狂挥舞，它怒不可遏，依然令人生畏
# Chapter_3_Horryn,# 章节_3_霍林
# Chapter_3_HorrynCastle,# 章节_3_霍林城堡
# Chapter_3_HorrynCrypt,# 章节_3_HorrynCrypt
# Chapter_3_Idra,# 章节_3_伊德拉
# Chapter_4_AdlersHelm,# 章节_4_阿德勒斯海姆
# Chapter_4_Embla,# 章节_4_恩布拉
# Chapter_4_Firgol,# 章节_4_菲尔戈
# Chapter_4_Overland,# 第四章_Overland
# Chapter_4_Priory,# 章节4_修道院
# Chapter_4_TowerOfAsh,# 章节_4_灰烬之塔
# Chapter_4_WeatherMaiden,# 章节_4_天候少女号
# Chapter_5_StarStriderShip,# 章节_5_星际漫游者飞船
#DeadSmugglerJournal,#死去的走私者日志
I hate these jobs,我讨厌这些活儿
Dropped off and told to guard the cargo until the next ship picks you up,被丢下并被告知要守卫货物直到下一艘船来接你
And in this bloody cave no less,而且还是在这个该死的洞穴里
I sometimes think the Imperial dungeons would be preferable,我有时觉得帝国地牢都比这好
Read on,继续读
Leave,离开
We spent some time exploring the cave today and it seems there is a side tunnel,今天我们花了一些时间探索这个洞穴，似乎有一条侧道
"It's blocked off but if we had a pickaxe, I'm certain we could clear in with ease",它被堵住了，但如果我们有一把镐子，我肯定能轻松清理开
Bryn says the area gives him the chills and that we better keep away,布林说那个地方让他毛骨悚然，我们最好离远点
Coward!,胆小鬼！
Golden dead!,黄金死尸！
Bryn got attacked by a crab the size of a warhound today!,布林今天被一只战犬大小的螃蟹袭击了！
Nearly took his leg off!,差点咬掉他的腿！
Neither of us have seen anything like it before and we can only pray it was alone!,我们俩以前都没见过这样的东西，只能祈祷它是独自一只！
Hope the ship won't be delayed much longer,希望船不会再延误太久
Bryn is gone,布林死了
Tore him up they did!,他们把他撕碎了！
No way out and no one is coming for me!,没有出路，也没有人来救我！
Light is failing,光线在消失
Mother,母亲
"Tore him up, they did!",他们把他撕碎了！
#DELUXEMerchantScene,#DELUXEMerchantScene
An old man looks you carefully up and down as if evaluating some farm animal,一位老人仔细地上下打量着你，仿佛在评估某种农场动物。
You find him somewhat unnerving,你觉得他有些令人不安。
"Decrepit as he appears, there is nonetheless some unnatural vitality upon him",“尽管他看起来老态龙钟，身上却有着某种不自然的活力，”
Magic no doubt,无疑是魔法。
What are you doing?,你在做什么？
"Why, I’m examining you",“哦，我在审视你。”
There is something about you,你身上有些特别之处。
A sheen of sorts,一种光泽。
Something in your past - or perhaps your future?,你过去的一些事——或者也许是你的未来？
I cannot tell,我说不准。
That is indeed the question” the man answers obtusely,“这确实是个问题。”老人含糊其辞地回答。
He squints and strokes his beard as if trying to remember some long lost memory,他眯起眼睛，捋着胡须，仿佛在努力回忆一段久远的记忆。
You may call me Malachai,你可以叫我马拉凯。
I am a purveyor of sorts,我是个某种意义上的供应商。
"Say, you strike me as one who might be on the lookout for exotic ware?",“我说，你给我的印象是那种可能在寻找奇珍异货的人？”
Ask about Trade,询问交易。
The fated one returns,命运之人归来了。
"What will they ask of old Malachai, I wonder",“他们会向老马拉凯询问些什么呢，我很好奇。”
Feast your eyes on my selection of wondrous items,尽情欣赏我精选的奇妙物品吧。
#DemoOver,#试玩结束
End of the Demo,试玩版结束
You’ve reached the end of the demo for now!,你已到达试玩版的结尾！
Feel free to continue exploring the starting area and please take the time to wishlist our game on your preferred platform!,请随意继续探索起始区域，并请花时间在你喜欢的平台上将我们的游戏加入愿望单！
Thank you so much for playing and keep supporting this project,非常感谢你的游玩，请继续支持这个项目
It truly is a labor of love for all of us!,这确实是我们所有人的热爱之作！
Anders,Anders
#Dog,#狗
The dog sniffs at you expectantly,狗期待地嗅着你，
Pet the dog,抚摸狗，
It happily wags its tail as you pet it,当你抚摸它时，它高兴地摇着尾巴，
#EmblaExplains1,#恩布拉的解释1
Heresy,异端
There are powerful men who would burn us alive at the very mention of it,光是提及它 就有权贵会想将我们活活烧死
"They have known about it for a long time, the courts of the Magi",法师议会早就知晓此事，由来已久
It is the nightmare they want to close their eyes and pretend doesn’t exist,那是他们想闭上眼假装不存在的噩梦
Not here,不在此地
We’ve already lingered for too long and I've said too much,我们已经逗留太久 我说得也太多了
We better move on for now and talk more once we leave Idra behind,我们最好先赶路 等离开伊德拉再细谈
"As mankind has ever ruled the land, there are far older and more sinister things that rule the depths of the ocean",正如人类向来统治陆地，在海洋深渊中，盘踞着远比人类古老而邪恶的存在
Ancient things with utterly alien minds,心智全然异于常人的古老存在
"The Deep-Ones are drawn here, like flies to carrion, and now they too have their terrible eyes fixed on Gradla",深潜者被吸引至此，如蝇逐腐，如今它们也将可怖的目光锁定了格拉德拉
Is that why the Reavers were sending people to Gradla?,这就是劫掠者把人送往格拉德拉的原因？
The Reavers serve the gods that their ancestors worshiped here in the Outer Isles,劫掠者侍奉的是他们祖先曾在外岛群膜拜的神祇
A faith that had lain dormant for millennia,一种沉寂了数千年的信仰
"As the conjunction approached, they were reminded of old allegiances and old, terrible ways",随着交汇临近，他们想起了古老的盟约，以及古老而可怖的旧习
Conjunction?,交汇？
What does that mean?,那是什么意思？
Embla smiles,恩布拉微微一笑
I promise there will be time for more questions once we are safe,我保证 等我们安全之后 有的是时间解答更多疑问
"For now, I’m truly happy it’s you by my side here at the edge of madness",眼下，在这疯狂的边缘有你相伴，我由衷地高兴
"Now, let’s finish gathering supplies and then make our way to Iago",现在，让我们收齐补给，然后去找伊阿戈
"Time unfortunately, is working against us",不幸的是，时间对我们不利
"Now, we must make haste in finding a ship and crew to bear us to Gradla",眼下，我们必须尽快找到一艘船和船员，载我们前往格拉德拉
And you ventured forth,于是你毅然出发
Lord Cato offered me a substantial amount of money to rescue you,卡托领主出了一大笔钱 让我来救你
That is all,仅此而已
"You know as well as I, my family has a debt of honor to yours",你我都清楚，我的家族对你们家负有荣誉之债
I’ve known you since we were small children,我们自幼相识
How could I not come?,我怎能不来？
"I’m sure that if we make it back, my dear father will indeed drown you in gold",我敢肯定，等我们回去，我亲爱的父亲定会用金子淹死你
"For now, some answers will do!",眼下，先回答几个问题就行！
Embla’s face becomes severe,恩布拉脸色一沉
"Your family is tied to mine but believe me when I say, it is not by duty",你的家族与我的家族紧密相连，但相信我，这并非出于义务
There are forces at work here that I’m only beginning to understand,有股力量在此运作 我才刚刚开始理解
You have to give me something!,你总得告诉我点什么！
I appreciate that old friend,感激不尽 老朋友
"Nonetheless, I would say we are always going to end up standing here",话虽如此，要我说，我们终究会站在这里
We have before and we will again,我们曾经如此 将来也会如此
There you go again!,你又来了！
What does that even mean?,那到底是什么意思？
I need some answers,我需要答案
"Unceremoniously, Embla sets off at a brisk pace",恩布拉毫不客气地迈开轻快的步伐出发了
We should venture to be as well prepared as possible before leaving Idra,我们应该在离开伊德拉之前 尽可能做好准备
"Any supplies we need, now is the time to get them",任何我们需要的补给，现在正是获取的时候
A bizarre thought crosses your mind,一个怪异的念头掠过你的脑海
It’s like she’s an actor playing out a scene she’s performed a hundred times before,她就像个演员 在演一出已经演过上百遍的戏
We need to put all our effort into finding a captain that will take us off the island,我们必须全力寻找一位能带我们离开这座岛的船长
Markus talked about the sea-cave on the island’s north-western coastline,马库斯提到过岛西北海岸线上的海蚀洞窟
"What, no 'thank-you'?",怎么，连句‘谢谢’都没有？
"Embla, stop!",恩布拉，站住！
I'm not leaving until I get some answers,得不到答案 我绝不离开
And we have much to talk about,而且我们有很多话要谈
Though I may have fewer answers than you would have preferred,虽然我能给出的答案 可能比你期望的要少
"Worse yet, I fear what answers I do have, you will wish you had never gotten",更糟的是，我担心我给出的答案，你会宁愿从未听过
Embla looks around,恩布拉环顾四周
Her voice drops,她压低了声音
"Sadly, we are much less safe here in Horryn than Markus would like to believe",可悲的是，我们在霍林远不如马库斯以为的那样安全
I’ll answer what I can now but most things should wait until we are far away from here,我现在能答的都会答 但大部分事情得等我们远离此地再说
Are you still afraid of the Reavers?,你还怕劫掠者吗？
Them least of all,他们最不值得怕
But there are other forces far older and more powerful than the Reavers with their eyes fixed on the Outer Isles,但有其他远比劫掠者古老而强大的势力 正盯着外岛群
Let’s just be careful,我们小心为上
Embla turns around and blinks,恩布拉转过身 眨了眨眼
For a moment it’s almost as if she’s seeing you for the first time,有那么一瞬间 她仿佛是第一次见到你
My mind is a bit scattered these days,这些天我思绪有些散乱
Your resourcefulness in finding me never ceases to amaze me,你总能找到我 这份机智永远令我惊叹
Then again it’s always been that way,不过话说回来 向来如此
She offers a tired smile,她露出疲惫的微笑
Day-dreamer,白日梦想家
Star-Child,小星星
I’ve no time for sentimental dribble!,我没时间听你絮叨煽情！
I want answers!,我要答案！
Lord Cato summoned me,卡托领主召见了我
Told me you were missing,告诉我你失踪了
Without you I would be left in the darkness of the keep to suffer an infinite number of gruesome fates,没有你 我就会被遗弃在城堡的黑暗中 遭受无穷无尽的可怕命运
Over and over,一次又一次
You’re the only one who can find me and drag me back into the light,唯有你能找到我 将我拖回光明之中
It has to be you - and for that I am glad… ‘Day-Dreamer’,必须是你——对此我很庆幸……‘白日梦想家’
I don’t understand! ‘Infinite’?,我不明白！‘无穷无尽’？
Reality itself is becoming undone around us,我们周围的现实本身正在瓦解
We cannot escape it so instead we must seek the eye of the storm,我们无法逃脱 所以必须寻找风暴眼
There is something there that beckons,那里有东西在召唤
Embla interrupts herself and looks around suspiciously,恩布拉打断自己 警惕地环顾四周
And that 'Father' thing?,还有那个‘【父亲】’是怎么回事？
Terror stalks the seas around Idra and I suspect you have seen it as well,恐怖在伊德拉周围的海域游荡 我猜你也见过了
I believe a fast ship and a skilled captain can allow us to move around within the Outer Isles but there is no way for us to brave the high seas and reach the mainland,我相信一艘快船和一位老练的船长能让我们在外岛群之间移动 但我们绝无可能闯过远海抵达大陆
What’s more,更何况
Embla looks towards the sky,恩布拉望向天空
Stars aren’t right,星象不对
Embla mumbles almost to herself,恩布拉近乎自言自语地喃喃道
I’m not even sure it would be possible to reach,我甚至不确定能否抵达
She shakes her head as if clearing out unwelcome thoughts,她摇摇头 仿佛要甩掉不快的念头
The point is moot,这问题毫无意义
We must reach Gradla or perish trying,我们必须抵达格拉德拉 否则宁可死在途中
What is happening here?,这里到底发生了什么？
I don't understand it!,我不明白！
Then let's get going,那我们出发吧
"So, ask what you will but mind your surroundings",那么，尽管问吧，但留心周围
What’s really going on here Embla?,恩布拉 这里究竟发生了什么？
We should just find a ship and make for the mainland!,我们应该找艘船直奔大陆！
Let's just get going,我们这就出发吧
You remembered,你记得
"Then again, this is like those times back at my father’s villa",话说回来，这就像当年在我父亲的庄园里
You chasing me through the maze,你在迷宫中追逐我
Her face darkens,她的脸色沉了下来
"At least then, we always knew what lay at the center",至少那时，我们总知道中心有什么
I have so many questions,我有太多疑问
#EnteringHorryn,#进入霍林
"The gates stand conspicuously open, and you step carefully through into the ghost-town",大门明显敞开着，你小心翼翼地踏入这座鬼镇，
"As if in greeting, a swarm of vermin pours out of every doorway and crevice towards you, covering the street in a mangy, skittering carpet",仿佛在迎接你，虫群从每个门口和缝隙涌出，向你扑来，铺满街道，形成一张肮脏、窸窣作响的地毯，
"You set your feet, ready to meet the living tide - but the rats part, scurrying past you and out beyond the gates",你站稳脚跟，准备迎击这活生生的潮水——但鼠群分开了，从你身边窜过，涌出大门外，
Sewer rats,下水道老鼠，
So why are they all above ground?,那它们为什么都跑到地面上来了？
And in such a hurry,还这么匆忙，
Roland asks as he stomps on a stray rodent,罗兰一边踩着一只离群的啮齿类，一边问道，
Driina wades unperturbed into the tide of vermin,德莉娜毫不畏惧地涉入虫群之潮，
Our path leads through this sea of filth!,我们的道路穿过这片污秽之海！
Onwards!,前进！
"From the stink of them, you guess they're sewer rats",从它们的臭味判断，你猜它们是下水道老鼠，
You wonder what could have driven them above ground in such numbers,你纳闷是什么驱使它们如此大规模地跑到地面上来，
#EvilMercs,#邪恶佣兵
A group of warriors dressed in drab armor with crudely painted wolf skulls on their chests,一群身穿暗色护甲、胸前粗糙地画着狼骷髅的战士
They are picking their way through the rocky terrain like prowling felines and you have no doubt these are killers who excel at their job,他们像潜行的猫科动物一样在岩石地形中择路而行，你毫不怀疑这些是擅长本职的杀手
#FirgolBarkeepScene,#FirgolBarkeepScene
He rubs his hands together in glee!,他高兴地搓着手！
Oh yes!,哦，是的！
It’s an old tradition that goes back as far as anyone can remember where the Baron of Firgol invites all us common folk up to the manor to feast,这是一个古老的传统，可以追溯到任何人能记得的时候，菲尔戈尔男爵邀请我们所有平民到庄园去赴宴，
If you go up there and ask around a bit I’m sure you could come too!,如果你去那里打听一下，我相信你也可以来！
If you offer to lend a hand that is,当然，前提是你愿意帮忙，
Manor lies north-west of the village - just across the river,庄园在村庄的西北方——就在河对岸，
And you said something about cider?,你刚才提到了苹果酒？
"Ari, the brewer, makes the best cider this side of the Sea-Gates!",“酿酒师阿里酿的苹果酒是海之门这边最好的！”
His brewery is up behind the general store,他的酿酒坊在杂货店后面，
Though he might be a bit on the busy side with the Carnivale and all,不过他可能因为狂欢节什么的有点忙，
Carnivale?,狂欢节？
It’s been quiet as ever and that’s the way we like it here,这里一如既往地安静，我们就喜欢这样，
Well unless you count the Carnivale preparations of course,当然，除非你把狂欢节的准备工作算上，
So no unrest here?,那么这里没有动荡不安？
Well we did have Mary’s goat run off and knock over that pail of milk last week if that’s what you mean?,嗯，上周玛丽的山羊跑掉并打翻了一桶牛奶，如果你指的是这个的话？
"But that was mostly funny, mind you",“不过那主要是好笑，提醒你一下”
"A jovial, red-faced man greets you enthusiastically",“一个快活、红脸膛的男人热情地迎接你”
Hello-hello and welcome to Firgol!,你好你好，欢迎来到菲尔戈！
Bernard’s my name!,我叫伯纳德！
I’ve not seen your face around here!,我没在这附近见过你！
Come for the Carnivale?,是来参加狂欢节的吗？
Or perhaps the cider?,还是为了苹果酒？
I just had some questions,我只是有些问题，
Cider?,苹果酒？
Coming right up!,马上就来！
"So, how are things in Firgol?",“那么，菲尔戈的情况怎么样？”
Let's see what's on the menu!,让我们看看菜单上有什么！
Have you heard about something called the 'Tower of Ash'?,你听说过一个叫“灰烬之塔”的地方吗？
What can I get you?,我能给你来点什么？
Lets talk a bit!,我们聊会儿吧！
I have indeed!,我确实听说过！
"It lies north of here, on the other side of the bay",“它在北边，海湾的另一边”
"Strange old hermit lives there, they say",“他们说，有个古怪的老隐士住在那里”
He keeps away from us so we keep away from him,他避开我们，所以我们也不去打扰他，
#FirgolBarmaidScene,#菲尔戈尔酒吧女侍场景
#FirgolBaronesseScene,#菲尔戈尔男爵夫人场景
Kat lets out a small squeal of joy,卡蒂发出一声小小的喜悦尖叫
I knew you couldn’t turn down a chance for some fun!,我就知道你无法拒绝找点乐子的机会！
The Dead knows we could all do with something to take our mind off all the bleakness!,亡灵知道，我们都需要点什么来分散对这一切阴郁的注意力！
"Even Roland, it seems, can’t help but smile at the prospect of a night of some light debauchery",“看来就连罗兰，也忍不住对一夜轻松的放荡露出微笑”
The Baroness exclaims contently,男爵夫人满意地喊道
"With you to aid us, we shall be done in no time!",“有你帮忙，我们很快就能完成！”
"Now, pay attention!",“现在，注意听！”
Embla offers a tired smile in return,恩布拉回以一个疲惫的微笑
We have much work to do and Gradla beckons me,我们还有很多工作要做，格拉德拉在召唤我
But perhaps,但也许
Perhaps a small bit of respite would do us good before we press on?,也许在我们继续前进之前，稍微休息一下对我们有好处？
Just so long as we don’t tarry for too long,只要我们不耽搁太久
Roland?,罗兰？
We'll help!,我们会帮忙！
Roland sighs,罗兰叹了口气
So much death and dying,这么多死亡和垂死
I’m tired,我累了
"If we are to venture into the jaws of madness, I’d like to be able to get shit drunk at least once before we go",“如果我们要闯入疯狂之口，我希望至少能在出发前喝个烂醉一次”
Oh my,哦天哪
"I dare say things are as they have always been, no?",“我敢说事情一如既往，不是吗？”
Are you sure this isn’t just the grumblings of a few malcontents?,你确定这不只是几个不满者的牢骚吗？
It didn't seem like 'grumblings' when Horryn was razed,霍林被夷为平地时，可不像是“牢骚”
"You m'lady, are off your rockers",“夫人，您真是疯了”
"Well, if things are indeed a bit on the busier side as of late, I’d venture that there’s nothing people need more than a party to take their minds off the drab monotony of everyday-life",“好吧，如果最近事情确实有点忙，我敢说人们最需要的莫过于一场派对，让他们从日常生活的单调乏味中解脱出来”
Wouldn’t you say?,你不这么认为吗？
Perhaps you're right,也许你是对的
How's the planning going?,计划进行得怎么样了？
So what you’re saying is you and your friends would eat and feast while the peasantry suffers?,所以你的意思是，你和你的朋友们会在农民受苦时大吃大喝？
You must hurry up my dear!,你得快点，亲爱的！
The Carnivale is contingent upon your diligence,狂欢节取决于你的勤勉
Do think of the children!,想想孩子们！
Your task is simple,你的任务很简单
Our Carnivale is dependent on the work of some of our beloved villagers,我们的狂欢节依赖于我们一些亲爱的村民的工作
They may have clever hands but they are a bit on the lazy side,他们可能手巧，但有点懒惰
She chuckles,她轻笑道
And you want me to offer them my aid?,你想让我去帮助他们？
"Talk to Ari the brewer, Camilla the weaver and Klara the cook",“去找酿酒师阿里、织布工卡米拉和厨师克拉拉谈谈”
Offer them your help so we might expedite their tasks,向他们提供帮助，以便我们加快他们的任务
Give them my warmest greetings and remind them that the Carnivale is nigh,代我向他们致以最热烈的问候，并提醒他们狂欢节临近了
"Oh, and do try not to mention anything about the surprise",“哦，还有，尽量别提惊喜的事”
I positively can’t wait to see their faces!,我简直迫不及待想看到他们的表情！
"Now my lovely, be on your way!",“现在，亲爱的，出发吧！”
We shall await your return,我们将等待你的归来
"An elderly noble woman and a robed, portly man stand in front of the villa’s gate, discussing enthusiastically",“一位年长的贵族妇女和一个穿长袍、肥胖的男人站在别墅大门前，热烈地讨论着”
And we shall flank the road with torches for the procession!,我们将在道路两旁点燃火把，为游行队伍照明！
"And as they enter the grounds, my hand-maidens shall place wreaths upon their heads!",“当他们进入场地时，我的侍女们将把花环戴在他们头上！”
And they shall have their libations as soon as they enter!,他们一进门就能喝到酒！
Not a throat shall be dry for the Carnivale!,狂欢节上，没有一个人会口渴！
The man vigorously nods and takes notes,男人用力点头并做记录
Yes m’lady!,是的，夫人！
Splendid idea!,绝妙的主意！
"Well, well Henry, what have we here?",“哎呀，亨利，看看这是谁？”
More revelers come to partake in our great Carnivale!,更多的狂欢者来参加我们盛大的狂欢节！
Grrrreetings my adorable vagabonds!,问~候你们，我可爱的流浪者们！
I bid thee welcome to the estates of the Baron of Firgol,我欢迎你们来到菲尔戈尔男爵的庄园
"I am his wife, the Baroness Griselda, and this sweet-cake of a man is our majordomo",“我是他的妻子，格丽塞尔达男爵夫人，这位甜心般的男人是我们的管家”
Henry Flagstone,亨利·弗拉格斯通
Henry offers several enthusiastic bows,亨利热情地鞠了几躬
Do you mean to say you are not here for the Carnivale?,你的意思是你们不是来参加狂欢节的？
Oh what delicious irony!,哦，多么美妙的讽刺！
The Baroness offers a snorting laugh that seems oddly out of place for a lady of her station,男爵夫人发出一声哼笑，这笑声对于她这样地位的女士来说显得格格不入
"You see, my dear husband and I have taken it upon ourselves to arrange a magnificent feast",“你看，我亲爱的丈夫和我主动安排了一场盛大的宴会”
A Carnivale where one might eat and drink and say farewell to the sufferings of the flesh!,一个狂欢节，人们可以吃喝，告别肉体的苦难！
There is even an added surprise this year that is sure to elevate the spirits and enlighten the minds of all those who are fortunate enough to attend!,今年甚至还有一个额外的惊喜，一定会提升所有有幸参加者的精神，启迪他们的心灵！
The Outer Isles are thrown into chaos and you throw a party?,外岛群陷入混乱，你们却举办派对？
How delightful!,多么令人愉快！
Tell me more!,再多说点！
Typical nobles,典型的贵族
Eating and feasting while the peasantry starve!,农民在挨饿，他们却大吃大喝！
Surprise?,惊喜？
The Baroness puts on a face of exaggerated sadness,男爵夫人装出一副夸张的悲伤表情
My dear traveler,我亲爱的旅行者
There is a patina of world-weariness over you,你身上笼罩着一层厌世的倦怠
A certain odor one might even say,甚至可以说有一种气味
Won’t you please reconsider?,请你重新考虑一下好吗？
I'll help!,我会帮忙！
Kat steps between you and the baroness,卡蒂走到你和男爵夫人之间
Are you not hearing this?,你没听到吗？
Food!,食物！
Drink!,饮料！
Entertainment!,娱乐！
"We’ve been up to our knees in blood and shit and filth and, by the Magis’ balls, who knows when we’ll have a chance like this again!",“我们一直泡在血、屎和污秽里，以魔法师的蛋蛋起誓，谁知道我们什么时候还能有这样的机会！”
Kat grabs you by the shoulders and leans in,卡蒂抓住你的肩膀，凑近你
Make,让
This,这
Happen,发生
"My dear, is your head made of marzipan?",“亲爱的，你的脑袋是杏仁糖做的吗？”
An adorable little marzipan piglet with a marzipan head made from eggs and almonds and powdered sugar?,一只可爱的小杏仁糖猪，脑袋是用鸡蛋、杏仁和糖粉做的？
I can’t be bothered to repeat myself - surely you keep a journal?,我懒得重复——你肯定有日志吧？
Greetings little one,你好，小家伙
Have you come to call upon me?,你是来找我的吗？
Are your tasks done?,你的任务完成了吗？
Not yet but I'm working on it!,还没有，但我正在努力！
The woman looks taken aback,女人看起来吃了一惊
"My dear, you misunderstand!",“亲爱的，你误会了！”
My husband adores the peasantry of this island!,我丈夫喜爱这个岛上的农民！
Salt of the earth he calls them,他称他们为大地之盐
This feast is for the common folk of Firgol and they're invited one and all,这场宴会是为菲尔戈的平民举办的，他们所有人都被邀请了
It’s a tradition that goes back for generations,这是一个延续了几代人的传统
Once a year the Baron of Firgol would always invite the commoners for a night of feasting and drinking!,每年一次，菲尔戈尔男爵总是邀请平民们参加一夜的盛宴和饮酒！
"I dare say, this year will be a feast to remember - with the surprise and all",“我敢说，今年的宴会将是难忘的——有惊喜什么的”
A night of feast and drink sounds just about right,一夜的盛宴和饮酒听起来正合适
Kat mutters under her breath,卡蒂低声咕哝
So how is the planning going?,那么计划进行得怎么样了？
A surprise indeed!,确实是个惊喜！
"Oh, but I cannot help myself but give you a little morsel - Do promise not to tell anyone!",“哦，但我忍不住要给你透露一点——答应我别告诉任何人！”
The lady leans in conspiratorially,女士神秘兮兮地凑近
My dear husband is putting on a play for the Carnivale!,我亲爱的丈夫正在为狂欢节排演一出戏！
He himself will play the lead role,他将亲自扮演主角
Oh he has such wonders to show us,哦，他有如此奇妙的表演要展示给我们
I’ve never seen him so enthusiastic about anything before,我从没见过他对任何事情如此热情
What kind of play?,什么样的戏？
It will be a grand comedy in three acts!,将是一出三幕的宏大喜剧！
Or… a drama,或者……一出戏剧
Or… well I can’t exactly remember but it will be spectacular in any case!,或者……好吧，我记不太清了，但无论如何都会很壮观！
And how is the planning going?,那么计划进行得怎么样了？
"Well, as it turns out organizing the Carnivale is quite time-consuming",“嗯，事实证明组织狂欢节相当耗时”
In fact I’m a bit overwhelmed with the amount of preparation remaining,事实上，剩下的准备工作让我有点不知所措
As the Baroness dramatically wafts herself with a fan you can’t help but notice that her majordomo rolls his eyes,当男爵夫人戏剧性地用扇子扇着自己时，你不禁注意到她的管家翻了个白眼
"But perhaps the fates have provided for us after all, Henry?",“但也许命运终究还是眷顾了我们，亨利？”
"Oh, isn’t it obvious?",“哦，这不是很明显吗？”
"You seem like a most resolute ragamuffin and I’m sure that if you were to lend a hand, the Carnivale would be under way in no time!",“你看起来是个非常坚定的流浪儿，我相信如果你能帮忙，狂欢节很快就能开始！”
And you would of course join us in the festivities,你当然也会和我们一起参加庆祝活动
The food and drink will be marvelous!,食物和饮料将会非常棒！
Isn’t that just a marvelous idea Henry?,这难道不是个绝妙的主意吗，亨利？
She excitedly claps her hands and Henry agrees so strongly that his jowls flap,她兴奋地拍手，亨利强烈赞同，连腮帮子都抖动了
I really don't know if I have time for this,我真的不知道我是否有时间做这个
What do you say?,你怎么说？
#FirgolBeeHive,#菲尔戈尔蜂巢
This hive is dead and abandoned,这个蜂巢已经死亡并被遗弃了
"Neither bees, nor honeycombs can be found within",里面既没有蜜蜂，也没有蜂巢
You realize the best way of avoiding the little fiends is to dive into the nearby lake,你意识到避开这些小恶魔的最佳方法是跳进附近的湖里
Clever thinking!,聪明的想法！
Your strategic retreat turns into a route as you are hunted down by the swarm in enraged insectoids,你的战略撤退变成了一场溃败，因为你被愤怒的昆虫群追捕
"Though you eventually outrun them, you are left stung and woozy from the sheer amount of poison pumped into your system",尽管你最终甩掉了它们，但大量的毒素注入你的体内，让你被蜇得晕头转向
"You are, however, still alive",不过，你还活着
You carefully lift the top off the hive and peer inside,你小心地掀开蜂巢的顶部，朝里面窥视
Immediately a swarm of angry bees fly out and within seconds you feel the burn of several stings!,立刻，一群愤怒的蜜蜂飞了出来，几秒钟内你就感到了多处蜇伤的灼痛！
They DO sting!,它们真的会蜇人！
I hate bees!,我讨厌蜜蜂！
Iben slaps his neck and brushes his face furiously,伊本拍打着自己的脖子，疯狂地拂过脸庞
Reach inside for the honey,伸手进去取蜂蜜
Use smoke on the bees,对蜜蜂使用烟雾
Reconsider and leave,重新考虑并离开
"Reaching deep into the hive, you pull out a gorgeous honeycomb dripping with rich golden-yellow honey",你把手伸进蜂巢深处，掏出了一块漂亮的蜂巢，上面滴着浓郁的金黄色蜂蜜
"As the smoke effect on the bees begins to wear off, you find it best to make off with your prize",随着烟雾对蜜蜂的效果开始消退，你发现最好带着你的战利品赶紧离开
The hive begins to aggressively buzz as you approach,当你靠近时，蜂巢开始发出猛烈的嗡嗡声
The honey inside suddenly seems much less attractive,里面的蜂蜜突然显得不那么诱人了
"Well, the cook did say that Firgol bees do not sting, yes?",嗯，厨师确实说过菲尔戈尔蜜蜂不蜇人，对吧？
Iben sounds uncharacteristically hesitant,伊本的声音听起来一反常态地犹豫
"Then again, the cook did say that the bees of Firgol do not sting",不过话说回来，厨师确实说过菲尔戈尔的蜜蜂不蜇人
Try to harvest the honey,尝试提取蜂蜜
"Gingerly, you attempt to reach in",你小心翼翼地试图伸手进去
Suddenly something large shifts in the depths of the hive and swarms of large soldier-bees swarm out to attack,突然，蜂巢深处有个巨大的东西动了一下，成群的大型兵蜂蜂拥而出发动攻击
Each sting feels like a red-hot needle and you can’t help but panic!,每一次蜇伤都像一根烧红的针，你忍不住惊慌失措！
Where can you run to get away from the buzzing horde?,你能跑到哪里去躲避这群嗡嗡作响的蜂群？
Flee towards the village,逃向村庄
Flee towards the lake,逃向湖边
Play dead,装死
Playing dead is a terrible way of escaping hundreds of murderous insectoids,装死是逃避数百只致命昆虫的糟糕方法
Your fate is death by acute anaphylactic shock,你的命运是因急性过敏性休克而死亡
"Bursting out from the pile of smoke-stricken bees, comes a single gargantuan individual",从被烟雾熏倒的蜜蜂堆中，冲出一只巨大的个体
"A large swollen body clad in vibrant yellow chitin, iridescent wings and a face that looks unlike any insect you’ve ever seen before",一个庞大肿胀的身体，覆盖着鲜艳的黄色甲壳，彩虹色的翅膀，以及一张你从未见过的昆虫面孔
This must be a queen!,这一定是蜂后！
The creature lets out a tiny albeit terrifying screech and snaps at your fingers with its jaws,这个生物发出一声微小却可怕的尖叫，用下颚咬向你的手指
Ignore queen and get the honey,无视蜂后，去取蜂蜜
Squash the queen,碾死蜂后
Swiftly you grasp the creature,你迅速抓住了这个生物
It easily fills up your entire hand and squirms as you tighten your grip around its thorax,它轻易地填满了你的整只手，当你握紧它的胸部时，它扭动着
Snapping jaws first hiss and then emit a kind of pained wail as the chitin begins to give way,咬合的下颚先是发出嘶嘶声，然后随着甲壳开始破裂，发出一种痛苦的哀嚎
Crushing the creature takes a surprising amount of strength until the exoskeleton collapses with a wet squelch,碾碎这个生物需要惊人的力量，直到外骨骼伴随着湿漉漉的啪叽声塌陷
Gore splatters your face,血污溅了你一脸
Take the honey,取走蜂蜜
You approach the hive and a slight buzzing rises from within,你走近蜂巢，里面传来轻微的嗡嗡声
"Even with your limited knowledge of bees however, you get a strong impression that there is something wrong with the hive",然而，即使你对蜜蜂的了解有限，你也能强烈地感觉到这个蜂巢有些不对劲
Examine the hive,检查蜂巢
"Slowly lifting off the top of the hive, you’re able to look inside",慢慢掀开蜂巢的顶部，你得以看到里面
"There are still plenty of bees left, however they seem slow and lethargic",里面还有很多蜜蜂，但它们看起来行动迟缓、无精打采
"Furthermore, there is no honey in sight",此外，看不到蜂蜜
Examine the bees,检查蜜蜂
Looking around more closely you find several dead bees,更仔细地环顾四周，你发现了几只死蜜蜂
Some clearly belong to the hive in question,有些明显属于这个蜂巢
"A handful of others however, look foreign",然而，另外一些看起来是外来的
Larger and with a vibrant yellow color,体型更大，颜色是鲜艳的黄色
"If you were to guess, you’d say these bees have been fighting bees from another hive",如果要你猜的话，你会说这些蜜蜂一直在和另一个蜂巢的蜜蜂打架
Who are you kidding?,你在骗谁呢？
You know nothing about bees,你对蜜蜂一无所知
"Smartly using the bee smoker, you fill the hive with calming fumes",你巧妙地使用蜜蜂喷烟器，让蜂巢充满了镇静的烟雾
"Before you know it, the buzzing has subsided and you feel confident enough to reach for the honeycombs",不知不觉中，嗡嗡声已经平息，你有足够的信心伸手去取蜂巢了
Reach in,伸手进去
#FirgolBeeKeeperScene,#菲尔戈养蜂人场景
Please don’t hurt me!,请别伤害我！
I’ll give you the bloody smoker,我会把那个该死的蜂烟器给你
Just promise you won’t tell anyone,只要你保证不告诉任何人
Pert sobs,珀特抽泣着
Driina shakes her head,德莉娜摇了摇头
That was uncalled for,这太过分了
Don’t you think this poor fool’s had enough misery?,你不觉得这可怜的家伙已经受够苦了吗？
Hand it over,交出来
No reason to worry about that!,没理由担心那个！
Firgol bees don’t sting,菲尔戈尔蜜蜂不蜇人
"Now, please, just leave me alone!",现在，求你了，别来烦我！
"Listen, there's something wrong with your bees",听着，你的蜜蜂有点不对劲
They seem to be killing each other,它们好像在自相残杀
"If you tell me how I can harvest the honey safely, I'll see if I can't help save your hives as well",如果你告诉我如何安全提取蜂蜜，我也会看看能不能帮你拯救蜂巢
"Well, I’m here helping the Baroness organizing the Carnivale and I can only do that if you tell me how to get to the honey",嗯，我在这儿帮男爵夫人筹备狂欢节，只有你告诉我怎么弄到蜂蜜，我才能继续帮忙
You better help me or I'll be forced to make you!,你最好帮我，否则我就只好强迫你了！
I get going then,那我走了
The man’s lips tremble and his eyes water up,男人的嘴唇颤抖着，眼里噙着泪水
I ‘spose you’re right,我想你是对的
But you have to promise not to tell anyone I helped you!,但你必须保证不告诉任何人我帮了你！
I promise,我保证
Firgol bees do not sting!,菲尔戈尔蜜蜂不蜇人！
And that's the end of it!,这事到此为止！
Please just leave me alone!,求你了，别来烦我！
You better help me or I'll be forced to hurt you!,你最好帮我，否则我就只好伤害你了！
Pert looks around again,珀特又四下张望
"Oh, I shouldn’t be doing this",哦，我不该这么做的
"He sets off at a run and before you know it, he’s gone",他拔腿就跑，一眨眼就不见了
Yes m'lord!,是，大人！
"I can assure you, Firgol honey is the best in the land",我可以向你保证，菲尔戈尔蜂蜜是全境最好的
"Please, go right ahead - the hives are over there",请便吧——蜂巢就在那边
Let me know if you need any help!,需要帮忙的话尽管说！
Yes m'lady!,是，夫人！
But how do I avoid getting stung?,但我怎么避免被蜇呢？
I better be on my way then!,那我最好上路了！
Before you stand one of the ugliest men you have ever seen,站在你面前的是你见过的最丑陋的男人之一
"Already cursed at birth, the man’s appearance is not improved by the numerous bee stings that mar his face",生来就遭诅咒，他的外貌又被脸上无数蜂蜇的伤痕弄得更加不堪
His face contorts into something passing for a smile and he croaks,他的脸扭曲成勉强算是微笑的表情，嘶哑地说
Greetings m'lord,您好，大人
How can I serve?,我能为您效劳吗？
Greetings m'lady,您好，夫人
I'm Pert m'lord,我是珀特，大人
I’m the bee-keeper here in Firgol,我是菲尔戈这儿的养蜂人
I tend the Baron’s bees,我照料男爵的蜜蜂
"He gestures towards the nearby hives and you can’t help but notice that, like his face, his hands are also swollen with bee stings",他朝附近的蜂巢指了指，你不由得注意到，就像他的脸一样，他的双手也因蜂蜇而肿胀
I'm Pert m'lady,我是珀特，夫人
Tough job?,活儿很苦吧？
Hello m'lord,你好，大人
Hello m'lady,你好，夫人
I need to get honey!,我需要弄到蜂蜜！
You need to tell me how I'm going to avoid getting stung,你得告诉我怎么避免被蜇
The man wrings his swollen hands while he thinks,男人一边思索，一边绞着肿胀的双手
"If I give you the smoker, you might be able to… help my bees?",如果我把蜂烟器给你，你也许能……帮帮我的蜜蜂？
"Well, I suppose I can give you the smoker if you promise not to tell anyone!",好吧，我想我可以把蜂烟器给你，只要你保证不告诉任何人！
The man looks around nervously and hands you a small tin can with a handle and a spout,男人紧张地四下张望，递给你一个带把手和喷嘴的小铁罐
"This is a bee smoker, see",这是蜂烟器，瞧
You just mix kindling with some wet grass and light a fire,你只要把引火物和一些湿草混在一起，点着火
Not too hot mind you!,注意别太烫！
You only want a bit of smoke,你只需要一点烟
Just open the hive carefully and let the smoke settle inside and the bees will go all drowsy,小心打开蜂巢，让烟在里面弥漫，蜜蜂就会昏昏欲睡
But please,但是，求你了
Don’t tell anyone I use the bee smoker,别告诉任何人我用了蜂烟器
Firgol bees don’t sting!,菲尔戈尔蜜蜂不蜇人！
Oh no!,哦，不！
Not in the slightest m'lord,一点也不，大人
Firgol bees don’t sting you see!,你看，菲尔戈尔蜜蜂不蜇人！
They’re as docile as cows,它们温顺得像奶牛一样
And that’s good because the Baroness wouldn’t want it any other way,这样很好，因为男爵夫人可不希望它们有别的样子
Not in the slightest m'lady,一点也不，夫人
They don't look docile!,它们看起来可不温顺！
Point to his stings,指着他的蜇伤
In fact I'm helping out the Baroness,其实我正在帮男爵夫人
I've come ot fetch honey!,我是来取蜂蜜的！
The man half averts his face in shame as you point out his stings,当你指出他的蜇伤时，男人羞愧地半转过脸
It’s as the Baroness says,正如男爵夫人所说
And if they do then it’s my own bloody fault!,如果它们蜇了，那是我自己该死的错！
That’s all there’s to be said about that,这事没什么好说的了
"Well, I'm here for some honey",嗯，我是来取些蜂蜜的
"Well, I best be going",嗯，我最好走了
#FirgolBrewerScene,#菲尔戈酿酒师场景
Of course!,当然可以！
My lad sells it by the bottle in front of the general store,我儿子在杂货店前按瓶卖。
"Oh, and Bernard might even have a few bottles left over at the inn",“哦，伯纳德在旅馆可能还剩下几瓶。”
The man can’t help but hide his disappointment,男人忍不住掩饰自己的失望。
"Oh… well, suit yourself I suppose",“哦……好吧，随你便吧。”
What can I do for you then?,那我能为你做些什么？
"A pot-bellied man hums to himself as he pours a clear, golden liquid from glass to glass, swirling it around and then tasting it",“一个大腹便便的男人哼着歌，将清澈的金色液体从一个杯子倒到另一个杯子，旋转着，然后品尝。”
He thoughtfully sloshes it around in his mouth a few times and then spits it into a bucket,他若有所思地在嘴里漱了几下，然后吐进一个桶里。
Taste funny?,味道奇怪吗？
Oh my no!,哦，天哪，不！
This cider is my best batch yet,这批苹果酒是我最好的。
He looks at you with a roguish smile,他带着狡黠的微笑看着你。
Only problem is my wife gets a bit on the sour side if I come home red-cheeked after tasting the wares all day,唯一的问题是，如果我整天品尝货物后红着脸回家，我妻子会有点不高兴。
The man chuckles and offers his hand,男人轻笑着伸出手。
"I’m Ari, I run the local brewery",“我是阿里，经营着本地的酿酒厂。”
I’d wager you’ll find no finer cider in all of the Northern Empire - And certainly not in the outer isles,我敢打赌，在整个北境你都找不到更好的苹果酒——在外岛当然更找不到。
Here!,来！
Have a try!,尝尝看！
Ari offers a glass of the golden cider,阿里递上一杯金色的苹果酒。
Accept,接受
No thank you,不用了，谢谢。
Did she now?,她真的这么说了？
"Aye, she’s ordered the beverages for the Carnivale for me",“是啊，她为狂欢节向我订购了饮料。”
He leans in and lowers his voice,他凑近并压低声音。
By the barrel load,按桶装的量。
"Let me tell you, it’ll be a night to remember",“我跟你说，那将是一个难忘的夜晚。”
Good for business as well,对生意也有好处。
She’s paid me out the nose,她付了我一大笔钱。
So what's the hold-up?,那有什么耽搁？
Ah I don’t really have a good excuse,啊，我其实没什么好借口。
Barrels are lined up and almost ready to go,桶都排好了，差不多可以出发了。
But there’s just been so much to do around the farm and I sort of… forgot,但农场里事情太多，我有点……忘了。
A hint of despair flashes across his jovial face,一丝绝望掠过他快活的脸。
Do you ever wonder ‘what’s the use'?,你有没有想过“这有什么用”？
"Like, it’s all dust on black winds in the end?",就像，最终一切都不过是黑风中的尘埃？
Anything I can do to help you?,我能帮你做些什么吗？
I suppose there is actually!,我想确实有！
The cloud of despair seems to lift and at once the man’s light-hearted demeanor returns,绝望的阴云似乎消散了，男人轻松的神态立刻回来了。
Moles have been tearing up my orchard real bad,鼹鼠把我的果园破坏得很厉害。
They gnaw at the roots and wreak havoc on the trees,它们啃咬树根，对树木造成严重破坏。
They’ve stood for hundreds of years you know and losing even a single one is a disaster,你知道，这些树已经矗立了数百年，哪怕失去一棵都是灾难。
You wnat me to go mole hunting?,你想让我去猎鼹鼠？
You offered to help didn’t you?,你不是主动要帮忙吗？
"If you could deal with the mole problem, I could devote my full attention to getting the cider delivered at the Baron’s villa!",“如果你能解决鼹鼠问题，我就能全神贯注地把苹果酒送到男爵的别墅！”
My orchard is just north of here,我的果园就在北边。
I’ve counted at least three burrows but they can be hard to spot so make sure you search properly,我数过至少有三个洞穴，但它们很难发现，所以一定要仔细搜索。
"When you find them, dig those little bastards out and return to me once you’re done!",“找到它们后，把那些小杂种挖出来，完事后回来找我！”
Ari hands you a shovel and slaps you on the back,阿里递给你一把铲子，拍了拍你的背。
You can’t help but feel that a bit of spring has returned to his step,你不禁感到他的步伐又恢复了些许活力。
"By Strange Moons, you did it!",“以奇异之月之名，你做到了！”
I can’t tell you how good it is to see my trees all nice and secure,我无法形容看到我的树木都安然无恙有多好。
I’ve not much to give you but I think I can spare some coins and a few bottles of cider that ‘fell off the wagon’,我没什么可给你的，但我想我可以匀出一些硬币和几瓶“从车上掉下来”的苹果酒。
Ari winks at you and throws you a small sack of coins,阿里对你眨眨眼，扔给你一小袋硬币。
Barrels of cider are loaded on carts and you watch as the brewer and his helpers set off for the Barno’s villa,苹果酒桶装上了车，你看着酿酒师和他的帮手们出发前往男爵的别墅。
"No doubt, the drink will flow soon enough!",“毫无疑问，酒很快就会畅饮起来！”
What did you need me to do?,你需要我做什么？
I've cleared out the moles!,我已经清除了鼹鼠！
The Baroness told me to ask if you needed help!,男爵夫人让我来问问你是否需要帮助！
About your task,关于你的任务。
Can I buy some of your cider?,我能买些你的苹果酒吗？
What's your secret to making the cider so good?,你把苹果酒做得这么好的秘诀是什么？
I'll see you later,回头见。
As I’ve said,正如我所说。
There are at least three mole-burrows there if you search properly,如果你仔细搜索，那里至少有三个鼹鼠洞。
"When you find them, use a shovel and dig those little bastards out",“找到它们后，用铲子把那些小杂种挖出来。”
Return to me once you’re done!,完事后回来找我！
Wel - 'hic' - come back!,欢——呃——迎回来！
"The beverage is cool, sweet and sparkly - truly is some of the best cider you’ve ever had",“饮料冰凉、甜美、气泡十足——确实是你喝过的最好的苹果酒之一。”
"Good, yes?",好喝，对吧？
Ari nods in eager anticipation as you drink,阿里急切地点头期待着你喝。
"Let me, let me, let me!",让我来，让我来，让我来！
"Kat greedily grabs the cup from you, drinks deeply and then belches in a way that is decidedly unladylike",“卡蒂贪婪地从你手中抢过杯子，大口喝下，然后打了个嗝，那样子绝对不淑女。”
Magi’s ball,法师的球啊，
Is there any more?,还有吗？
Her eyes are wide with excitement,她兴奋地睁大了眼睛。
It's indeed excellent,确实很棒。
Do you mind if I ask some questions?,你介意我问几个问题吗？
"I remember one of them Imperial surveyors called it ‘micro climate’, At least that’s what I think he said!",我记得有个帝国测量员称之为‘微气候’，至少我认为他是这么说的！
Means that the area around Firgol is real mild and soft on the fruit trees compared to the rest of the outer isles,意思是菲尔戈周边地区与外岛其他地方相比，对果树来说非常温和宜人。
"And then, since we’re so far north everything takes a long time to grow and ripen and that’s what causes the fruits to be so sweet",“然后，因为我们地处极北，一切都需要很长时间生长和成熟，这就是水果如此甜的原因。”
He gives you an impish smile,他露出顽皮的微笑。
There’s that and then there’s the family secrets of course,有那个原因，当然还有家族秘方。
"My family has been doing this for a long, long time",“我的家族做这个已经很久很久了。”
#FirgolCarnivale1,#FirgolCarnivale1
All your work is done and now you’ve come to feast!,你所有的工作都已完成，现在来尽情享用盛宴吧！
My husband is ever so grateful for all you have done for him and I dare say this will be a night to remember,我的丈夫对你为他所做的一切感激不尽，我敢说这将是一个难忘的夜晚
"My dear, Carnivale is about to begin",“亲爱的，狂欢节即将开始”
Behold!,看哪！
Coming up the road is a procession of villagers,道路上来了一队村民，
"Clad in their finest and with beautiful wreaths of flowers on their head, the simple folk of Firgol gasp in awe as they pass under the flowered arch of the manor’s gate",“他们身着最华丽的衣裳，头戴美丽的花环，菲尔戈的淳朴村民们穿过庄园大门的花拱时，惊叹不已”
"Tastes like no other, sights like no other, flesh like no other",“无与伦比的味道，无与伦比的景象，无与伦比的肉体”
What wonder we shall show you tonight,今晚我们将向你展示何等奇观
The Baroness has moved much closer and you feel her breath on your ear,男爵夫人凑近了许多，你感觉到她的呼吸拂过耳畔，
"Then, raising her voice again, she exclaims in an official tone",“接着，她再次提高嗓音，以正式的口吻宣布”
I declare that Carnivale has begun!,我宣布，狂欢节正式开始！
"Eat, drink and revel!",“吃喝玩乐吧！”
I shall retire momentarily and make my final preparations,我暂且告退，去做最后的准备
As a lady must,这是身为淑女该做的，
The Baroness and her handmaidens retire into the manor,男爵夫人和她的侍女们退入庄园，
"You are left, head spinning, as the scents of fine food and sounds of merriment begin to fill the air",“你留在原地，头晕目眩，美食的香气和欢快的声响开始弥漫在空气中”
The pain and toil of the last weeks begins to fade,过去几周的痛苦与辛劳开始消散，
All that is left is Carnivale,剩下的只有狂欢节，
Begin,开始吧，
#FirgolCarnivalePlay,#菲尔戈狂欢节戏剧
The simple folk of Firgol find their place in silence,菲尔戈的淳朴村民在寂静中找到了自己的位置
A sense of reverence appears to have fallen over them,一种敬畏感似乎笼罩了他们
You scan the rows for an empty seat,你扫视一排排座位寻找空位
Sit with Roland,与罗兰同坐
Sit with Kat,与卡蒂同坐
Sit with Embla,与恩布拉同坐
Sit with Driina,与德莉娜同坐
Sit with Iben,与伊本同坐
Sit alone,独自坐下
A man dressed in the colorful garb of a traveling theater performer walks onto the stage and the crowd falls utterly silent,一个身着巡回剧团演员鲜艳服装的男人走上舞台 人群顿时鸦雀无声
Grrrrrreetings!,各各各各位好！
"His voice is high-pitched and overly dramatic, yet oddly captivating",“他的声音高亢而过于戏剧化 却出奇地引人入胜”
"On foreign shores we set our play,",“在异乡的海岸我们上演这出戏 ”
"Where setting suns casts shadows long,",“那里落日投下长长的阴影 ”
"O’er streets no longer touched by day,",“街道不再被白昼触及 ”
And halls forgotten but in song,以及只在歌谣中被铭记的厅堂
"Strange is the night where black stars rise,",“黑星升起的夜晚多么奇异 ”
"With flapping of the tattered wings,",“伴随着破烂翅膀的拍打 ”
"And strange moons circle through the skies,",“奇异的月亮在天空中盘旋 ”
Chased by black and faceless things,被黑暗无面的东西追逐
An edifice where kings once sat,一座国王曾坐过的宏伟建筑
"Where maidens pale did once cavort,",“苍白少女曾在那里嬉戏 ”
"The charnel house that time begat,",“时间孕育的尸骨堂 ”
A stranger has arrived at court,一位陌生人来到了宫廷
The strange little man bows deeply and walks off stage,那个奇怪的小个子男人深深鞠躬 然后走下舞台
"For a long moment all is quiet, yet the crowd sits frozen with anticipation",“很长一段时间里一片寂静 但人群满怀期待地坐着 一动不动”
Then a sharp gasp from one of the onlookers,然后一位观众发出一声尖锐的抽气声
You crane your neck trying to get a better view but there is nothing there!,你伸长脖子想看得更清楚 但那里什么都没有！
Or…?,还是……？
You see it,你看见了
A robed and gloved hand dramatically extends onto the stage from between two of the backdrop panels,一只穿着长袍、戴着手套的手戏剧性地从两块背景板之间伸到舞台上
"Slowly he emerges; a tall figure, gliding more than walking with elegant, almost dance-like motions",“他缓缓现身；一个高大的身影 与其说是在行走 不如说是在滑行 动作优雅 近乎舞蹈”
The Baron!,男爵！
It must be!,一定是他！
whispers one of the audience,一位观众低语道
Look!,看！
whispers another,另一位低语道
He wears a mask!,他戴着面具！
The figure glides onto the center of the stage,那个身影滑行到舞台中央
"Like some strange pantomime, he begins to wordlessly orate with dramatic, exaggerated gestures",“像某种奇怪的哑剧 他开始用戏剧性、夸张的手势无声地演说”
Or was it wordless?,还是真的无声？
Weren't there words hidden in the silence?,寂静中难道没有隐藏着话语吗？
Terrible words!,可怕的话语！
Hints of secrets no mortal mind was meant to hold,暗示着凡人心智不该承载的秘密
The unspoken words seep into your mind like a poison,那些未说出口的话语像毒素一样渗入你的脑海
You wince,你畏缩了
someone pleads,有人恳求道
The time has come for you to unmask!,你摘下面具的时候到了！
The words sound strange,这话听起来很奇怪
"Like an echo older than time, doomed to repeat for all eternity",“像一个比时间更古老的回声 注定要永远重复”
Slowly the Baron turns his masked face towards the speaker,男爵缓缓将戴着面具的脸转向说话者
The words that follow are the only ones you could later recall,随后的话语是你后来唯一能记起的
I WEAR NO MASK,我 没 有 戴 面 具
Inhuman howls of terror mix with the gibbering laughter of the insane,非人的恐惧嚎叫与癫狂的胡言乱笑交织在一起
Teeth shatter in clenched jaws and eyes are torn from sockets,牙齿在紧咬的下巴中碎裂 眼珠从眼眶中被扯出
Hair pulled out in great clumps and loved ones claw each other to death,头发大把大把地被扯下 亲人们互相撕扯至死
HE exists now only as the afterimage of an eclipse and then he is gone,他如今只作为日食的残影存在 然后便消失了
Nowhere and everywhere,无处可寻 又无处不在
"Like a tide of gnawing eye-less things, madness overwhelms you",“如同无眼啃噬之物的潮水 疯狂淹没了你”
You sink to your knees clawing at your skull in a vain attempt to dislodge the terrible words that have taken place there,你跪倒在地 抓挠着头骨 徒劳地想要驱除那些已在那里扎根的可怕话语
"Then, like a ray of light, something cuts through the morass",“然后 像一道光芒 有什么东西穿透了这泥沼”
A hand on your shoulder,一只手搭在你肩上
You turn and see,你转过身 看见
You get up,你站起来
The only way out is through,唯一的出路就是穿过它
Then it strikes you,然后你猛然意识到
"The terrible crystal revelation that you are, and will forever be, alone",“那个可怕而清晰的启示：你一直是 也将永远是 孤独的”
No one is going to save you but yourself,除了你自己 没人会来救你
Death may be coming but not now and not like this,死亡或许会来临 但不是现在 也不是以这种方式
You get to your feet and prepare to fight,你站起身来 准备战斗
lorem ipsum,乱数假文
"The stage is set, but the play is not yet ready to begin",“舞台已布置好 但戏剧尚未准备好开场”
Eat!,吃吧！
Revel!,狂欢吧！
"Sitting down, you notice the backdrops for the first time",“坐下时 你第一次注意到了背景幕布”
Camilla’s hauntingly vibrant scene looks at once familiar yet subtly alien,卡米拉那令人难忘的生动场景 看起来既熟悉又微妙地陌生
"For a moment, the cloud waves seem to break upon the shore as twin suns set",“有那么一瞬间 云浪似乎在双日落下时拍打着海岸”
Watch the play,观看戏剧
Driina sits back straight and eyes closed with her hands in her lap,德莉娜坐得笔直 双眼紧闭 双手放在膝上
You see her breathing slowly and deeply,你看到她缓慢而深沉地呼吸着
"As you sit down, without opening her eyes, she smiles ever so slightly",“当你坐下时 她没有睁开眼睛 却微微地笑了”
What a nice surprise,真是个惊喜
"Come, I think it’s about to begin",“来吧 我想就要开始了”
"For the first time, you notice the backdrops",“你第一次注意到了背景幕布”
Driina gasps next to you,德莉娜在你身旁倒吸一口气
No doubt in awe of the artwork’s vivid nature,无疑是被艺术品的生动所震撼
Try to hold her hand,试着握住她的手
Embla sits in deep thought,恩布拉坐着 陷入沉思
It would appear all the nights revelries were not enough to lighten the burden she carries,看来整晚的狂欢都不足以减轻她背负的重担
As you sit down she looks up at you and blinks as if waking from a dream,当你坐下时 她抬头看你 眨了眨眼 仿佛从梦中醒来
I’m sorry I was lost in thought,抱歉 我走神了
But let’s not speak of such things for now,但现在我们不说这些了
"Come, let us watch the play",“来吧 我们看戏吧”
Embla gasps next to you,恩布拉在你身旁倒吸一口气
Iben sits red-faced and smiling with a mug of ale in his hand,伊本红着脸 微笑着 手里拿着一杯麦酒
He jovially quips and jests and exchanges toasts as people pass him to find their places,当人们经过他寻找座位时 他愉快地打趣、开玩笑 并与他们碰杯
His eyes light up when he sees you,他看到你时眼睛一亮
I’ve saved you a seat!,我给你留了个座位！
Sit and look around,坐下 四处看看
Iben gasps next to you,伊本在你身旁倒吸一口气
Try to hold his hand,试着握住他的手
Kat sits wide-eyed in amazement as she takes in every sight and sound,卡蒂睁大眼睛 惊奇地吸收着每一个景象和声音
Rosy cheeks tells you she’s enjoyed her night and she beams up at you as you take the seat next to her,红润的脸颊告诉你她今晚过得很愉快 当你坐在她旁边时 她对你灿烂地笑着
Would you believe this is my first time?,你相信这是我第一次吗？
At the theater I mean,我是说 来剧院
I can’t wait for it to begin!,我等不及要开始了！
Kat gasps next to you,卡蒂在你身旁倒吸一口气
The hulking man sits arms-crossed and with furrowed brow,那个魁梧的男人双臂交叉坐着 眉头紧锁
"Like a misplaced tool, he looks quite out of place in a theater-crowd",“像一件放错地方的工具 他在剧院人群中显得格格不入”
As you sit next to him he notices the unspoken question and with a grunt and the hint of a smile he growls,当你坐到他旁边时 他注意到了你未说出口的疑问 他咕哝了一声 带着一丝笑意咆哮道
I hate crowds,我讨厌人群
Roland gasps next to you,罗兰在你身旁倒吸一口气
Take his hand,握住他的手
Larger and with a vibrant yellow colour,更大 且带有鲜艳的黄色
You turn and see Roland,你转过身 看见罗兰
You turn and see Kat,你转过身 看见卡蒂
You turn and see Embla,你转过身 看见恩布拉
You turn and see Driina,你转过身 看见德莉娜
You turn and see Iben,你转过身 看见伊本
Would you believe this is my first time,你相信这是我第一次吗
#FirgolCarnivaleRevel,#FirgolCarnivaleRevel
The song and laughter echoing throughout the courtyard is a testament to the quality of Ari's Cider,回荡在庭院中的歌声与笑声，证明了阿里苹果酒的品质
You eagerly grab a mug,你急切地抓起一个马克杯
and drink it alone,独自饮下
The rich flavor of the cider leaves you red-cheeked and light-headed,苹果酒浓郁的风味让你脸颊泛红，头晕目眩
You cannot help but laugh,你忍不住大笑起来
Loud and uninhibited,响亮而无所顾忌
You laugh because there is no evil in the world,你大笑，因为这世上没有邪恶
"Or perhaps because there is so much of it and yet, here you stand?",“又或许是因为邪恶如此之多，而你却站在这里？”
The table overflows with the treats from Klara’s kitchen,桌子上堆满了克拉拉厨房做出的美味佳肴
Your mouth waters as you stand momentarily paralyzed by the abundance of choice,面对琳琅满目的选择，你一时不知所措，口水直流
The urge to partake is almost primal,想要品尝的冲动近乎原始本能
A sublime piece of stuffed pastry,一块绝妙的馅饼
"Lying there alone, a vibrant platonic ideal, almost beckoning you",“孤零零地躺在那里，一个鲜活的柏拉图式理想，几乎在向你招手”
Gingerly you pick it up,你小心翼翼地拿起它
It’s feather-light,轻如鸿毛
Wolf it down!,狼吞虎咽地吃掉它！
"Biting into the pastry, its perfect crust yields up the soft crumb-flesh with a satisfying crunch",“咬下馅饼，完美的外皮在令人满足的嘎吱声中露出柔软的内馅”
"The jam-filled interior bursts in your mouth; Apples, sugar, cinnamon - a touch of lemon",“果酱馅料在你口中迸发；苹果、糖、肉桂——还有一丝柠檬”
Ecstasy,狂喜
This is the best stuffed pastry you’ve ever had,这是你吃过的最美味的馅饼
"Resplendently attired and with her handmaidens in tow, the baroness emerges from the manor",“衣着华丽，侍女随行，男爵夫人从庄园中走出”
The music dies down,音乐渐渐平息
Beloved guests!,亲爱的宾客们！
The second act is upon us!,第二幕即将开始！
My beloved husband asks that you take your places in front of the stage,我亲爱的丈夫请各位在舞台前就座
The time has come for the evening's surprise,今晚的惊喜时刻到了
And for all our rosy-cheeked little crumplins there is a special surprise,而对于我们所有脸颊红扑扑的小家伙们，还有一个特别的惊喜
My lovely ladies and I have prepared a scavenger hunt!,我和我可爱的女士们准备了一场寻宝游戏！
There will be whimsy and prizes and sweets!,会有奇趣、奖品和糖果！
The children clap their pudgy hands as they squeal with joy,孩子们拍着胖乎乎的小手，高兴地尖叫着
Is there one among you with the courage to brave the manor and find the treasure within?,你们之中有谁有勇气进入庄园，找到里面的宝藏吗？
Come one - come all!,来吧，一个接一个——都来吧！
The children stream past the baroness into the manor while the adults begin to file towards the rows of benches placed in front of the stage,孩子们涌过男爵夫人身边，进入庄园，而大人们则开始走向舞台前摆放的一排排长椅
It is time for you to take your place,你该就座了
The music filling the air is raw and primal,弥漫在空气中的音乐原始而野性
Its beat is the pulse of something vast waiting to be born,它的节拍是某种等待诞生的宏大存在的脉搏
The piper at the gates of dawn,黎明之门的吹笛手
It drives you,它驱使着你
Carries you,承载着你
A howl builds inside,一声嚎叫在心中积聚
You give in to it,你屈服于它
Dance like no one’s watching,尽情舞蹈，仿佛无人注视
You sway and leap and whirl to the mesmerizing beat,你随着迷人的节拍摇摆、跳跃、旋转
For a moment you are one with something,有那么一刻，你与某种东西融为一体
With everything or nothing,与万物或虚无
There really isn't a difference,其实并无区别
"Stars wheel overhead and by the time the trance ends it takes a moment for you to remember where, or even when, you are",“群星在头顶旋转，当恍惚结束时，你花了一会儿才想起自己身在何处，甚至身处何时”
#FirgolCassildaScene,#菲尔戈卡丝尔达场景
A young woman dressed in the manner of a wandering minstrel stands alone looking out across the small lake,一位身穿流浪吟游诗人服饰的年轻女子独自站着，眺望着小湖对岸。
She hums softly to herself - stopping and starting over as if trying to think of words for a song,她轻声哼唱着，不时停下又从头开始，仿佛在为一首歌寻找合适的词句。
Are you Cass?,你是卡丝吗？
The woman blinks in surprise,女子惊讶地眨了眨眼。
"What, you’ve heard of me then?",怎么，你听说过我？
"Wait, is this about that bar-tab?",等等，是为了酒吧赊账的事吗？
"As I’ve already told Bernard, I’ll pay him the moment I have the coin on hand",我已经跟伯纳德说过了，我手头一有钱就马上还他。
It’s just that I’ve been a bit preoccupied,只是我最近有点心不在焉。
Cass looks at her feet,卡丝低头看着自己的脚。
Camilla asked me to talk to you,卡米拉让我来跟你谈谈。
A pained expression falls across her face,她脸上浮现出痛苦的表情。
Please don’t say she’s angry with me,请别告诉我她生我的气了。
She's sad you weren't interested in her,她很难过你对她不感兴趣。
Not interested?!,不感兴趣？！
I’m crazy for her,我为她疯狂。
Finding her note made me happier than words can describe,发现她的纸条让我高兴得无法用言语形容。
Then why didn't you respond?,那你为什么不回应呢？
Because I couldn’t find the words,因为我找不到合适的词句。
Can you believe it?,你能相信吗？
"Me, a bard, at a loss for words!",我，一个吟游诗人，竟然词穷了！
I’ve been trying to put my feelings into verse,我一直想把我的感情写成诗句。
A song,一首歌。
"I’m nearly there, but over and over, the words escape me",我快完成了，但一遍又一遍，词句总是从我脑海中溜走。
I don’t understand it,我不明白。
It feels like I’m grasping at tendrils of mist,感觉就像我在抓握雾气的触须。
Can I hear what you have so far?,我能听听你目前写好的部分吗？
The song Cass reads to you is sad and beautiful,卡丝读给你听的歌悲伤而优美。
It brings to mind images of far and wondrous shores,它让人想起遥远而奇妙的海岸景象。
"Stranger yet, is the fact that try as you might, you have never been able to recall the first three verses she recounted to you",更奇怪的是，无论你怎么努力，你始终无法回忆起她向你吟诵的前三节诗句。
Only the first line of the last verse remains,只有最后一节的第一行留在了记忆中。
"Song of my soul, my voice is dead",我灵魂之歌，我的声音已死。
That’s exactly it,正是如此。
I can’t get past that,我无法越过这一句。
Nor can I change it,也无法改变它。
It has to be that line!,必须是这一行！
But what comes next?,但接下来是什么呢？
It’s like I’m deaf to my own inner voice!,就好像我听不见自己内心的声音！
"Cass repeats the line, now with a slight hint of panic in her voice",卡丝重复着这一句，声音里带着一丝恐慌。
"Die thou, unsung, as tears unshed",死去吧，无人吟唱，如未流之泪。
Cass squeezes your hand and offers a warm but slightly sad smile before walking off,卡丝握了握你的手，露出温暖却略带悲伤的微笑，然后走开了。
You’re left with the note for Camilla,你手里留下了给卡米拉的纸条。
The woman appears lost in thought as she mumbles the verse of some half-composed song to herself over and over,那女子似乎陷入了沉思，一遍又一遍地喃喃自语着某首半成品的歌曲诗句。
The words flow from your mouth and fits the song like a key fits a lock,词句从你口中流出，与歌曲契合得如同钥匙插入锁孔。
"You spoke more words as well, but like the rest of the song, they too are lost in the void of time",你还说出了更多的词句，但就像歌曲的其他部分一样，它们也迷失在了时间的虚空之中。
"What you do remember however, is Cass scribbling the words down as tears of joy streamed down her face",然而，你记得的是，卡丝一边匆匆写下词句，一边喜悦的泪水顺着脸颊流淌。
That’s it!,就是这样！
I have it,我有了。
A song for Camilla,一首给卡米拉的歌。
She folds the piece of paper containing the words of the song neatly and writes in beautiful cursive,她把写着歌词的纸整齐折好，用漂亮的花体字写道：
To Camilla - From Cassilda,致卡米拉——来自卡丝尔达。
With trembling hands she offers you the folded note,她用颤抖的双手把折好的纸条递给你。
Would you do me one last favor,你能帮我最后一个忙吗？
Take this note to Camilla,把这张纸条带给卡米拉。
It will explain everything to her,它会向她解释一切。
And please,还有，拜托。
Would you tell her to come find me at the Carnivale?,你能告诉她来狂欢节找我吗？
Tell her we’ll dance together then,告诉她我们到时候一起跳舞。
#FirgolCiderMerchantScene,#菲尔戈苹果酒商人场景
The Baron and Baroness are arranging it!,男爵和男爵夫人正在安排这件事！
It’ll have food and drink and even a surprise they say!,他们说会有食物和饮料，甚至还有惊喜！
"If you haven’t already done so, you should go talk to the Baroness and offer to help!",“如果你还没这么做，你应该去找男爵夫人谈谈，主动提出帮忙！”
I’m sure she’ll let you attend if you help out,我相信如果你帮忙的话，她会让你参加的
"My da’s supplying the drinks, you see!",“你看，是我爸在供应饮料！”
The boy beams with pride and excitement,男孩脸上洋溢着自豪和兴奋
A party?,一个聚会？
When the Outer Isles flow with blood?,在外岛血流成河的时候？
"Ah, I see",“啊，我明白了”
The boy’s eyes water over,男孩的眼睛湿润了，
I’m sorry I don’t know anything about any blood or any such,对不起，我对什么流血之类的事一无所知，
I’m just looking forward to the party,我只是在期待聚会，
It’s not often us common folk get to experience something like that,我们普通老百姓很少有机会体验这样的事情，
Well the Carnivale of course!,当然是狂欢节啦！
I can’t wait!,我等不及了！
They say it’s going to be one for the ages!,他们说这将是千古流芳的盛会！
My da’ might need a hand!,我爸可能需要帮忙！
He’s been a bit flustered about getting his shipment of cider ready for the Carnivale and all,他为了准备狂欢节要用的苹果酒发货，一直有点手忙脚乱，
Something about moles in the orchard,好像是果园里有鼹鼠什么的，
I’m sure you’ll find him in the brewery somewhere,我相信你会在酿酒厂的某个地方找到他，
In the warehouse maybe?,也许在仓库？
I'll go talk to him then!,那我这就去和他谈谈！
A smiling young lad with a shock of yellow hair calls out to you,一个笑容满面、一头蓬乱黄发的小伙子向你喊道，
Greetings traveler!,你好啊，旅行者！
Can I interest you in some fine Firgol cider?,有兴趣来点上好的菲尔戈苹果酒吗？
"I promise, you’ll not get it fresher of better anywhere in the Outer Isles!",“我保证，在外岛你再也找不到比这更新鲜、更好的了！”
Sounds like a local specialty?,听起来像是本地特产？
It doesn’t get more local than this!,没有比这更本地的了！
My da’ makes it right here at the family brewery!,我爸就在这家族酿酒厂里酿的！
He motions to the buildings behind him,他示意身后的建筑，
Now what will it be?,那么，你想要点什么？
Can I interest you in a few bottles?,有兴趣来几瓶吗？
Perhaps later but I had some questions first!,也许晚点，但我先有几个问题！
Can I buy some cider?,我能买些苹果酒吗？
What's going on here in Firgol?,菲尔戈这里发生了什么事？
Hi there!,你好啊！
Back for more cider?,回来再买点苹果酒？
#FirgolEnter,#菲尔戈尔入口
"As Roland slinks off, Iben walks up to you",当罗兰悄悄溜走时，伊本走到你身边
Cruel deeds scar those who perform them as much as their victims and Roland is a man with many scars,残忍的行为不仅给受害者留下伤痕，也会给施暴者留下伤痕，而罗兰就是一个伤痕累累的人。
As you approach the small cluster of quaint houses you can’t help but be struck by a feeling of calm and peace you’ve not felt in a long time,当你走近那一小簇古雅的房屋时，一种久违的宁静与平和之感不禁涌上心头。
"By the grace of the Golden Dead, it would appear a small sliver of life as it once was in the Outer Isles has survived",承蒙黄金死者的恩典，外岛昔日的生活似乎还残存着一小片。
Driina says with a sad smile,德莉娜带着悲伤的微笑说道。
"Ahead on your right, lies a tavern that looks exactly like the kind of tavern where the meals are hearty and the ale cooled just right",在你右前方，有一家酒馆，看起来正是那种饭菜丰盛、麦酒冰得恰到好处的酒馆。
Your stomach growls at the thought,想到这里，你的肚子咕咕叫了起来。
"Kat stares, mouth agape, first at the tavern and then at you pleadingly",卡蒂张着嘴，先盯着酒馆，然后又恳求地看着你。
We’re stopping by there whether you want to or not!,不管你愿不愿意，我们都要在那儿停一下！
"You continue on your way, and for a moment an irrational fear passes over you",你继续前行，一时间，一种莫名的恐惧掠过你的心头。
"Will you be able to return to the cold, brutal world at large if you spend too much time in this quite little piece of bliss?",如果你在这片宁静的小乐土上待得太久，还能回到外面那个冰冷残酷的世界吗？
"Looking around, you notice Roland has fallen behind the group and now stands, seemingly transfixed, a few steps behind you",环顾四周，你发现罗兰落在了队伍后面，现在站在你身后几步远的地方，似乎出了神。
What's wrong Roland?,怎么了，罗兰？
Is it a trap?,是陷阱吗？
No time to linger,没时间逗留了。
He blinks a few times with watery eyes and an expression that is hard to place,他眨了几下眼睛，眼里含着泪水，脸上的表情让人捉摸不透。
Families,"家人,"
Children,"孩子,"
Feeling homesick?,想家了？
He looks down and for a moment you could have sworn he looks ashamed,他低下头，有那么一瞬间，你几乎可以肯定他看上去很羞愧。
Let's just get some bloody ale,我们就去喝点该死的麦酒吧。
His voice breaks in a way that is uncharacteristic for the laconic brute,他的声音哽咽了，这对于一个沉默寡言的粗人来说很不寻常。
#FirgolGeneralGoodsScene,#菲尔戈杂货店场景
Ask about Firgol,询问菲尔戈的情况
Ask about Help,询问帮助
Show me your goods!,让我看看你的货物！
Something about Firgol,关于菲尔戈的一些事
More about Firgol,更多关于菲尔戈的事
Finally the last part about Firgol,最后关于菲尔戈的部分
Something about Help,关于帮助的一些事
More about Help,更多关于帮助的事
Finally the last part about Help,最后关于帮助的部分
#FirgolInnCookScene,#菲尔戈旅馆厨房场景
Their line has ruled over Firgol for a long time,他们的家族统治菲尔戈已经很长时间了
They live in the villa north-west of the village,他们住在村子西北边的别墅里
Just across the stream,就在小溪对面
I’m sure the Baroness would appreciate it if you called upon her,我相信如果你去拜访男爵夫人她会很高兴的
She’s eccentric but she means well - loves the children of the village,她有些古怪但心肠很好——她爱村里的孩子们
I had some other things I wanted to ask you,我还有些别的事想问你
"In fact, the Baroness told me to ask if you needed help!",“其实，男爵夫人让我问问你是否需要帮助！”
"Well, the Carnivale is nigh, right?",“嗯，狂欢节快到了，对吧？”
"That means plenty of extra work for me but the thing is, there’s still the inn to take care of!",“这意味着我有很多额外的工作，但问题是，旅馆还需要照看！”
"Who’s going to cook for the guest, you know?",“谁来给客人做饭，你知道吗？”
"Well, the Baroness told me to ask if you needed help!",“嗯，男爵夫人让我问问你是否需要帮助！”
The Carnivale is the time to feast and drink and dance,狂欢节是盛宴、饮酒和跳舞的时刻
It’s the Baron and the Baroness’ way of showing their love for us common folk,这是男爵和男爵夫人向我们平民表达关爱的方式
Baron and the Baroness?,男爵和男爵夫人？
Besides the Carnivale?,除了狂欢节呢？
Nothing - and that's just the way we prefer!,没什么——我们就喜欢这样！
Really?,真的吗？
Nothing?,没什么？
Idra was nearly overrun by Reavers and Horryn was all but sacked!,伊德拉差点被劫掠者占领，霍林也几乎被洗劫一空！
"Well, I ain’t seen no ‘Reavers’ here and if I do, I’ll be sure to show them the back of my hand!",“嗯，我在这儿可没见过什么‘劫掠者’，要是见到了，我肯定会给他们点颜色看看！”
Let's talk about something else,我们聊点别的吧
"A woman bustles about the kitchen, stirring pots, adding spices and tending fires",“一个女人在厨房里忙碌着，搅拌着锅，添加香料，照看着炉火”
"I beg your pardon, but I’m not really in any position to talk right now!",“请原谅，我现在真的没空说话！”
Why so busy?,为什么这么忙？
"Please, I just had a few questions!",“拜托，我只是有几个问题！”
"Well, come to think of it, there is actually something you could help me with",“嗯，仔细想想，还真有件事你可以帮我”
Name it!,说吧！
"See, the Baroness has asked me to prepare something special for the children of the feast",“你看，男爵夫人让我为宴会上的孩子们准备些特别的东西”
My famed honey cakes,我著名的蜂蜜蛋糕
"Only problem is, I’m still waiting on the honey",“唯一的问题是，我还在等蜂蜜”
Perhaps you could be a dear and run over to the beehives and fetch it for me?,或许你能帮个忙，跑去蜂箱那里帮我取来？
Will any honey do?,随便什么蜂蜜都行吗？
It needs to be honey from our own hives,必须是我们自己蜂箱产的蜂蜜
There’s nothing quite like it,那味道独一无二
And where do I find these beehives?,那我在哪里能找到这些蜂箱？
The bee-hives lie to the west of the village,蜂箱在村子西边
Just cross the bridge and continue straight ahead and you’ll see them on your left-hand side eventually,过了桥一直往前走，最终你会在左手边看到它们
I think even a single honeycomb should do it!,我想哪怕一个蜂巢也够了！
See if you can’t find Pert the beekeeper,看看能不能找到养蜂人珀特
He’ll help you,他会帮你的
But how will I avoid getting stung?,但我怎么避免被蜇呢？
Klara chuckles a heart laugh and slaps her knee,克拉拉发自内心地大笑起来，拍了拍膝盖
Oh I wouldn’t worry about that!,哦，我才不担心那个呢！
We wouldn’t want the children to not get their honey-cakes!,我们可不想让孩子们吃不到蜂蜜蛋糕！
I'll do my best!,我会尽力的！
I need you to fetch at least five honey-combs for me from the beehives west of town,我需要你从镇子西边的蜂箱那里给我取至少五个蜂巢
Just cross the bridge and continue straight ahead until you see them on your left-hand side,过了桥一直往前走，直到你在左手边看到它们
Look at these honey-combs!,看看这些蜂巢！
Have you ever seen honey this golden?,你见过这么金黄的蜂蜜吗？
The children will love this,孩子们会喜欢这个的
"Oh, the Baroness is going to be so pleased",“哦，男爵夫人一定会很高兴的”
"Now, the cakes are for the children but I’ll tell you what",“现在，蛋糕是给孩子们的，不过我跟你说”
I baked one too many apple-pies for the feast,我为宴会多烤了一个苹果派
It’s yours if you want it,如果你想要就给你
Klara winks at you and hands you a fresh apple pie,克拉拉对你眨了眨眼，递给你一个新鲜的苹果派
"Now, off you go!",“好了，快去吧！”
I have the honey!,我拿到蜂蜜了！
Go on then!,那就去吧！
Can you teach me a few recipes?,你能教我几个配方吗？
What's going on in Firgol?,菲尔戈发生了什么事？
Want to learn how to cook eh?,想学做饭，嗯？
Well I can’t blame you,嗯，我不怪你
Nothing soothes the soul like a home-cooked meal,没有什么比家常菜更能抚慰心灵了
Have a look in my recipe-book,看看我的配方书
I’ll teach you for a few coins per recipe!,每个配方我收几个硬币教你！
Browse Recipes,浏览配方
"Klara rushes back and forth, red-faced and sweating but with movements that seem so choreographed and intentional that she appears more like a dancer than a cook",“克拉拉来回奔忙，满脸通红，汗流浃背，但动作却像是精心编排的，看起来更像舞者而不是厨师”
You are truly watching a master at work here,你真的是在观看一位大师工作
Let's talk for a bit!,我们聊一会儿吧！
#FirgolManorEnter,#菲尔戈尔庄园入口
The scene before you is one of utter insanity,你眼前的景象充满了彻底的疯狂
The Baroness presides over it with a look of exhausted contentment on her face,男爵夫人主持着这一切，脸上带着疲惫的满足神情
I’m so glad to see you here,我真高兴你在这里
The great work is nearly done and I couldn’t have done it without you,伟大的工作即将完成，没有你我无法做到
It’s only fitting you should be here at the finale,你理应在此见证终章
She produces a long dagger from her sleeve,她从袖中抽出一把长匕首
Put down the dagger!,放下匕首！
Beyond hope and reason you see that the children are still alive - albeit paralyzed in some kind of trance,超越希望与理智，你看到孩子们还活着——尽管因某种恍惚而动弹不得
The Baroness begins laughing but the sound morphs into a wailing cry of sorrow and anger,男爵夫人开始大笑，但笑声变成了充满悲伤与愤怒的哀嚎
They are mine now!,他们现在是我的了！
Why shouldn’t I have one as well!,为什么我不能也拥有一个！
Every fucking cow with a cunt in the village can squeeze one out SO WHY CAN’T I?!,村里每个有屄的母牛都能挤出一个来，为什么我就不行？！
She screams and lunges for the nearest child,她尖叫着扑向最近的孩子
#FirgolManorFinal,#菲尔戈尔庄园终章
"Sitting in silent majesty upon the throne, is the desiccated corpse of what must have been the Baron of Firgol",王座上静默威严地坐着的，必定是菲尔戈尔男爵的干尸
"Tattered, yellow robes hang loosely from the body and around the head, a thin crown of ivy has grown",破烂的黄色长袍松垮地挂在身上和头上，一顶薄薄的常春藤王冠已经长出
A king out of time,一位不合时宜的国王
"Though similar, this figure cannot be the one that performed that horrid play",尽管相似，这个身影不可能是上演那出恐怖戏剧的那位
"And even as you stand here, the memory of it has begun to fade",甚至当你站在这里时，关于它的记忆已经开始消退
"Like a dream upon waking, you are left wondering if it even happened at all",如同醒来时的梦境，你不禁怀疑它是否真的发生过
"No matter, there is nothing more here for you now",没关系，这里现在对你已无更多意义
Only bones dust,只剩骨尘
You turn to leave,你转身离开
"For a moment you imagine that you hear the flapping of tattered robes, but then it passes",有那么一瞬间，你想象自己听到了破烂长袍的拍打声，但随后便消失了
#FirgolMoleBurrow,#菲尔戈鼹鼠洞穴
You dig the shovel into the soft soil and easily collapse the burrow,你把铁锹插进松软的泥土，轻松地捣毁了洞穴
"After a few strokes however, the shovel-head comes up coated in dark blood",“然而，几下之后，铁锹头提起来时沾满了暗色的血迹”
"You root through the soil and to your disgust find numerous, small, hairless blobs of flesh that have been hacked to death by the shovel’s action",“你翻动泥土，恶心地发现许多被铁锹砍死的小而无毛的肉块”
"You can’t properly identify the strange things, nor do you want to, and quickly cover up the gruesome scene with dirt before moving along",“你无法准确辨认这些奇怪的东西，也不想辨认，迅速用泥土掩盖了这可怕的场景，然后继续前进”
"More carefully this time, you set to work collapsing the second tunnel",“这次你更加小心，开始捣毁第二条隧道”
The work progresses nicely until suddenly the earth shifts slightly as if something is moving underneath,工作进行得很顺利，直到突然地面微微移动，好像有什么东西在下面活动
"Whatever it is, it grabs onto the shovel blade and tugs violently at it!",“不管是什么，它抓住了铁锹头，猛烈地拉扯！”
You yank back with all your might and manage to free the shovel from whatever lurks under the dirt,你用尽全力猛地拉回，设法把铁锹从泥土下潜伏的东西那里挣脱出来
"Swinging wildly, you pummel the ground and walk away hoping you’ve seen the last of whatever lurks underneath this orchard",“你疯狂挥舞着，猛击地面，然后走开，希望这是最后一次见到潜伏在这片果园下面的东西”
Arriving at the third hole you feel an unease grow in your stomach,来到第三个洞口时，你感到胃里一阵不安
"Carefully, you bend down and try to peer into the small, dark burrow",“你小心翼翼地弯下腰，试图窥视那个又小又黑的洞穴”
"To your horror, something glances back",“让你惊恐的是，有什么东西回望了你一眼”
A pair of eyes that appear far too intelligent than an animal has any right to be,一双眼睛，看起来远比任何动物应有的智慧都要高
"Then, in an instance they are gone - retreated underground",“然后，一瞬间它们就消失了——退回了地下”
Perhaps your mind is playing tricks on you?,也许你的大脑在跟你开玩笑？
"You decide to not wait and find out and with a slight hint of panic, you utterly demolish the hole",“你决定不等了，带着一丝恐慌，彻底捣毁了这个洞”
Your task is done and you should return to Ari,你的任务完成了，你应该回去找阿里
You come across a freshly dug hole in the ground,你在地上发现了一个新挖的洞
Dig out the burrow,挖开洞穴
#FirgolQuestOver,"#FirgolQuestOver,"
"As you leave the grounds of the accursed manor, your head spins and nausea overcomes you",当你离开那座被诅咒的庄园时，你头晕目眩，恶心难忍。
The things you have seen linger in your mind like the after-images of some alien sun burned into your eyes,你所见之物萦绕心头，如同异界太阳的残影灼烧在你的眼中。
"Try as you might you will neither be able to exorcize the memories, nor ever make sense of them",无论你如何尝试，你既无法驱除这些记忆，也永远无法理解它们。
Embla puts her hand on your shoulder,恩布拉将手搭在你的肩上。
Are you alright?,你还好吗？
"Somewhere, Kat alternates between crying and retching",不远处，卡蒂时而哭泣，时而干呕。
I don't think I'll be 'alright' ever again,我想我再也不会“好起来”了。
I suspect none of us ever will,我怀疑我们谁都不会了。
The Dragon spreads its poison unto all the things it touches,龙将它的毒素传播到它所触碰的一切。
There is nowhere safe,无处安全。
Not even this tiny little village,即便是这个小小的村庄也不例外。
"Now more than ever, I am certain that the only way forward is to the very heart of darkness",现在我比以往任何时候都更加确信，唯一的出路就是直入黑暗的心脏。
To Gradla and the Black Priory,前往格拉德拉和黑修院。
Embla helps you up,恩布拉扶你起来。
Indeed it would seem there is no going back,确实，似乎已无回头路。
#FirgolWeaverScene,#菲尔戈织布工场景
A young maiden stands looking at a pile of white canvas cloth,一位年轻少女站在一堆白色帆布前，
She sighs deeply and appears to be lost in deep thought,她深深叹了口气，似乎陷入了沉思，
Is something wrong?,有什么不对劲吗？
"Oh, I didn’t see you there",“哦，我没看到你在这儿”
I’m sorry if I seem rude but I’d rather just be left alone,如果我显得无礼，我很抱歉，但我宁愿一个人待着，
She offers a weak but apologetic smile,她露出一个虚弱但带着歉意的微笑，
Camilla’s eyes tear up,卡米拉的眼眶湿润了，
I’m,我，
I’m so ashamed,我太羞愧了，
The Baroness was so kind to think of me for making the backdrops for their ‘surprise’,男爵夫人真是太好了，想到让我为他们的‘惊喜’制作背景幕布，
I thought I could do it,我以为我能做到，
I have the canvases and everything,我有画布和所有东西，
All she asked was that I paint her a ‘wondrous vista’,她只要求我为她画一幅‘奇妙的远景’，
But I can’t bring myself to make the first stroke,但我无法让自己落下第一笔，
Why not?,为什么不呢？
Camilla blushes,卡米拉脸红了，
I'm lost,我迷失了，
"My head, My heart",“我的头脑，我的心”
"There’s a girl, Cass, and I have… feelings for her",“有一个女孩，卡丝，我对她……有感觉”
It was from a distance but I felt like there was something there,那是从远处，但我感觉那里有什么，
"Me being me, I didn’t have the nerve to go talk to her",“我就是我，没有勇气去和她说话”
Instead I left a note for her explaining my feelings,相反，我给她留了一张纸条解释我的感受，
And then?,然后呢？
Nothing at all,什么都没有，
"Oh, I’m such an oaf",“哦，我真是个笨蛋”
I write like a pig - How could I ever think my stupid note could sway someone like Cass,我写字像猪一样——我怎么会认为我那愚蠢的纸条能打动像卡丝这样的人，
Tears stream down Camilla’s face,泪水顺着卡米拉的脸庞流下，
She has such a way with words,她真会说话，
"A bard, she is",“她是个吟游诗人”
And me?,而我呢？
I’m just stupid and plain,我只是又蠢又平凡，
What if I talked to Cass for you?,如果我替你去和卡丝谈谈呢？
You would do that for me?,你会为我这么做吗？
I suppose it would let me know one way or another,我想这至少能让我知道结果，无论好坏，
"But please, try to be subtle about it",“但请尽量委婉一些”
Don’t let her know I’m besides myself thinking about her,别让她知道我因为想她而心神不宁，
She draws in a deep breath and her mood appears to lift ever so slightly,她深吸一口气，情绪似乎稍微好转了一点，
Cass is a free spirit and she loves the water,卡丝是个自由自在的人，她喜欢水，
I’d look for her along the small creek that runs west of here,我会沿着从这里往西流的小溪去找她，
Thank you so much for offering to help,非常感谢你主动帮忙，
I'll return when I have news,我有消息就回来，
"Well, since you offered to help I would really appreciate it if you talked to Cass for me",“好吧，既然你主动帮忙，如果你能替我去和卡丝谈谈，我会非常感激”
I need to know if she got my note and what her feelings are for me,我需要知道她是否收到了我的纸条，以及她对我有什么感觉，
Just look for her along the creek west of the village,只要沿着村子西边的小溪找她就行，
Camilla goes pale,卡米拉脸色变得苍白，
What… what did she say?,什么……她说了什么？
"She doesn’t fancy me, right?",“她不喜欢我，对吧？”
I just know it!,我就知道！
She asked me to give you this,她让我把这个给你，
She accepts the note and slowly unfolds it,她接过纸条，慢慢展开，
"As she consumes the song, line by line, her eyes water and her hands tremble",“当她逐行品味这首歌时，她的眼睛湿润了，双手颤抖”
"By the end, she has to tear her eyes away from it",“到最后，她不得不把目光从上面移开”
Such words,这样的文字，
I’ve never read such words,我从未读过这样的文字，
Was there more?,还有更多吗？
Did she say anything?,她说了什么吗？
She told me she wanted to dance with you at the Carnivale,她告诉我她想在狂欢节上和你跳舞，
"Camilla covers her mouth, smiling through tears of joy",“卡米拉捂住嘴，流着喜悦的泪水微笑”
She then blinks a few times as if remembering something,然后她眨了几下眼睛，好像想起了什么，
The backdrops for the Baroness!,男爵夫人的背景幕布！
I see it so clearly now,我现在看得如此清晰，
Cass’ song,卡丝的歌，
"Oh, this will be amazing!",“哦，这一定会很棒！”
Glad I could help!,很高兴我能帮上忙！
"And now, if you’ll excuse me, I have to get to work",“现在，如果你不介意的话，我得去工作了”
I’d rather you not see the result until at the Carnivale,我希望你在狂欢节之前不要看到结果，
It’ll be more impressive that way!,那样会更令人印象深刻！
Camilla smiles a secretive smile and grabs a ream of canvas and a pot of paint before hastily walking off,卡米拉露出一个神秘的微笑，抓起一卷画布和一罐颜料，然后匆匆走开了，
What about the quest?,任务怎么样了？
I've talked to Cass,我已经和卡丝谈过了，
Hello again,又见面了，
Camilla smiles timidly,卡米拉羞怯地微笑着，
"Oh, I’ve said too much",“哦，我说得太多了”
The Baroness made me promise not to tell,男爵夫人让我保证不说出去，
"Please, you need to ask her if you want to know more",“拜托，如果你想知道更多，你得去问她”
Not that it matters in any case,不过无论如何这都不重要，
I’m getting nowhere with this,我对此毫无进展，
She motions to the reams of canvas,她指了指那些画布卷，
And why is that?,那是为什么呢？
"I’m just simple, plain, and common",我只是简单、平凡又普通
#General,#通用
Prologue,序章
Chapter,章节
Quest Completed,任务完成
Two Weeks Earlier,两周前
Quest Started,任务开始
# GenericScenes,# 通用场景
#GradlaMinesAmbush1,#GradlaMinesAmbush1
You enter a larger chamber and are struck by the temperature of the air,你进入一个更大的洞室，空气的温度让你猛然一惊，
It appears to be getting unnaturally warm the deeper you venture into the mines,似乎随着你深入矿洞，温度变得异常地热，
"Suddenly, the shifting of stones captures your attention and you become aware of large eyes regarding you from the darkness","""突然，石头的移动声吸引了你的注意，你意识到黑暗中有一双大眼睛在注视着你"""
"As you take an apprehensive step backwards, the horrors step into the dimness of the chamber","""当你忐忑不安地向后退了一步时，那些恐怖之物踏入了洞室的昏暗之中"""
"The hulking horrors from the deep, move with deadly grace as they slowly fan out in an attempt to encircle you","""那些来自深处的庞大恐怖之物，以致命的优雅移动着，缓缓散开，试图包围你"""
Suddenly one of them lunges - Its arms outstretched and fingers splayed!,突然，其中一个扑了过来——它的双臂伸展，手指张开！
Are they trying to take you alive?,它们是想活捉你吗？
Charge!,冲锋！
#GradlaMinesAmbush2,#格拉德拉矿场伏击2
"As you enter the room you walk into a wall of warm, damp air",当你进入房间时，你撞上了一堵温暖潮湿的空气墙
The stifling atmosphere causes your clothing to stick to your body and your head goes light,令人窒息的空气让你的衣服粘在身上，头也开始发晕
You try to push ahead but halt once again as stars flash before your eyes and a ringing rises in your ears,你试图继续前进，但眼前金星乱冒，耳中嗡嗡作响，只得再次停下
Embla squints into the darkness,恩布拉眯着眼看向黑暗深处
We are getting close,我们快到了
A presence,一个存在
Ancient,古老
Powerful,强大
Suddenly Embla cries out in pain as she sinks to her knees,突然，恩布拉痛苦地叫出声来，双膝跪地
"As you rush to aid her, a horrid clicking noise sounds from the darkness",当你冲过去帮她时，黑暗中传来一阵可怕的咔嗒声
"Embla, get up!",恩布拉，起来！
Hulking shapes emerge from the darkened tunnels around you,巨大的身影从你周围黑暗的隧道中浮现
One of them steps into the dim circle of light,其中一个踏入了昏暗的光圈
"It regards you with huge, yellow eyes full of alien intellect",它用一双巨大的黄色眼睛注视着你，眼中充满了异样的智慧
"To your horror, organs never meant for human speech croak forth words",令你惊恐的是，那些本不该用于人类语言的器官沙哑地吐出了话语
More vesselsss come to usssss!,更多容器……来到我们身边……！
Sheee will be pleasssssed!,她……会很高兴……！
Die you foul beasts!,去死吧，你们这些肮脏的野兽！
#GradlaMinesMainChamber,#格拉德拉矿场主室
"You take a step toward the massive creature and as she rears up and bellows, the utter futility of attempting to fight her dawns on you!",你向那巨大的生物迈出一步，当她直立起来并咆哮时，你意识到试图与她战斗完全是徒劳的！
Flee,逃跑
Your pathetic attempt at bravery comes to a sudden and terrible end as you are torn limb from limb by the ancient and terrible creature,你那可悲的勇敢尝试突然而可怕地结束了，你被那古老而可怕的生物撕成了碎片。
Your quest has ended,你的任务结束了。
You spin on your heel and flee the breeding chamber as fast as you can,你转身以最快的速度逃离了繁殖室。
It is too late however,然而已经太迟了。
The Queen’s ire is up and with surprising grace and agility the ancient beast gives chase through the narrow tunnels of the mine,女王怒火中烧，这头古老的巨兽以惊人的优雅和敏捷在矿场狭窄的隧道中追赶着你。
Make for the exit,冲向出口。
Turn and charge at her instead,转身向她冲锋。
Run towards the trapped tunnel,跑向设有陷阱的隧道。
"Sprinting blindly through the winding tunnels, panic takes you",在蜿蜒的隧道中盲目冲刺，恐慌攫住了你。
There is no way to outrun this creature and nowhere to hide,没有办法跑过这个生物，也无处可藏。
"Relentlessly, the ancient Queen chases you down and tears you limb from limb",无情地，古老的女王追上了你，将你撕成碎片。
"Looming menacingly above you, the Queen positions herself between you and her cocooned ‘vessels’",女王威胁性地耸立在你上方，挡在你和她那些结茧的“容器”之间。
"You can’t help but notice that beyond her, to the north, is another chamber where you can barely make out what appears to be a robed figure",你不禁注意到，在她身后北边，是另一个房间，你勉强能辨认出一个似乎是穿着长袍的身影。
Attack the Queen,攻击女王。
Carefully sneak away,小心地溜走。
You emerge into a large natural cave,你进入了一个巨大的天然洞穴。
The atmosphere here is tropical and strange writhing growths cover the walls,这里的气氛如同热带，奇怪的蠕动生长物覆盖着墙壁。
"Slowly, you make your way towards one of the nodules and become aware of a strange wheezing sound",慢慢地，你走向其中一个结节，并注意到一种奇怪的喘息声。
Could it be… breathing?,难道是……呼吸声？
"As light falls on the first of the cocoons you realize, to your horror, that you’ve found the lost citizens of Horryn",当光线照在第一个茧上时，你惊恐地意识到，你找到了霍林失踪的市民。
You carefully lean in to examine one of the hapless victims but nearly cry out in alarm when the poor man opens his eyes,你小心地俯身检查其中一个不幸的受害者，但当那个可怜的人睁开眼睛时，你差点惊叫出声。
He moans and looks around with confused swimming eyes,他呻吟着，用迷茫、游移不定的眼神环顾四周。
"As he fixes on you, his mouth moves as if to speak",当他注视着你时，他的嘴动了动，仿佛要说话。
Slowly and painfully two words escape him,缓慢而痛苦地，他吐出了两个字。
Kill me,杀了我。
"At that very moment, the low growl of a massive creature reverberates through the tunnels",就在那一刻，一个巨大生物低沉的咆哮声在隧道中回荡。
She’s here,她来了。
Embla whispers in a tone half reverence and half terror,恩布拉低声说道，语气半是敬畏半是恐惧。
The ground shakes as the huge beast slowly moves towards you,地面震动，巨大的野兽缓缓向你移动。
What was first mercifully obscured by darkness now comes into view,最初被黑暗仁慈地遮蔽的东西现在显现出来。
"Standing more than twice as tall as the Deep-Ones you have battled before, this creature is enormous and no doubt lethal beyond compare",这个生物比你之前战斗过的深潜者高出两倍多，体型巨大，无疑具有无与伦比的致命性。
"Now revealed in all her glory, it becomes clear to you",现在她完全显露出来，你明白了。
She is a queen-mother and you are standing in her breeding chamber,她是一位女王母亲，而你正站在她的繁殖室里。
"You reemerge into the horrid breeding-chamber, and once again the giant Queen emerges from the darkness",你重新进入可怕的繁殖室，巨大的女王再次从黑暗中现身。
You hold your breath in terror as you carefully take a step backwards,你恐惧地屏住呼吸，小心地向后退了一步。
The beast-queen watches you intently but it seems you are in luck,野兽女王专注地注视着你，但看来你运气不错。
The instinct to remain with her brood is stronger than the instinct to kill,留在后代身边的本能比杀戮的本能更强烈。
"Realizing you can never outrun her, you have but one chance",意识到你永远跑不过她，你只有一个机会。
The trapped tunnel!,设有陷阱的隧道！
The creature is nearly at your heels as you round the last corner and spot the trigger-rope,当你绕过最后一个拐角并看到触发绳时，那生物几乎就在你身后。
"Your lungs are on fire from breathing the thick, dust-laden air and with a final spasm of effort you lunge for the rope",你的肺因呼吸着浓重、充满灰尘的空气而灼痛，你用尽最后的力气扑向绳子。
Pull the rope!,拉绳子！
And catch it as you slide along the floor,并在滑过地板时抓住了它。
The beam snaps like a twig and instantly gravity asserts its dominance over rock!,横梁像细枝一样折断，重力瞬间对岩石施加了支配！
"Countless tons crash down in an instant, utterly turning the body of the gargantuan abomination into so much gore",无数吨岩石瞬间崩塌，将那庞大畸形生物的身体彻底砸成了肉泥。
Falling rocks pummel you and then a huge billowing cloud of choking dust fills the remaining tunnel,落石击打着你，然后一大团令人窒息的滚滚尘埃充满了剩余的隧道。
Couching madly and stumbling about in the dark you nonetheless manage to get your bearings,你在黑暗中疯狂咳嗽、跌跌撞撞，但还是设法辨明了方向。
"Slowly, you make your way to the exit and into fresh air",慢慢地，你走向出口，呼吸到了新鲜空气。
For now you must recover from the ordeal and wait for the dust to settle,现在你必须从这场磨难中恢复过来，等待尘埃落定。
#GradlaMinesSpottedExit,#格拉德拉矿洞发现出口
I’m not sure,我不确定
I suspect the Deep-Ones never made it to the plateau,我怀疑深潜者从未到达过高原
"They are creatures of the sea and though they are dangerous enough on land, their reach is limited",它们是海洋生物，虽然在陆地上也足够危险，但它们的影响范围有限
Perhaps that is why they were breeding with humans?,也许这就是它们与人类繁衍的原因？
To make hybrids?,为了制造混血？
What other dangers could be waiting for us then?,那么还有什么其他危险在等着我们？
Embla’s voice drops to a whisper,恩布拉的声音低至耳语
The seven eyes of the Dragon are fixed on the Priory,龙的七只眼睛紧盯着修道院
I can feel it,我能感觉到
"It writhes in the void, coveting that which lies below the Priory",它在虚空中扭动，觊觎着修道院之下的东西
Its tendrils are grasping!,它的触须正在抓取！
Your head spins and for an instance you again imagine hearing the chanting of some long dead language in the darkness,你头晕目眩，一瞬间你再次想象在黑暗中听到某种早已消亡的语言的吟唱
Let's not speak of such things here in the darkness,我们别在这黑暗中谈论这些事了
Let’s move on,我们继续前进吧
The statues of two robed figures loom ominously over a doorway carved directly into the mountain with uncanny precision,两尊身着长袍的雕像阴森地矗立在一扇以不可思议的精准度直接凿入山体的门洞上方
"Beyond, a narrow stair with oddly proportioned steps ascends steeply",门后，一道台阶比例奇特的狭窄楼梯陡峭地向上延伸
The faintest of wisps of cool mountain air can be felt coming down through the shaft,能感觉到最微弱的一缕凉爽山风从竖井中吹下
These stairs are not part of the mines,这些楼梯不是矿洞的一部分
says Embla as she stares up at the statues in reverence,恩布拉敬畏地仰望着雕像说道
They were built by those who built the Priory,它们是由建造修道院的人建造的
So they lead up to the plateau?,那么它们通向高原？
"Yes, I believe they do",是的，我相信是这样
"Once we ascend, we’ll be within striking distance of the Priory",一旦我们登上去，我们就会进入修道院的攻击范围
"For all we have faced so far, I suspect there is yet much danger ahead",尽管我们已经面对了这么多，我怀疑前方还有很多危险
"In other words, we must be well prepared before we set out",换句话说，我们出发前必须做好充分准备
Danger?,危险？
From the Deep-Ones?,来自深潜者？
#GradlaSpotted,#发现格拉德拉
Land ho!,看到陆地了！
sounds the cry from the crows nest,瞭望台上传来呼喊声
Iago offers you a spyglass,伊阿戈递给你一个望远镜
There!,那里！
Fogbanks to the north,北边有雾堤
Gradla’s southern shore,格拉德拉的南岸
If I remember correctly the coastline is littered with underwater reefs and dangerous to navigate,如果我没记错的话 海岸线上遍布水下暗礁 航行十分危险
I fear we cannot follow it without being forced into deeper waters and within grasp of the Behemoth,恐怕我们无法沿着海岸航行 否则会被迫进入更深的水域 落入海怪的魔爪
"Embla, what now?",恩布拉，现在怎么办？
Embla closes her eyes for a moment as if recalling some distant memory,恩布拉闭了一会儿眼睛 仿佛在回忆某个遥远的记忆
The Priory lies on the plateau of the mountain chain that dominates Gradla’s inland,修道院坐落在横贯格拉德拉内陆的山脉高原上
"As far as I know, the Cabal expedition landed at a small mining-village called Adler’s Helm and proceeded from there",据我所知，秘盟考察队在一个叫鹰盔堡的采矿小镇登陆，并从那里出发
"Iago, what do you recommend?",伊阿戈，你有什么建议？
Iago carefully scans the emerging shoreline,伊阿戈仔细扫视着逐渐显现的海岸线
I suspect we will not be able to reach Adler’s Helm without exposing ourselves to the dangers of the high seas,我怀疑我们无法在不暴露于公海危险的情况下抵达鹰盔堡
"If you are to reach the village, you must land on the southern shore and then travel overland",如果你们要到达那个村庄，就必须在南岸登陆，然后走陆路
Let's make landfall!,我们登陆吧！
"Try as you might you will neither be able to exorcise the memories, nor ever make sense of them",无论你如何努力，你既无法驱散那些记忆，也永远无法理解它们
#GradlaSpottedVulcano,格拉德拉发现火山
"Ahead, a volcanic peaks of mount Karaban rises steeply",前方，卡拉班山的火山峰陡峭地耸立着。
It lies there like some giant of titanic proportions that is thankfully still asleep,它像某个巨大无比的巨人一样躺在那里，幸好还在沉睡。
If it were to awaken however,然而，如果它苏醒过来，
"You shudder at the thought, thankful that your journey takes you in a different direction",你一想到这个就打了个寒颤，庆幸你的旅程是往另一个方向去的。
#GradlaTownEnter,#格拉德拉镇入口
Something about DeepOnes,关于深潜者的一些事
More about DeepOnes,更多关于深潜者的事
Finally the last part about DeepOnes,最后关于深潜者的部分
I need to be on my way,我得赶路了
We’ll stay here and for now you can bloody well find your own place to hide,我们会留在这里，现在你他妈自己找个地方躲起来吧
Come back once it’s safe and we’ll see if we can’t scrounge up some supplies and a warm bed for you,等安全了再回来，我们看看能不能给你凑点补给和一张暖和的床
Also,还有，
Be careful and don’t lead those bloody things here if things go bad!,小心点，要是情况不妙，别把那些该死的东西引到这里来！
World's gone mad!,世界疯了！
All began with us finding those odd stairs leading up to the plateau with those strange ruins,一切都始于我们发现了那些通往高原的奇怪阶梯，上面有那些古怪的废墟
The Company sent an expedition here to investigate it and all,商会派了一支考察队来调查这一切
They set off up onto the plateau and then - nothing,他们出发上了高原，然后——就没了音讯
That is until the ‘events’ started!,直到那些‘事件’开始！
Events?,事件？
Started with my crew getting these strange dreams,一开始是我的船员们做了些奇怪的梦
Then we saw lights dance up over the plateau and heard strange sounds,然后我们看到高原上方有光芒舞动，还听到了奇怪的声音
Howls almost,几乎是嚎叫声
Then came the ‘things’ from the sea,接着海里的‘东西’就来了
The man’s voice shakes with terror,男人的声音因恐惧而颤抖
What 'things'?,什么‘东西’？
Things that should not be,不该存在的东西
Scaled things that walk like men,长着鳞片、像人一样行走的东西
They fell upon us in the night and we didn’t stand a chance,它们在夜里袭击了我们，我们毫无还手之力
"I’m not ashamed to say, the only reason I’m still alive is I hid like a frightened child",“我不怕承认，我还活着的唯一原因就是我像个吓坏了的孩子一样躲了起来”
Emperor’s bones I even pissed myself,帝皇在上，我甚至尿了裤子
"Strange thing is, it seems the monster tried to drag people away alive if they could",“奇怪的是，那些怪物似乎尽量把人活着拖走”
Dragged them right into the mines if you can believe it,直接拖进了矿洞，信不信由你
There were screams at first,起初还有尖叫声
Such horrible screams,那么可怕的尖叫
But they stopped soon enough,但很快就停了
We almost thought they’d left and that we could make a run for it!,我们差点以为它们走了，我们可以逃跑了！
Then the ships started arriving,然后船只开始抵达
Mad-men sailing all manners of vessels!,疯子们驾驶着各种各样的船只！
Was like they didn’t even try to land properly,他们好像根本没打算好好靠岸
They just beached the ships or ran them onto the reef but that didn’t matter,他们直接把船冲上沙滩或撞上礁石，但那都无所谓
The sea-creatures emerged from the mine to claim the offerings the madmen had brought,海里的生物从矿洞里出来，接收那些疯子带来的祭品
Fresh captives,新的俘虏
What happened to the captives?,俘虏们怎么样了？
"The madmen chanted as the captives were dragged into the mine, same as my crew",“疯子们吟唱着，俘虏们被拖进矿洞，就像我的船员们一样”
We heard them scream as well,我们也听到了他们的尖叫
I shudder to think what’s going on down there in the darkness,一想到那黑暗中的情形，我就不寒而栗
What can you tell me about the mines?,关于矿洞，你能告诉我些什么？
As you enter the mining camp you are greeted by the sight of carnage,当你进入采矿营地时，映入眼帘的是一片屠杀景象
Dead horses and animals litter the small plaza and the only visible sign of life is a lone dog,死马和动物散落在小广场上，唯一可见的生命迹象是一条孤零零的狗
We’ve seen this before,我们以前见过这种场面
Embla looks around thoughtfully,恩布拉若有所思地环顾四周
"You saw the wrecked ships as we came in, right?",我们进来时你看到那些沉船了吧？
At least some of them came from Horryn and that means there may at least be Reavers about,至少有些船来自霍林，这意味着附近可能有劫掠者
Pst!,嘘！
Hey you!,嘿，你！
a voice whispers loudly from the nearby building,附近建筑里传来一个声音，大声地低语
By the Golden!,以黄金之名！
Company’s mounted a rescue!,商会派人来救援了！
A wild-eyed man is peering at you through a slit in the door,一个眼神狂乱的男人正透过门缝窥视着你
What company?,什么商会？
The… the Gildendelve Mining Charter!,是……是吉尔登德尔夫矿业特许公司！
Do you mean to say the company didn’t send you?!,你是说商会没派你们来？！
"Well, aren’t we all fucked then",“好吧，那我们不都完蛋了”
"Big Lorn, they called me",“他们叫我大个子洛恩”
I’m the foreman here at the mines,我是这矿洞的工头
"Or, I used to be is more like it",“或者说，曾经是更准确”
Crew’s all dead or taken into the mines!,我的手下全死了，或者被拖进了矿洞！
Me and a handful of others have been hiding here for days but all the rest are gone!,我和其他几个人在这里躲了好几天，但其余的人都没了！
"And begging your pardon, we’re staying right where we are until help arrives!",恕我直言，在救援到来之前，我们就待在这儿不动！
"What, you won't let me in?",什么，你不让我进去？
I shouldn’t even be talking to you!,我甚至不该跟你说话！
It’ll draw them here and they’ll drag us into the mines as well!,这会把它们引来，它们也会把我们拖进矿洞的！
We’re not coming out until it’s safe and that’s that!,安全之前我们不会出去，就这样！
The man begins to slide shut the hatch in the door,男人开始把门上的小窗关上
I need more information!,我需要更多信息！
Ore mines,铁矿
It’s an older mine that the Company reclaimed,这是商会重新开采的一个老矿
We were expanding the western tunnels when we broke into an older part of the cave,我们在扩建西侧隧道时，打通了洞穴的一个更古老的部分
That’s where we found the stairs,我们就是在那里发现了阶梯
Stairs?,阶梯？
"Listen, I don’t want to talk anymore about this right now",“听着，我现在不想再谈这个了”
"We found the stairs, Company sent their expedition up onto the plateau and whatever they found, things went to shit!",我们发现了阶梯，商会派了考察队上高原，不管他们发现了什么，事情就变得一团糟！
Kill those things in the mine and I’ll be a lot more talkative,把矿洞里的那些东西干掉，我就会健谈得多
I'd best get going then,那我最好这就动身
"Well, be quick about it!",好吧，快点！
They could be back any time!,它们随时可能回来！
What's happened here?,这里发生了什么？
Who are 'they'?,‘他们’是谁？
The hatch in the door slides open and a pair of haggard eyes stare out apprehensively,门上的小窗滑开了，一双憔悴的眼睛担忧地向外张望
You’re still alive?,你还活着？
Is it safe to come out?,出来安全吗？
Not yet but I need to talk!,还不安全，但我需要谈谈！
#HorrynAmbush,#霍林伏击
"The men whirl around at the sound, and elation spreads across their faces as they spot you",那些人闻声猛然转身，一看到你，脸上便浮现出欣喜之色
"Dragging their captives along, the reavers fan out around you with moronic grins and weapons drawn",劫掠者们拖着俘虏，带着愚蠢的狞笑，拔出武器，在你周围扇形散开
"One of them makes a piercing whistle and it's echoed by another behind you - a new group of six reavers file into the street, cutting off any chance you had at a retreat",其中一人吹了一声刺耳的口哨，你身后随即有人应和——一队新的六名劫掠者鱼贯涌入街道，彻底断绝了你撤退的任何可能
"You spring stealthily out of hiding, determined to get within killing range before your foes spot you",你悄无声息地从藏身处跃出，决心在敌人发现你之前进入击杀范围
Your heart pounds in your chest as you prepare to strike the first blow!,当你准备发起第一击时，心脏在胸膛里剧烈跳动！
But a piercing whistling cuts through the silence and stops you dead in your tracks,但一声刺耳的口哨划破寂静，让你当场僵住了
"You whirl around to see another group of six reavers file into the street behind you, cutting you off from your escape route",你猛然转身，看到另一队六名劫掠者鱼贯涌入你身后的街道，切断了你的逃生路线
Elated laughter sounds from the first group as they notice the prey now caught between them and their comrades,第一群人注意到猎物现在被夹在他们和同伙之间，发出了兴高采烈的笑声
"The reavers fan out around you, dragging their captives along, with moronic grins and weapons drawn",劫掠者们拖着俘虏，带着愚蠢的狞笑，拔出武器，在你周围扇形散开
An 'end'?,一个“终结”？
There are no ends here!,这里没有终结！
Only new beginnings... new life!,只有新的开始……新生！
The men roar with laughter,那些人狂笑起来
I am not,我不是
But He is waiting for you,但祂在等着你
He has so much to show you,祂有那么多东西要给你看
When you're ready,当你准备好的时候
We've come to put and end to you!,我们是来终结你的！
"The man's breathing deepens in perverse delight as he pulls his hostage's head back by her long, auburn hair",那人抓住人质长长的赤褐色头发，将她的头向后扯去，呼吸因反常的愉悦而变得粗重
A thousand young will heed her call!,千万子嗣将听从她的召唤！
He places the knife across the woman's throat,他把刀横在那女人的喉咙上
A THOUSAND YOUNG WILL HEAR HER CALL!,千万子嗣将聆听她的召唤！
Stop!!,住手！！
"Before you can react, the big man slits the poor woman's throat",你还没来得及反应，那个大汉就割开了可怜女人的喉咙
Blood gushes forth as she stumbles towards you with utter panic in her eyes!,她跌跌撞撞地朝你走来，眼中满是极度的恐慌，鲜血喷涌而出！
Driina lunges towards her and frantically begins the hopeless task of stopping the bleeding,德莉娜冲向她，疯狂地开始进行那徒劳的止血工作
"In the ensuing chaos, half of the wicked pack falls upon you from behind as the leader and a handful of his lackeys slip away with the surviving hostages",在随之而来的混乱中，一半的恶徒从背后向你扑来，而首领和他手下的几个喽啰则带着幸存的人质溜走了
"As you approach the city-square, panicked cries of fear, pain and despair echo across the plaza",当你接近城市广场时，恐惧、痛苦和绝望的惊慌哭喊声在广场上回荡
You move closer and spy a large group of reavers rounding up and binding villagers,你走近些，发现一大群劫掠者正在围捕并捆绑村民
The poor souls are bloodied and abused and the reavers tie them in ranks as though they intend to march them away,这些可怜人满身是血，饱受凌虐，劫掠者将他们成排捆绑，仿佛打算把他们押走
Call to the reavers,向劫掠者喊话
"The brute stares at you for a moment, then smiles",那个粗人盯着你看了一会儿，然后笑了
He stabs his dagger into the woman’s thigh and she screams in shock and pain,他将匕首刺入那女人的大腿，她因震惊和剧痛而尖叫起来
Blood sprays uncontrollably from the wound as he pushes her roughly towards you,他粗暴地将她推向了你，鲜血从伤口不受控制地喷溅而出
"She stumbles into your arms, her face a mask of pleading and terror",她跌入你的怀中，脸上写满了恳求和恐惧
The wound is deep but she may yet be saved,伤口很深，但她或许还有救
Attempt to bind her wounds!,尝试为她包扎创伤！
You cannot threaten me,你威胁不了我
All that can change now is just how many vessels Father will offer up to Her by the day's end,现在唯一能改变的，只是【父亲】在今天结束之前会向祂献上多少容器
Can't you see?,你难道不明白吗？
This is your chance to be part of something so much bigger than yourself!,这是你参与一项远比自己更伟大的事业的机会！
Fine - take them!,好吧——带走他们！
Take the rest but leave the auburn woman,带走其他人，但留下那个赤褐色头发的女人
You're all insane!,你们全都疯了！
The wound is too deep and the bleeding too severe,伤口太深，失血太严重了
The woman bleeds out in your arms,那女人在你怀中失血而死
As you look around the pack of reavers have fled with their hostages and the plaza now lies empty,当你环顾四周时，那群劫掠者已带着人质逃走，广场现在空无一人
Driina holds the dead woman's hand as she recites a prayer under her breath,德莉娜握着死去女人的手，低声念诵着祷文
The wound has cut one of the large blood vessels in her thigh and the situation is dire,伤口切断了她大腿中的一条大血管，情况万分危急
"Acting quickly, you loosen your belt and wrap it around her leg",你迅速行动，解开腰带，缠在她腿上
Using a stick you craft a tourniquet and manage to apply enough pressure to halt the bleeding,你用一根棍子做了个止血带，并设法施加了足够的压力止住了流血
The woman’s life has been saved,这女人的命保住了
You sit with the woman and catch your breath,你坐在那女人身边，喘了口气
"Out of the fog, coming from the Fisherman’s Gate, a thin wretch of a man limps into view",从渔夫大门方向的雾气中，一个瘦弱不堪的男人一瘸一拐地出现在视野里
Natia!!,娜蒂亚！！
By the Golden Dead: you saved her!,以黄金先祖之名：你救了她！
Philip rushes to her side with tears streaming down his face,菲利普泪流满面地冲到她身边
"No doubt, the poor man followed you into the city to look for his wife",毫无疑问，这个可怜的男人是跟着你进城来找他妻子的
She needs a safe place to rest!,她需要一个安全的地方休息！
Our old home is nearby,我们的老家就在附近
It will have to do!,只能将就一下了！
Philip picks up his wife and leads you a short way through the mist to a meager home,菲利普抱起他的妻子，领着你穿过雾气走了一小段路，来到一处简陋的家
As you follow Driina places a hand on your shoulder and offers a soft smile,当你跟随时，德莉娜将一只手放在你肩上，露出了温柔的微笑
"A small reprieve amongst all this suffering, no?",在这无尽的苦难中稍得喘息，不是吗？
One of the struggling captives manages to break free,一名挣扎的俘虏设法挣脱了束缚
She is swiftly caught and her throat slit for the trouble,她很快就被抓住，并因此被割开了喉咙
The other captives cry out in terror,其他俘虏惊恐地大叫起来
"Laughing, the reavers pull the rest to their feet and make for the opposite side of the square, towards the keep that looms over Horryn",劫掠者们大笑着，把其余的人拉起来，朝广场的另一边走去，走向那座俯瞰着霍林的城堡
"We must act now, or all will be lost!",我们必须立刻行动，否则一切都将无法挽回！
Driina hisses,德莉娜嘶声说道
Stay hidden,保持隐蔽
"As the cries of the captives echo across the empty square, you tread cautiously back the way you came",当俘虏们的哭喊声在空旷的广场上回荡时，你小心翼翼地沿着来时的路往回走
A whistle cuts painfully through the eerie silence,一声口哨刺痛了这诡异的寂静
"You whirl around to see another group of six reavers file into the street behind you, cutting off your retreat",你猛然转身，看到另一队六名劫掠者鱼贯涌入你身后的街道，切断了你的退路
"Elated laughter spills from the first group, as they turn back to exult in their freshly caught quarry",兴高采烈的笑声从第一群人那里传来，他们转过身来，为刚抓到的猎物而欢欣鼓舞
"As the cries of the captives being dragged away echo in the empty square, Driina looks you straight in the eyes, measuring your resolve",当被拖走的俘虏们的哭喊声在空旷的广场上回荡时，德莉娜直视着你的眼睛，掂量着你的决心
"Before you can muster a response, she steps from your hiding place",你还没来得及做出回应，她就从你们的藏身处走了出去
Her voice booms across the square,她的声音响彻广场
By the Golden Dead - stand and answer for your crimes!,以黄金先祖之名——站出来为你们的罪行负责！
"The man's voice rises, speaking as much to the other reavers as to you",那人的声音提高，既是对你说，也是对其他劫掠者说
"We stand at the dawn of a new age - of old masters, reclaiming their rightful thrones!",我们正站在一个新时代的黎明——古老的主人们，正在夺回他们应得的王座！
And you will all play your part in ushering it in,而你们所有人都将在引领这个时代到来的过程中扮演自己的角色
The hooded man smiles cruelly at Driina,那个戴兜帽的男人对德莉娜露出了残忍的微笑
The reavers close in around you,劫掠者们向你围拢过来
This ends now!,现在就做个了断！
What now?,现在怎么办？
Steady on,稳住
"Roland whispers as he grabs your wrist, pulling you back into the shadows",罗兰抓住你的手腕，将你拉回阴影中，低声说道
There's plenty more of them than us - attacking head on is a poor bet even for me,他们人数比我们多得多——即使对我来说，正面攻击也是个糟糕的选择
Wait till they move and we'll take their rear,等他们行动，我们就抄他们的后路
Might even the odds before they know what's hit 'em,或许能在他们反应过来之前扳回劣势
We'll wait!,我们等！
We attack now!,我们现在就攻击！
Not in a rush to die anymore Roland?,不再急着去送死了吗，罗兰？
Roland scowls,罗兰皱起了眉头
"I may be shitty company, but that doesn't mean I'm happy to let my comrades throw their lives away on a whim",我也许是个糟糕的同伴，但这不意味着我愿意看着我的战友们凭一时冲动就白白送命
The man points his blade at you,那人用刀剑指向你
We will meet again soon!,我们很快就会再见的！
"He whistles loudly and the pack sets off at a run, driving the hostages before themselves like pigs to the slaughter",他大声吹响口哨，那群人便跑了起来，像赶着待宰的猪一样驱赶着面前的人质
Roland puts a heavy hand on your shoulder,罗兰将一只沉重的手搭在你肩上
If we had fought them it would have been the end of the hostages,如果我们当时和他们打起来，那些人质就完了
"Now, at least, we may yet have a chance to rescue them",现在，至少，我们或许还有机会救出他们
Behind you Driina sinks to her knees and sobs from rage and helplessness,在你身后，德莉娜跪倒在地，因愤怒和无助而啜泣
You tell yourself that combat would certainly have resulted in the death of the hostages,你告诉自己，战斗肯定会导致人质死亡
At least now you may yet find a second chance to rescue them,至少现在，你或许还能找到第二次机会去救他们
"A hulk of a man steps to the fore, dressed only in ragged trousers and a half hood",一个身材魁梧的男人走上前来，只穿着破烂的裤子和一件半截兜帽
His swollen barrel chest is covered in sailor tattoos,他肿胀的桶状胸膛上布满了水手纹身
"He hefts a rusty serrated dagger, and drags a terrified woman behind him by her auburn hair",他掂着一把生锈的锯齿匕首，抓着一个惊恐女人的赤褐色头发，将她拖在身后
"He smiles serenely as he approaches, revealing a few remaining, yellow teeth",他走近时安详地微笑着，露出几颗残留的黄牙
You have no idea how glad I am to see you here!,你不知道我在这里见到你有多高兴！
There is no scorn or malice in his voice,他的声音里没有轻蔑或恶意
Only genuine joy,只有纯粹的喜悦
You're truly blessed to be a part of this,能参与其中，你真是有福
"He slowly, almost tenderly places the knife against the womans throat as he speaks",他一边说着，一边缓慢地，几乎是温柔地，将刀抵在女人的喉咙上
Are you the one they call 'Father'?,你就是他们称为“【父亲】”的人吗？
A part of what?,参与什么？
The man's breathing deepens in perverse delight as he pulls his hostage's head back by her long auburn hair,那人抓住人质长长的赤褐色头发，将她的头向后扯去，呼吸因反常的愉悦而变得粗重
We bring these children to Father’s flock,我们把这些孩子带到【父亲】的羊群中
You are free to roam and frolic with my brothers and sisters,你可以自由地与我的兄弟姐妹们一起漫步嬉戏
I’m sure Oleg or Kala will welcome you with open arms!,我相信奥列格或卡菈会张开双臂欢迎你！
Let the villagers go!,放了那些村民！
Not a chance!,休想！
#HorrynAmbush,#霍林伏击
"As you approach the city-square, panicked cries of fear, pain and dispair echo across the plaza",当你接近城市广场时，恐惧、痛苦和绝望的惊慌哭喊声在广场上回荡
Acting quickly you quickly loosen your belt and wrap it around her leg,你迅速行动，解开腰带，缠在她腿上
"Out of the fog, coming fromthe Fisherman’s Gate, a thin wretch of a man limps into view",从渔夫大门方向的雾气中，一个瘦弱不堪的男人一瘸一拐地出现在视野里
"He hefts a rusty cleaver, and drags a terrified woman behind him by her auburn hair",他掂着一把生锈的剁肉刀，抓着一个惊恐女人的赤褐色头发，将她拖在身后
"A small reprieve amongst all this suffering, no",在这无尽的苦难中稍得喘息，不是吗，
Good bye!,再见！
You meet someone for the first time,你第一次见到某人
More intro exposition,更多介绍性说明
You have formed a first impression and are ready to act,你已经形成了第一印象，准备行动
"So, what will it be?",“那么，你想要什么？”
Show me your wares,让我看看你的货物
I have only the finest wares!,我只有最好的货物！
#HorrynCastlePrisoners,霍林城堡囚犯
A hush falls over the crowd,人群陷入一片寂静
I know her,我认识她
says the woman,那女人说
They took her in the last group,他们在最后一批带走了她
She’s with ‘Father’ now,她现在和“【父亲】”在一起
I need to go but let me try picking these locks first,我得走了，但让我先试试撬这些锁
Now!,快！
Moans and soft sobs mix with the stench of unwashed bodies and rotting corpses,呻吟和轻声啜泣与未清洗身体和腐烂尸体的恶臭混杂在一起
Packed densely in the castle's cells stand rows and rows of men and women,城堡牢房里密密麻麻地站着一排排男男女女
No doubt those who were taken alive when Horryn fell,毫无疑问，这些是霍林陷落时被活捉的人
At first they recoil in terror at the sight of you,起初，他们一看到你就吓得退缩
"Then, as they realize you’re not their cruel captors, madness overcomes them as they grasp desperately at you through the bars",然后，当他们意识到你不是残忍的抓捕者时，疯狂攫住了他们，他们隔着栅栏拼命地抓住你
Water!,水！
comes the cry from parched throats,干渴的喉咙里发出呼喊
Calm yourselves!,冷静！
I'll try to help as best I can!,我会尽力帮忙！
You find a bucket of water and a ladle and quickly distribute water as best you can to the desperate prisoners,你找到一桶水和一把长柄勺，尽快给绝望的囚犯们分水
A haggard woman who looks like she’s aged a decade in the last days grabs your hand and kisses it,一个憔悴的女人，看起来在过去几天里老了十岁，抓住你的手亲吻
The Golden Dead has sent you!,黄金先祖派你来了！
We’ll be free soon - I can feel it in my bones!,我们很快就能自由了——我能感觉到！
What's happening here?,这里发生了什么？
We were dragged from our homes!,我们被从家里拖了出来！
"When the Reavers went mad, they went from house to house",劫掠者发疯时，他们挨家挨户地搜查
Killing some and taking others,杀掉一些人，带走另一些人
It was like they knew exactly who to take and who to kill,就好像他们确切知道该带走谁、该杀掉谁
It was insanity,那简直是疯狂
Pure insanity!,纯粹的疯狂！
I’ll never forget the screams and cries,我永远不会忘记那些尖叫和哭喊
Her hand begins to tremble,她的手开始颤抖
Another woman places her arms around her in a comforting gesture and continues,另一个女人用双臂搂住她，做出安慰的姿态，继续说道
They’ve been keeping us here for days with no food and little water,他们把我们关在这里好几天了，没有食物，只有很少的水
But in the last hours they’ve been coming and taking groups of three or four,但在过去几个小时里，他们不断来带走三四人一组的人
Up to see ‘Father’,上去见“【父亲】”
Those who go… don’t come back,那些去的人……再也没有回来
I'm looking for someone,我在找一个人
A woman named Embla,一个叫恩布拉的女人
To the dismay of the desperate prisoners you fail to pick the massive locks,令绝望的囚犯们沮丧的是，你没能撬开巨大的锁
These people must be left to their own devices for now,这些人现在只能靠自己了
Perhaps another way of freeing them can be found ahead?,也许前面能找到另一种解救他们的方法？
"With great difficulty, you manage to pick the massive locks",费了很大劲，你终于撬开了巨大的锁
Slowly the exhausted prisoners exit their cells and make their way towards the secret exit,疲惫的囚犯们慢慢走出牢房，朝秘密出口走去
"Whatever comes next, you have at least done some good",无论接下来发生什么，你至少做了一些好事
#HorrynCastleQuartermaster,#霍林城堡军需官
An aging guard is muttering annoyed to himself as he compares the stocks of the armory with the content of a list,一位年迈的守卫一边对照清单清点军械库的库存，一边恼火地自言自语。
As you enter the armory he’s quite unable to hide his annoyance,你走进军械库时，他完全无法掩饰自己的恼怒。
"Yes, yes!",“是，是！”
The saviors of Horryn are to be given all possible aid - I know!,霍林的救星们理应得到一切可能的援助——我知道！
Is there a problem here?,这里有什么问题吗？
Not for you,对你来说没有。
I’m the one left sorting out this mess of a supply situation,是我被留下来收拾这个烂摊子的补给状况。
I’ve been ordered to assist you as best I can,我奉命尽力协助你。
Here’s the best I can,这就是我能做到的最好了。
There should be some gear laying around that I haven’t gotten around to inventorying yet,这里应该有些我还没来得及清点的装备散落着。
Take it and use it as you please,拿去吧，随你怎么用。
"Secondly, I am to sell you supplies at a ’favorable’ rate",“其次，我得按‘优惠’价格卖给你补给。”
The quartermaster shudders at the very thought,军需官光是想到这个就不寒而栗。
Let's see what you have then!,那让我看看你有什么！
You need something?,你需要什么吗？
#HorrynCastleRetaken,#霍林城堡收复
Markus smiles at you with an optimism that is utterly malplaced given the gravity of the situation,马库斯对你露出乐观的微笑，但在如此严峻的形势下，这种乐观完全不合时宜
Then it is decided!,那就这么定了！
Aid is not long for the people of Horryn!,霍林的人民很快就能得到援助！
"Before you go, be sure to visit the armory in the western part of the keep",“在你离开之前，一定要去城堡西侧的军械库看看。”
"If there is any material aid we can offer, you shall have it!",“如果我们能提供任何物资援助，你尽管拿去！”
May the Golden Dead keep their hand over you!,愿黄金先祖保佑你！
Iago bow deeply,伊阿戈深深鞠躬
M’lady,小姐
"I, Iago zha Droma, shall answer your call for aid!",“我，伊阿戈·扎·德罗马，将响应你的求援！”
You could never ask for a better ship and crew to carry us all to our dooms than my ‘Weathermaiden’,你再也找不到比我的‘天候少女号’更好的船和船员，来载着我们所有人奔赴末日了
"If indeed this is to be, there is much work to be done",“如果真要如此，那还有很多工作要做。”
"If you will allow it, I shall return to my crew and begin preparations",“如果你允许，我将回到我的船员那里开始准备。”
And where was that again?,再说一遍，在哪里？
My crew is currently lying in hiding in a large cave north-west of here while the ‘Maiden’ undergoes repairs,我的船员目前正躲藏在西北边的一个大洞穴里，而‘天候少女号’正在维修
"In case you’ve not already been there, I shall note down the position in your journal",“如果你还没去过那里，我会把位置记在你的日志里。”
Join us there when you are ready to set sail,等你准备好启航时，就来那里与我们会合
"Iago shakes you hand, nods to Embla and makes haste to rejoin his ship and crew",伊阿戈握了握你的手，向恩布拉点点头，然后匆忙赶回他的船和船员那里
We'll meet again soon!,我们很快就会再见！
Your head reels and your body aches,你头晕目眩，浑身酸痛
For the first time in a long while you allow yourself to acknowledge how truly exhausted you are,长久以来，你第一次允许自己承认，你真的是筋疲力尽了
"Nonetheless, a cloud appears to have lifted ever so slightly with the death of the fell creature",尽管如此，随着那邪恶生物的死亡，笼罩的阴云似乎稍稍散去了一些
It is as if the feeling of wrongness that pervades the island is diminished - though certainly not gone,仿佛弥漫全岛的那种不对劲的感觉减弱了——尽管肯定没有消失
Painfully you get to your feet,你痛苦地站起身来
"There, in front of you lies the scion you were sent to find",就在你面前，躺着那个你奉命来寻找的后裔
Embla of House Berryn,贝林家族的恩布拉
Go to her,去她身边
Markus stammers as he searches for words,马库斯结结巴巴地寻找着言辞
"He gets up, calls for one of the guards, then changes his mind, turns around sharply and produces a piece of paper and a quill but ultimately fails to think of anything useful to do with it",他站起身，叫来一名守卫，然后又改变主意，猛地转过身，拿出一张纸和一支羽毛笔，但最终想不出拿它们做什么有用的事
Ultimately he turns back to you and Emlba with a mask of utter dejection on his face,最终，他转向你和恩布拉，脸上满是沮丧
Gradla,格拉德拉
Embla looks at the corpse of the Father for a moment then back at Markus,恩布拉看了【父亲】的尸体片刻，然后转向马库斯
"Though there is much I do not know yet, I will say this much",“虽然我还有很多不知道的事，但我要说这么多。”
Chaos engulfs the Outer Isles and the force that drives it is rising,混乱吞噬了外岛群，而驱动它的力量正在崛起
"For whatever reason, Gradla lies at the center of this conjunction",“无论出于什么原因，格拉德拉都处于这场灾变的中心。”
"The Empire will not come for us and, though we cannot escape the outer isles, I believe a fast ship and a skilled captain could make it to the shores of Gradla",“帝国不会来救我们，而且，虽然我们无法逃离外岛群，但我相信一艘快船和一位熟练的船长能够抵达格拉德拉的海岸。”
"If we can force a landing, we may have a chance at stopping the conjuncture before the Outer Isles are lost forever",“如果我们能强行登陆，或许有机会在外岛群永远沦陷之前阻止这场灾变。”
Rescue the lost souls of Horryn and at the same time deal with this ‘conjuncture’!,拯救霍林迷失的灵魂，同时应对这场‘灾变’！
Embla says nothing,恩布拉一言不发
"But if no help is coming from the mainland, we have no one to turn to but you {PLAYER}",“但如果大陆没有援助到来，我们能求助的就只有你了，{PLAYER}。”
"Truly, we cannot ask this of you!",“真的，我们不能要求你这么做！”
I have neither men nor much equipment to offer!,我既没有人手，也没有多少装备可以提供！
There is no doubt you speak the truth Embla,毫无疑问，你说的是实话，恩布拉
I came here to bring you back to the mainland Embla - nothing more,我来这里是为了带你回大陆，恩布拉——仅此而已
You're insane,你疯了
Embla sits up slowly,恩布拉慢慢坐起身
She’s pale and sick-looking,她脸色苍白，一副病容
The raw expenditure of Reticular energy took its toll on her,网状能量的剧烈消耗让她付出了代价
I knew it was going to be you,我就知道会是你
It’s always you,总是你
And I’m glad every time,而且每次我都很高兴
What do you mean 'every time'?,“每次”是什么意思？
We’ve been here before a thousand times and we’ll be here again and again until the universe itself ends,我们之前已经来过这里上千次了，而且还会一次又一次地来，直到宇宙本身终结
"Slowly and unsteadily, Embla gets to her feet",恩布拉缓慢而不稳地站起身来
For the first time she looks you in the eyes,她第一次直视你的眼睛
A tired smile comes across her face,她脸上露出疲惫的微笑
"{PLAYER}, it really is good to see you",“{PLAYER}，见到你真好。”
Your father dispatched me,你的父亲派我来的
You are here because you have to be,你在这里是因为你必须在这里
As am I,我也是
We always have and we always will,我们一直如此，也将永远如此
"Here, on the ship… under the Priory",“在这里，在船上……在修院之下。”
She looks at you intently,她专注地看着你
"Almost pleadingly, as if willing you to recall a memory so old it all but faded",几乎是恳求地，仿佛希望你回忆起一段古老得几乎褪色的记忆
I don't understand?,我不明白？
Suddenly a look of confusion falls over her face,突然，她脸上浮现出困惑的神情
I’m sorry,对不起
I… forgot where we were,我……忘了我们在哪里
When we were,我们何时
"{PLAYER}, there is something so wrong here",“{PLAYER}，这里有些非常不对劲的地方。”
And much worse than you realize,而且比你意识到的要糟糕得多
"That thing, the ‘Father’!",“那个东西，‘【父亲】’！”
The people and animals changing!,人和动物都在变化！
Even… even time is wrong,甚至……甚至时间都不对劲
I don’t fully understand it but something is causing it,我不完全明白，但有什么东西在引发这一切
Drawing it here,把它引到这里
Drawing… us here,把我们……引到这里
This isn't making sense,这说不通
Embla draws a deep breath and closes her eyes,恩布拉深吸一口气，闭上了眼睛
For a moment she is quiet,她安静了片刻
Forgive me - I know,原谅我——我知道
I’m only beginning to understand it myself,我自己也才刚刚开始理解
"For now, I’ll tell you what you",“现在，我会告诉你你……”
Suddenly the heavy tramp of armored feet echo throughout the keep as the beleaguered remnants of the Horryn city guard make their way to the main hall,突然，沉重的盔甲脚步声在城堡中回荡，霍林城市守卫的残部正走向主厅
"Ineptly brandishing a sword, Markus is bringing up the rear",马库斯笨拙地挥舞着一把剑，走在队伍最后
"The former chamberlain and now de-facto leader of Horryn looks even more thin and drawn then when you first met him but nonetheless, there is a small glimpse of triumph in his eye",这位前任总管、如今霍林的实际领袖，看起来比你第一次见到他时更加消瘦憔悴，但尽管如此，他眼中仍闪过一丝胜利的光芒
Markus!,马库斯！
You’ve done it!,你做到了！
We’ve,我们……
He’s cut short as his gaze falls upon the grotesque corpse of the ‘Father’,他的目光落在‘【父亲】’那怪异的尸体上，话说到一半就停住了
"By Gallian the Great, protect us all!",“以伟大的伽里安之名，保佑我们所有人！”
How can such things exist?,这种东西怎么可能存在？
Where did it,它从哪里……
"He tires, and fails to fight back the nausea",他感到疲惫，没能忍住恶心
"While Markus retches in disgust, Embla meets your eyes",当马库斯厌恶地干呕时，恩布拉与你目光相遇
It is clear that she has much to say but now is not the time or place,很明显，她有很多话要说，但现在不是时候，也不是地方
Wordlessly you agree that both questions and answers will have to wait for now,你无言地同意，问题和答案都只能暂时等待
"Markus, are you okay?",“马库斯，你还好吗？”
Markus slumps heavily down in a chair as he catches his breath,马库斯重重地瘫倒在椅子上，喘着气
He tries hard to avoid looking at the corpse sprawled on the floor,他竭力避免去看地上那具摊开的尸体
"Once more we owe our fortunes to you, {PLAYER}",“我们又一次欠你人情了，{PLAYER}。”
"Sadly, the situation is dire",“可悲的是，局势非常严峻。”
So many were taken by the Reavers and there are hardly any left!,那么多人被劫掠者抓走，几乎没剩下什么人了！
We found but a few dozen survivors in the dungeons where there should be hundreds!,我们在地牢里只找到了几十个幸存者，而那里本该有数百人！
Where have they all gone?,他们都去哪儿了？
Embla answers,恩布拉回答
I’m afraid I have the answer to that,恐怕我知道答案
There was a method to the Reaver’s madness,劫掠者的疯狂是有章法的
Those they took were taken for a reason,他们抓走那些人是有原因的
The ones Father approved were gathered together and placed on ships,那些被【父亲】认可的人被集中起来，送上了船
Markus’ face goes white,马库斯的脸变得煞白
Wh… why?,为……为什么？
For what possible purpose?,到底是为了什么目的？
I can’t tell you for what purpose but I think I know where they went at least,我不能告诉你是什么目的，但我想我至少知道他们去了哪里
North to the island of Gradla,向北，去了格拉德拉岛
No doubt there is much more to Embla’s story than she’s willing to share with Markus,毫无疑问，恩布拉的故事远不止她愿意告诉马库斯的这些
Markus thinks for a moment,马库斯思索了片刻
There are rumors that there are smugglers held up in the sea-caves on the north-western coast,有传言说，西北海岸的海蚀洞窟里藏着一伙走私者
As much as I detest smugglers it can’t be denied that they are some of the finest sailors to grace these oceans,尽管我非常厌恶走私者，但不可否认，他们是这片海洋上最出色的水手
I would begin my search there!,我会从那里开始搜寻！
Look around!,看看周围！
"Even if I agreed to follow you, there is no way to get to the mainland",“即使我同意跟随你，也没有办法回到大陆。”
We wouldn’t even make it out of the Outer Isles before the horrors of the deep would drag us down,我们甚至还没离开外岛群，就会被深渊的恐怖拖入海底
"If there is a way back home, it goes through Gradla",“如果有回家的路，那一定经过格拉德拉。”
Then our path leads to Gradla,那么我们的道路通向格拉德拉
Embla looks deeply into your eyes,恩布拉深深地凝视着你的眼睛
I have never in my life been more lucid {PLAYER},我这辈子从未如此清醒过，{PLAYER}
There are events set in motion that you have not even begun to fathom,有些事件已经启动，你甚至还没开始理解
The depth of her conviction shakes you,她信念的深度震撼了你
I was paid to do a simple job!,我只是受雇来做一份简单的工作！
Not some suicide mission!,不是什么自杀式任务！
I believe you,我相信你
To Gradla it is,那就去格拉德拉
Embla smiles warmly,恩布拉温暖地笑了
Then it is settled,那就这么定了
We make for Gradla and whatever fate awaits us there,我们前往格拉德拉，无论那里等待着我们的是什么命运
"As for a ship and captain, the vessels here in Horryn are ruined and surely there is not a captain alive that will brave the seas at this time?",“至于船和船长，霍林这里的船只都毁了，而且肯定没有活着的船长敢在这个时候出海吧？”
Iago?,伊阿戈？
"Hmm, I may have an idea",“嗯，我可能有个主意。”
Refer to the smugglers hiding in the sea-cave to the north-west,指的是藏在西北边海蚀洞窟里的走私者
Markus?,马库斯？
Any suggestions?,有什么建议吗？
You explain how you found the crew of the Weathermaiden hiding in a sea-cave to the north-west of town as Markus listens intently,你解释了你如何发现天候少女号的船员藏在镇子西北边的海蚀洞窟里，马库斯专注地听着
I would indeed begin my search there!,我确实会从那里开始搜寻！
Then that is what I will do!,那我就这么做！
#HorrynCastleSpotted,#发现霍林城堡
The man laughs maniacally,男人疯狂地大笑。
We’ll stand here again and again and again and you’ll take my hand soon enough!,我们会一次又一次地站在这里，你很快就会握住我的手！
You always do,你总是这样。
Prisoners?,囚犯？
the man asks slowly as if he doesn’t understand the question,男人慢慢地问道，仿佛不明白这个问题。
Then a broad smile spreads across his face,然后他脸上绽开灿烂的笑容。
"Oh, they’re not prisoners",“哦，他们不是囚犯。”
They are acolytes,他们是侍僧。
Chosen ones,被选中的人。
Father will weigh them and the ones he finds worthy… they go on the ships,【父亲】会衡量他们，那些他认为值得的人……他们会登上船。
Such wonders they will see,他们将看到如此奇观。
The man’s tone is dream-like,男人的语气如梦似幻。
Die scum!,去死吧，人渣！
Take me to him,带我去见他。
The small band of Reavers stand swaying in the halflight of the dimly lit room,一小群劫掠者站在昏暗房间的半明半暗中摇晃着。
They look pale and drawn and their eyes distant,他们脸色苍白、憔悴，眼神遥远。
"It strikes you that, in their fervor, they have likely neither eaten or slept in the last days of chaos",“你突然意识到，在他们的狂热中，在混乱的最后日子里，他们很可能既没吃也没睡。”
These men are being driven beyond their limit,这些人被驱使到了极限。
"By what, you don’t dare speculate",“被什么驱使，你不敢猜测。”
"One of them blinks a few times as he notices you, and an oddly beatific smile falls over his face as their lethargy is replaced by the prowling aspect of some predator",“其中一人注意到你时眨了几下眼睛，一种奇异的幸福微笑浮现在他脸上，他们的倦怠被某种捕食者的潜行姿态所取代。”
You immediately recognize the man as the leader of the first Reaver band you came across when you entered Horryn,你立刻认出这个男人是你进入霍林时遇到的第一支劫掠者队伍的首领。
You came,你来了。
His voice is hoarse and dry and there is a genuine note of gratitude in it,他的声音嘶哑而干涩，其中带着真诚的感激。
"He’s waiting, you know",“他在等，你知道的。”
It’s your turn now to go to Father,现在轮到你去见【父亲】了。
Let me take you,让我带你去。
He offers you a shaking hand,他向你伸出一只颤抖的手。
Take me to Father,带我去见【父亲】。
What are you doing to the prisoners?,你对囚犯们做了什么？
I'm here to put you down!,我是来干掉你的！
The band flocks around you and swiftly leads you through the ravaged halls of the keep,这群人聚集在你周围，迅速带你穿过城堡被蹂躏的大厅。
"Cries of terror echo faintly ahead and though you are no doubt being driven towards their source, you cannot help but feel… a calling",“前方隐约传来恐怖的哭喊声，尽管你无疑正被带向它们的源头，你却不禁感到……一种召唤。”
You must go this way,你必须走这边。
You always have and you will do so a thousand times again,你一直如此，而且还会再这样做一千次。
You arrive at your destination,你到达了目的地。
The keep’s great hall,城堡的大厅。
"Robed figures line the walls, bathed in the lambent light of foul sorcery",“穿着长袍的身影排列在墙边，沐浴在邪恶巫术的柔和光芒中。”
Go,去吧。
someone whispers,有人低语。
He’s ready for you,他为你准备好了。
#HorrynChiefsDead,#霍林酋长之死
"You stand dazed, surveying the carnage around you",你茫然地站着，环顾四周的杀戮景象
The three Reaver chieftains lie dead,三名劫掠者酋长倒在地上，已经死去，
Now the one they call Father awaits you inside the still occupied keep,现在，那个被他们称为【父亲】的人正在仍被占据的城堡里等着你，
The sound of footsteps interrupt your thoughts and you whirl around ready for another melee,脚步声打断了你的思绪，你猛地转身，准备迎接另一场近战，
To your surprise you see the surviving soldiers of the Horryn guard bolstered by armed refugees!,你惊讶地看到，霍林守卫的幸存士兵在武装难民的支援下！
"Moving methodically from house to house, they begin the task of retaking the ravaged town",他们有条不紊地逐屋推进，开始了夺回这座被蹂躏城镇的任务
Cries of jubilation mix with the anguished cries of people finding the corpses of former loved ones,欢庆的呼喊与人们发现昔日亲人尸体时的痛苦哭喊交织在一起，
"Nonetheless, it does not take long for life to creep back into the desolate streets",尽管如此，没过多久，生机便悄然回到了荒凉的街道上
One of the soldiers approaches you,一名士兵向你走来，
"{PLAYER}, I bring word from the chamberlain!",{PLAYER}，我带来了总管的口信！
He’s requested you find him at the tavern over by the temple,他请你到神殿旁边的酒馆去找他，
He asks you make haste,他请你尽快前往，
The young man offers a short bow and continues on his way,年轻人简短地鞠了一躬，然后继续赶路。
#HorrynClothierScene,#霍林裁缝场景
#HorrynCryptBloom,#霍林墓室绽放
You awaken with a start,你猛然惊醒
You are lying sprawled on the cold stone floor of the tomb,你正四肢摊开躺在冰冷的墓室石地板上
"There is no telling how long you’ve been there, but the irritation in your eyes and lungs has subsided",不知道你在那里待了多久，但你眼睛和肺部的刺痛感已经消退了
"Kat grabs your arm, wild-eyed and tears streaming",卡蒂抓住你的手臂，眼神狂乱，泪流满面
"She tries to say something, then gives up",她想说些什么，却又放弃了
Get up,起身
Driinas face is wet from sweat as she continually and wordlessly recites some prayers,德莉娜的脸上满是汗水，她不停地默念着祈祷词
"As you address her, she stops suddenly and fixes you with her gaze",当你向她说话时，她突然停下，凝视着你
This is madness given form,这是疯狂具现化的形态
"And in this, the most sacred of places",而且是在这最神圣的地方
The home of the dead!,死者的家园！
She draws her breath and seems to compose herself,她深吸一口气，似乎让自己镇定下来
We must venture to stamp out this foulness,我们必须冒险去铲除这污秽之物
What can we do?,我们能做什么？
This city is built on ancient foundations,这座城市建在古老的地基之上
There are crypts below that are far more ancient than this,下方有比这里古老得多的墓室
That must be where this abomination is being spawned,那一定就是这异物滋生之处
"Then again, this is no coincidence",不过，这绝非巧合
"Whatever madness has befallen Idra, this is all part of that same curse",无论伊德拉遭遇了何种疯狂，这都是同一诅咒的一部分
"And for now, there are still living that need our aid!",眼下，还有活人需要我们的援助！
"As much as it pains me to leave this foulness alive in the crypt, we must press onwards and through to the castle",虽然让这污秽之物在墓室中存活令我痛心，但我们必须继续前进，穿过这里前往城堡
All I ask is this,我只要求这一点
"Once we retake the city, we will come back here and restore the sanctity of this place!",一旦我们夺回城市，我们就会回到这里，恢复此地的神圣！
I'm with you Driina!,我支持你，德莉娜！
"As you scramble to your feet, you have a chance to take in the strange growths that fill the chamber for the first time",当你挣扎着站起身时，你第一次有机会看清充斥整个房间的奇怪生长物
Examine the tentacles,检查触手
"Alien, tentacle-like roots burst obscenely from the floor before branching off into a myriad of smaller partitions that seem to spread throughout the entire complex",异形、触手般的根系从地板下淫秽地爆出，然后分叉成无数更小的分支，似乎遍布整个建筑群
"The growths seem to writhe with peristaltic motion and as you draw near, strands lift up and reach greedily towards you",这些生长物似乎在蠕动，当你靠近时，细丝抬起，贪婪地伸向你
You've seen this before,你以前见过这个
In the well near the farmhouse where you landed on Idra,在伊德拉登陆点附近农舍的水井里
"{PLAYER}, lets be on our bloody way yeah?",{PLAYER}，我们赶紧上路吧，好吗？
Kat spits as she backs away towards the door,卡蒂啐了一口，一边向门口退去
Examine the tentacles more closely,更仔细地检查触手
You fail to learn anything new about the strange organism,你未能了解到关于这奇怪生物的任何新信息
The growths seem to shudder with anticipation,这些生长物似乎在期待中颤抖
Perhaps you have read of this before?,也许你以前读到过这个？
Have you encountered this in nature somewhere?,你曾在自然界某处遇到过这个吗？
"Driina, what is happening here?",德莉娜，这里发生了什么？
"A fine dust whirls up as you progress through the chamber, filling your eyes and nose with a burning sensation that sends you into an uncontrollable fit of sneezing and eventually, retching",当你穿过房间时，扬起一阵细尘，让你的眼睛和鼻子充满灼烧感，使你无法控制地打喷嚏，最后干呕起来
The sound booms in the echoing chamber and makes your ears ring as stars flash before your eyes,声音在回荡的房间里隆隆作响，震得你耳鸣，眼前金星直冒
"As you reel to escape the invasive spores, you end up crawling on hands and knees towards the exit",当你踉跄着躲避侵入性的孢子时，最终只能手脚并用地爬向出口
"A mist seems to be filling the room, or is it simply your vision fading to black?",似乎有雾气弥漫房间，还是只是你的视线逐渐变黑？
Fight the sensation,抵抗这种感觉
This organism defies any known taxonomy,这种生物违背了任何已知的分类学
But there are books,但有书
"Forbidden books, that speak of such things",禁书，提到过这类东西
Algion of Yrr wrote of how he saw vast squirming masses shift in the pale light of distant stars,伊尔的阿尔吉昂写道，他看见巨大的蠕动团块在遥远星辰的苍白光芒中移动
"And certain, unspeakable Shaddu-Wahit texts talk of the “crawling doom” that came to Errawhan",而某些不可言说的沙杜-瓦希特文献提到了降临埃拉万的“爬行末日”
You shudder - it is best not to think of such things,你打了个寒颤——最好还是别想这些事
"Strangely, through the dim veil, you see something",奇怪的是，透过昏暗的帷幕，你看到了什么
Basalt towers loom across a dead landscape,玄武岩塔楼在死寂的景观中隐现
A strange piping reverberates through all your being,一种奇怪的笛声在你全身回荡
"As you crawl on hands and knees, you can clearly feel the cold tile floor of the crypt",当你手脚并用地爬行时，你能清晰地感觉到墓室冰冷的瓷砖地板
Yet you find yourself... elsewhere,然而你发现自己……在别处
Now a wind blows across the blasted desolation,现在一阵风吹过这片荒芜的废墟
"Standing just ahead of you, yet impossibly far away, is a tall figure dressed in flowing tattered robes",就在你前方，却又遥不可及地站着一个高大的身影，穿着飘逸的破烂长袍
It raises its hand towards its face and again the strange piping sounds,它抬起手靠近面部，那奇怪的笛声再次响起
All is black,一片漆黑
"You manage to cover your face with a piece of clothing and as you shield your face from the impossible vista in the mist, you struggle to gain control of your breathing",你设法用一块布遮住脸，当你遮挡雾气中那不可思议的景象时，你努力控制住呼吸
A howling wind mixes with the piping and for a moment you hear the fluttering of tattered robes,呼啸的风与笛声交织，一时间你听到破烂长袍的飘动声
Instinctively you continue covering your eyes,你本能地继续遮住眼睛
"Then, cutting through the maddening noise you hear a voice as clear as crystals",然后，穿透那令人发狂的噪音，你听到一个如水晶般清澈的声音
Drinna is reciting a prayer,德莉娜正在念诵祈祷词
"Then, as suddenly as it started, all is silent",然后，就像开始时一样突然，一切归于寂静
Relief floods through you as you look up and find yourself still in the darkened tomb chamber,你抬头发现自己仍在昏暗的墓室中，如释重负
Kat grabs your arm with wild-eyes,卡蒂眼神狂乱地抓住你的手臂
"She looks as if she's going to say something, then gives up",她看起来好像要说什么，然后又放弃了
You do not know what to make of the strange organism before you,你不知道该如何理解眼前的奇怪生物
"It most closely resembles some strange fungal growth, but even that is only in the most general of terms",它最像某种奇怪的真菌生长物，但即使这样也只是最笼统的说法
You have never seen anything like it before,你以前从未见过类似的东西
"In fact, you feel certain that this “thing” is utterly alien to our world",事实上，你确信这个“东西”完全不属于我们的世界
"From whence it came however, you can only guess",然而，它从何而来，你只能猜测
#HorrynCryptBloom,#霍林墓室绽放
#HorrynCryptEmbalming,#霍林地穴防腐室
Driina begins searching through a pile of tomes on a nearby table,德莉娜开始翻找附近桌子上的一堆典籍，
"Her face, still ashen-grey, pales even further as her attention turns to the corpse in the center of the room",她的脸，原本就灰白如死灰，当注意力转向房间中央的尸体时，变得更加苍白了
"Driina, what is this room?",德莉娜，这是什么房间？
Driina presses her palms lightly against her face before removing them in a gesture that reminds you of an unmasking,德莉娜轻轻将手掌贴在脸上，然后移开，那动作让你想起摘下面具的样子，
An embalming chamber,一间防腐室，
This is where our acolytes preserve the sacred flesh of our dead,这是我们侍僧保存死者圣洁遗体的地方，
"Driina does not look at you as she speaks, her attention already reclaimed by one of the tomes",德莉娜说话时没有看你，她的注意力已经被其中一本典籍重新吸引
"For those touched by the Reticulum, the veil between the living and the dead is thinner",对于那些被魔网触及的人来说，生者与死者之间的帷幕更薄
"Though the flesh may die, an….echo persists",尽管肉身会死，但……一种回响依然存在
"With a shake of her head, Driina slams the book shut",德莉娜摇了摇头，猛地合上了书
This is not the time for theology,现在不是讨论神学的时候，
We must press on,我们必须继续前进，
"Stepping into this room, you are at once terrified and awestruck by the alien-ness mixed with sanctity",踏入这个房间，你立刻被一种混合着神圣的异样感所震慑，既恐惧又敬畏
A room not meant for common eyes where the imperial priesthood plies it's strange and sacred rituals,一个不为凡人所见的房间，帝国祭司在此进行其奇异而神圣的仪式，
The room before you is like none you have ever seen,你眼前的房间与你见过的任何房间都不同，
"A creeping sensation tingles down your spine as you take in the terrifying array of ancient tomes, jars filled with strange liquids, and what appears to be a corpse wrapped in stiff, white cloth",当你看到那令人恐惧的古老典籍、装满奇怪液体的罐子，以及一具似乎裹在僵硬白布中的尸体时，一阵毛骨悚然的感觉沿着脊椎蔓延
#HorrynCryptEmbalming,#霍林地穴防腐室
Driina sighs sadly,德莉娜悲伤地叹了口气，
"Stepping into this room, you are at once terrified and awestruck by a sense of sacred otherworldliness",踏入这个房间，你立刻被一种神圣的彼岸感所震慑，既恐惧又敬畏
A room not meant for common eyes where the holy order of Sepulchites performs its esoteric rituals,一个不为凡人所见的房间，葬仪修会的神圣教团在此举行其秘仪，
"As you approach the entrance to the large vault, you can’t help but notice the slightest of drafts in the otherwise stale air of the crypt",当你走近大墓室的入口时，你不由自主地注意到，在这原本沉闷的墓室空气中，有一丝极其微弱的气流
The secret tunnel must lie somewhere inside,秘道一定就在里面的某个地方
#HorrynCryptEntrance,#霍里恩墓室入口
The corpse belongs to a young man with sunken cheeks and a shaved head,这具尸体属于一个脸颊凹陷、剃光了头的年轻男子
A faded tattoo on his forehead marks him as an acolyte of the temple,他额头上一个褪色的纹身表明他是神殿的侍僧
"His face is a mask of pain, terror or, more likely, both",“他的脸上凝固着痛苦、恐惧，或者更可能是两者兼有的表情”
"As you carefully shift him, intestines spill out with a wet squelch",“当你小心地挪动他时，肠子随着一声湿漉漉的噗嗤声流了出来”
Try to determine the cause of death,尝试判断死因
Driina steps away from the corpse and whispers a prayer beneath her breath,德莉娜从尸体旁退开，低声念了一句祷文
Her eyes are wide with fear as she takes in the mangled display before her,她惊恐地睁大眼睛，看着眼前血肉模糊的景象
This is not the work of Reavers…. something else is afoot,这不是劫掠者的手笔……有别的事情在酝酿
This man tended the sacred flesh of the dead,这个人曾照料死者的圣洁遗体
These tombs,这些墓穴
"she trails off, and then, as if deciding something, gives a sharp shake of her head",“她话音渐弱，然后，仿佛下定了什么决心，猛地摇了摇头”
Come,来吧
We must find the cause of this carnage,我们必须找出这场屠杀的原因
In the fluttering light of the tomb you can tell her face has turned ashen gray,在墓室摇曳的光线下，你能看出她的脸色变得灰白
Let's be on our way,我们出发吧
Where to now?,现在去哪儿？
"The youth is too mangled to determine a cause of death, but it is clear from the sheer amount of blood at your feet that this was not a quick and painless end",“这个年轻人被摧残得太厉害，无法判断死因，但从你脚下大量的血迹可以清楚看出，这绝非迅速而无痛苦的终结”
"After examining the corpse, you are horrified to discover the youth’s abdomen has been torn apart by claws or…fingers?",“检查完尸体后，你惊恐地发现，年轻人的腹部是被爪子……还是手指撕开的？”
"Stranger still are the thin, purple strands festering inside of the wound",“更奇怪的是，伤口里溃烂着细细的紫色丝状物”
"As you enter the dimly lit crypt, your senses are immediately assaulted by the scent of fresh carnage",“当你进入光线昏暗的墓室时，一股新鲜屠杀的气味立刻冲击着你的感官”
The scent is still faint enough that you are sure whatever awaits you below has not been dead for long,气味仍然很淡，足以让你确信，下面等待着你的东西死去还没多久
"Your suspicions are soon confirmed; at the foot of the stairs ahead of you lies the mangled remains of a man in white, bloodstained robes",“你的怀疑很快得到了证实；在你前方的楼梯脚下，躺着一具身穿白色血迹斑斑长袍、血肉模糊的男尸”
Examine the corpse,检查尸体
"With one final glance at the corpse, you push aside your fear and delve into the blackness ahead",“最后看了一眼尸体，你抛开恐惧，一头扎进前方的黑暗之中”
The shadowy expanse of the crypt stretches before you,墓室幽暗的广阔空间在你面前延伸
"Whatever is happening here, you must venture deeper into the darkness if you wish to find your way into the Keep above",“无论这里正在发生什么，如果你想找到通往上方要塞的路，就必须冒险深入更深的黑暗”
Driina peers into the darkness ahead,德莉娜凝视着前方的黑暗
"I am unsure of the tunnel’s exact location, save that it lies somewhere in the deep crypts to the south",“我不确定那条隧道的具体位置，只知道它位于南边深层墓室的某处”
"However, given what we have discovered here, I would advise we explore this level for clues before moving on",“不过，鉴于我们在这里的发现，我建议我们先探索这一层，寻找线索，然后再继续前进”
#HorrynCryptEntrance,#霍里恩墓室入口
"His face is a mask of pain, terror, or more likely, both",“他的脸上凝固着痛苦、恐惧，或者更可能是两者兼有的表情”
#HorrynCryptFinal,#HorrynCryptFinal
"The Wight King emits a roaring scream as, one by one, the lids of the surrounding sarcophogi fly open",尸妖王发出震耳欲聋的尖叫，周围的石棺盖一个接一个地飞开
"In the lingering dust, five gaunt, yellow-fanged creatures emerge from their graves",在弥漫的尘埃中，五只枯瘦、长着黄色獠牙的生物从墓穴中爬出
"Wishing to put an end to the tomb’s horrifying curse, you give the ancient sword to the King",为了终结这座墓穴的恐怖诅咒，你将古剑交给了国王
"He takes it from you eagerly, and then, with a final sigh that echoes eerily throughout the crypt, the ancient creature returns once more to his slumber",他急切地从你手中接过剑，然后，随着一声在墓穴中诡异回荡的最后叹息，这古老的生物再次陷入了沉睡
Standing atop the stone dais is the emaciated form of what appears to have once been a King,石台上站着一个形销骨立的身影，看起来曾是一位国王
"Rust has long since destroyed much of its royal armor, and what little flesh remains on its skeletal form is covered in the same crawling, purple fungus that seems to infect these tombs",锈蚀早已毁坏了他大部分的皇家护甲，他那骷髅身躯上仅存的少许皮肉，也覆盖着似乎感染了这些墓穴的、蠕动的紫色真菌
DIE ABOMINATION!,去死吧，畸形生物！
I command you to bring me the usurper’s blade,我命令你把篡位者的刀剑给我带来
Return without it and your life is forfeit,空手而归的话，你的性命就没了
The undead King has not moved from his place atop the dais,不死生物国王仍站在石台上，一动不动
The fungus growing within him seems to writhe with renewed vigor at your approach,随着你的靠近，他体内生长的真菌似乎以新的活力蠕动起来
Why have you returned?!,你为什么回来了？！
I have your sword!,我带来了你的剑！
I've come to end you!,我是来终结你的！
You present the sword taken from Joran the Usurper’s tomb,你拿出了从篡位者约兰的墓中取来的剑
Is this the sword that was stolen from you?,这就是从你那里偷走的那把剑吗？
The Wight King surges forward,尸妖王猛冲向前
The Lake Blade!,湖中剑！
Giiiivveee iiittt ttooo mmee!,给……给……给我！
I'll keep it for myself,我要自己留着
Take it!,拿去吧！
You do not know?,你不知道吗？
the wight bellows,尸妖咆哮道
I am Enar,我是埃纳尔
"All-King, Lord of Idra, Wielder of the mighty Lake Blade!",众王之王，伊德拉的领主，强大的湖中剑的持有者！
And why do you linger here?,那你为何在此徘徊？
The wight emits a pained moan as he reaches for the empty sheath at his waist,尸妖发出一声痛苦的呻吟，伸手摸向腰间空空的剑鞘
I shall not rest until I have reclaimed the blade Joran the Usurper stole from me!,不夺回篡位者约兰从我这里偷走的剑，我绝不罢休！
I have your blade!,我带来了你的剑！
#HorrynCryptFinal,#HorrynCryptFinal
#HorrynCryptJunction,"#霍林地穴交汇处,"
"The terrifying sight of their clawed, bloodied fingers reaching toward you conjures the image of the torn-apart corpse at the crypt’s entrance","""他们那沾满鲜血的利爪手指向你伸来的恐怖景象，让你想起了地穴入口处那具被撕碎的尸体"""
"You steel yourself, determined you will not meet the same end","""你鼓起勇气，决心不会落得同样的下场"""
Driina peers into the blackness straight ahead,"德莉娜凝视着正前方的黑暗,"
"These corridors lead to the crypt’s tombs, where we shall find the entrance we seek","""这些走廊通往地穴的墓室，我们将在那里找到我们要找的入口"""
"Alas, I know not which path is the correct one, and which may lead us to….whatever madness lies ahead","""唉，我不知道哪条路是正确的，哪条路会带我们走向……前方那未知的疯狂"""
"Furthermore, the gate ahead appears to be locked","""此外，前方的大门似乎锁上了"""
The shuffling of bare feet on stone sounds from down the corridor to your left,"左侧走廊深处传来赤脚在石地上拖曳的声音,"
You are not alone,"你并非独自一人,"
Vague shapes linger just at the edge of darkness,"模糊的身影在黑暗的边缘徘徊,"
Who goes there?,"谁在那里？,"
Driina shouts,"德莉娜喊道,"
An unmistakable tremble has crept into her voice,"她的声音中明显带着一丝颤抖,"
You arrive at a dimly lit junction with an intricate mosaic at its center,"你来到一个光线昏暗的交汇处，中央有一幅精美的马赛克图案,"
Four paths lay before you,"四条路展现在你面前,"
"As you take in your surroundings, you notice fresh smears of blood leading into the eastern tunnel","""当你观察四周时，你注意到新鲜的血迹延伸向东边的隧道"""
The path ahead is barred by a locked gate,"前方的路被一扇锁着的大门挡住了,"
"Moving closer, you notice the faint flicker of movement out of the corner of your eye","""走近时，你注意到眼角余光中有微弱的动静"""
"Slowly, the shadows moving toward you morph into familiar, humanoid shapes","""慢慢地，向你移动的阴影变成了熟悉的人形轮廓"""
Survivors?,"幸存者？,"
Or perhaps assailants?,"还是袭击者？,"
"You just manage to catch a glimpse of emaciated flesh and sharp, yellow fangs before the creatures are upon you","""你只来得及瞥见消瘦的皮肉和锋利的黄色獠牙，那些生物就扑了上来"""
#HorrynCryptJunction,"#霍林地穴交汇处,"
#HorrynCryptLongCrypt,霍林长地穴
LOREM IPSUM,乱数假文
An exit!,一个出口！
#HorrynCryptLongCrypt,霍林长地穴
#HorrynCryptSecretTunnel,#霍林地穴秘密通道
#HorrynCryptSecretTunnel,#霍林地穴秘密通道
#HorrynCryptSwordTomb,霍林墓穴剑冢
Who drags me from the black stars!?,谁把我从黑色星辰中拖了出来！？
screams the skeletal figure,骷髅身影尖叫道。
"As it emerges from the billowing dust, its regal, ancient armour seems to glimmer in the faint light",当它从滚滚尘埃中出现时，它那帝王般的古老盔甲在微光中似乎闪烁着光芒
A thousand curses are too few!!!,一千个诅咒都嫌太少！！！
The creature raises its sword in the air as it charges toward you!,那生物高举利剑，向你冲锋而来！
"Pushing as hard as you can, you are met with an unnatural resistance, almost as if something is holding the lid shut from within",你竭尽全力推动，却遇到一股不自然的阻力，仿佛有什么东西从内部紧紧按住棺盖
Perhaps there is another way of opening this tomb?,也许有别的办法打开这座墓穴？
"You are met with an unnatural resistance, almost as if something is holding the lid shut from within",你遇到一股不自然的阻力，仿佛有什么东西从内部紧紧按住棺盖
"Straining with all your might, you overpower the unknown force and stumble forward as the lid suddenly shifts",你使出浑身力气，压倒了那股未知的力量，随着棺盖突然移动，你踉跄向前
"There is little time to catch your breath, for something is emerging from the newly opened tomb",你几乎没有时间喘息，因为有什么东西正从新打开的墓穴中浮现
The beautifully carved sarcophagus before you features an effigy depicting a man with sharp aquiline features and a stern gaze,你面前雕刻精美的石棺上有一尊雕像，描绘了一个有着鹰钩鼻和严厉目光的男人。
Open the sarcophagus,打开石棺，
"Shouting the name, your voice echoes inside the vaulted crypt",你喊出那个名字，声音在拱顶墓穴中回荡
"For a moment, all is silent",一时间，万籁俱寂
"And then, with a booming crack, the lid is violently flung open",然后，随着一声轰然巨响，棺盖被猛烈地掀开
"The momentum sends you tumbling to the floor, leaving you desperately scrambling to regain your footing as something begins to emerge from the newly opened tomb",这股力量让你摔倒在地，你拼命挣扎着想要重新站稳，而有什么东西正开始从新打开的墓穴中浮现
"The lid begins to slide off as you push against it until, suddenly, a hissing screech emits from the interior of the sarcophagus",当你用力推动时，棺盖开始滑开，直到突然，石棺内部发出一声嘶嘶的尖叫
The lid trembles violently as it is forced back into place by some unholy force within,棺盖剧烈颤抖，被内部某种邪恶的力量强行推回原位。
Someone or something is pitting its will against you!,有什么人或东西正在用意志与你对抗！
Attempt to force it open,试图强行打开它，
"Call out to ""Joran the Usurper",呼唤“篡位者约兰”
#HorrynCryptSwordTomb,霍林墓穴剑冢
#HorrynFirgolQuestGiverScene,#霍林菲尔戈任务给予者场景
A grimy woman with a haggard look on her face approaches you,一个面容憔悴、满身污垢的女人向你走来
"You get the impression she would normally be quite beautiful but starvation, disease and constant fear has erased that from her features",“你感觉她原本应该相当美丽，但饥饿、疾病和持续的恐惧已经将那份美丽从她脸上抹去了”
Perhaps for good,也许永远地，
"Please, they say you are looking for a way off of this island!",“求你了，听说你在寻找离开这座岛的方法！”
I’m Julia,我是茱莉亚，
"My sister, Ylia, lives in a small village called Firgol on the island north of here",“我的妹妹，伊莉娅，住在北边岛上一个小村庄，叫菲尔戈”
I was supposed to travel to her before this all broke out and she must be worried sick that I have not arrived yet,我本该在这一切爆发之前就去找她的，她一定担心得要命，因为我还没到，
She wrings her hands,她绞着双手，
"I’m in no condition to travel now and so should your travels take you to Firgol, would you please seek out Ylia?",“我现在身体状况无法旅行，所以如果你的旅途会经过菲尔戈，能请你去找伊莉娅吗？”
Tell her that I’m still alive and not to worry?,告诉她我还活着，让她别担心？
I’m sure they have all kinds of troubles themselves up there and I wouldn’t want her to spend time worrying about me as well,我相信他们那边也有各种麻烦，我不想让她再花时间为我担心，
I'll see if I can't find her,我会看看能不能找到她，
May the Golden bless you,愿黄金之神祝福你，
I’m sure my sister can spare a few coins once you tell her the good news,我相信等你告诉她这个好消息，我妹妹会拿出几枚硬币给你的，
A few tears of joy leave streaks on her soot-covered face,几滴喜悦的泪水在她满是煤灰的脸上留下痕迹，
Hello there!,你好啊！
Looking for something?,在找什么吗？
Are you Ylia?,你是伊莉娅吗？
Do you have a sister in Horryn?,你在霍林有个姐姐吗？
Why yes that’s me!,啊，对，就是我！
My sister you say?,你说我姐姐？
You must mean Julia?,你一定是说茱莉亚？
I’m expecting her to visit me any day now!,我正等着她随时来看我呢！
She apologies for being late but at least she’s still alive,她为迟到道歉，但至少她还活着，
Tell Ylia about Horryn,告诉伊莉娅关于霍林的事，
Ylia looks more surprised than horrified,伊莉娅看起来更多是惊讶而不是恐惧，
Are you sure you’re not mistaken?,你确定你没搞错吗？
Julia is not late at all,茱莉亚根本没有迟到，
In fact she’s still not due until a day or two!,事实上，她还要一两天才到！
And what’s this you’re saying about Horryn?,还有你说的霍林是怎么回事？
We’ve had no news of any calamities!,我们根本没听说有什么灾难！
I can assure you I’m not mistaken,我可以向你保证我没搞错，
"Well, I’m not sure what to say about this",“嗯，我不知道该说什么好”
I suppose that it’s good my sister is safe if we are indeed talking about the same person,我想，如果我们说的确实是同一个人，那我姐姐安全就好，
Thank you in any case,无论如何，谢谢你，
I was promised payment,有人答应给我报酬，
As the woman goes about her chores you meet Embla’s eyes,当那女人去忙她的活计时，你与恩布拉目光相遇，
The woman was late for her arrival two days before she even supposed to set out?,那女人在她本该出发的两天前就迟到了？
A misunderstanding perhaps?,也许是个误会？
Though I fear this is just another expression of the madness that grips these isles,但我担心这只是笼罩这些岛屿的疯狂的另一表现，
Ylia looks slightly taken aback,伊莉娅看起来有点吃惊，
Oh,哦，
Yes I suppose you’re right,是的，我想你是对的，
I don’t have much but here are a few gold-pieces at least,我没什么钱，但至少这里有几枚金币，
Now goodbye,那么再见了，
"I’m in no condition to travel now and so should your travels take you to Firgol, would you please seek out Ylia",我现在身体状况无法旅行，所以如果你的旅途会经过菲尔戈，能请你去找伊莉娅吗？
#HorrynFishermanGates,#霍林渔夫大门
"For the refugees in the camp, hunger and disease is the greatest danger for now",对于营地里的难民来说，饥饿和疾病是目前最大的危险
"Until we find a way to enter the city, we must do what we can to deal with the problems at hand",在我们找到进入城市的方法之前，我们必须尽力处理眼前的问题
Finding food and medicine,寻找食物和药品
I say we return to the camp and offer our help Marcus the chamberlain,我建议我们返回营地，向总管马库斯提供帮助
He's holed up in the stable,他躲在马厩里
People are dying inside as we stand here,我们站在这里的时候，里面正有人在死去
I swore an oath to fight for those who cannot and every second we waste here I desecrate that oath,我发誓要为那些无力战斗的人而战，我们在这里浪费的每一秒都是在亵渎那个誓言
There are people dying outside these walls as well,这些城墙外也有人在死去
What do we suggest we do?,我们建议怎么做？
"A large, worn steel gate bars this entrance",一扇巨大、破旧的铁门挡住了这个入口
You shake it and find it securely locked with no visible way of forcing it open,你摇了摇它，发现它锁得很牢，没有明显的办法可以强行打开
"Looking around, you take in the battlements of the walled city",环顾四周，你打量着这座有城墙城市的城垛
"For a city this size, they are impressive",对于这样规模的城市来说，它们令人印象深刻
As if reading your mind Roland offers laconically,仿佛看穿了你的心思，罗兰简洁地说道
These walls were built to keep people out,这些城墙是为了把人挡在外面而建的
They seem to be doing a good job,它们似乎做得很好
It may prove more difficult than you originally thought to find a way into the city,找到进入城市的方法可能比你最初想的要困难得多
"Though you feel certain that clues to Embla’s fate lie inside the beleaguered city, it seems that for now, fate has conspired to place an insurmountable obstacle in your way",尽管你确信关于恩布拉命运的线索就在这座被围困的城市里，但眼下看来，命运似乎合谋在你面前设置了一道无法逾越的障碍
"Until a solution presents itself, you must look elsewhere for purpose and surely there are many on this accursed island whose life will depend on your resolve",在解决办法出现之前，你必须另寻目标，而在这座被诅咒的岛上，肯定有许多人的生命将取决于你的决心
Driina lets out an uncharacteristic scream of rage as she kicks the door heavily before slumping down against the wall,德莉娜一反常态地发出一声愤怒的尖叫，重重地踢了一脚门，然后瘫倒在墙边
"As in response to her anger, somewhere deep inside the beleaguered city a manic laughter cackles briefly",仿佛是对她愤怒的回应，被围困的城市深处某处短暂地响起一阵狂笑
Are you okay?,你还好吗？
What do we do now?,我们现在怎么办？
Driina looks up and casts a sorrowful gaze out across the ocean,德莉娜抬起头，悲伤地望向大海
Foaming surfs beat the shore and gulls cry greedily overhead,泡沫翻涌的海浪拍打着海岸，海鸥在头顶贪婪地鸣叫
She sniffles and wipes her eyes as her face stiffens into a resolute mask,她抽了抽鼻子，擦了擦眼睛，脸上浮现出坚定的神情
You’re right,你说得对
The poor wretches huddling in the camp are hardly better off,那些蜷缩在营地里的可怜人也好不到哪里去
"For now, we need to do what we can for them",眼下，我们需要为他们尽我们所能
What do you suggest we do?,你建议我们怎么做？
#HorrynFlopHouseScene,#霍林廉价旅馆场景
A matronly woman with red cheeks and impressively bad teeth gives you a suspicious look,一位脸颊通红、牙齿坏得惊人的主妇模样的女人怀疑地打量着你
You’re either looking for a bed and a bowl of stew or you ain’t got nuffin to do here!,你要么是来找张床和一碗炖菜的，要么就甭在这儿瞎晃悠！
Let's see what you have to offer!,让我瞧瞧你有什么可拿出手的！
#HorrynFrantzo,#HorrynFrantzo
You say goodbye and leave,你道别后离开
Have a look!,快来看看！
Rooms are being cleaned and we even have warm food on the stove,房间正在打扫，炉子上甚至还有热食
Finally the last part about Menu,最后是关于菜单的部分
You may ask some questions!,你可以问一些问题！
Show me your list of services!,给我看看你的服务清单！
Ask about Rumors,打听传闻
Something about Rumors,关于传闻的一些事
More about Rumors,更多关于传闻的事
Finally the last part about Rumors,最后是关于传闻的部分
#HorrynGallian,#霍林伽里安
Driina sighs,德莉娜叹了口气
Truly there are many things you do not understand about this world,确实，你对这个世界还有很多不了解的地方
It nourishes me to stand in this hall and find its altar unmolested by the madness that has engulfed this island,站在这座大厅里，看到祭坛未被吞噬这座岛的疯狂所亵渎，这让我感到滋养
"Tenderly, she touches the base of the statue and offers a whispered prayer",她温柔地触碰雕像的底座，低声祈祷
Why is he masked?,他为什么戴着面具？
He looks so frail,他看起来如此虚弱
You worship a corpse,你崇拜一具尸体
Madness,疯狂
It symbolizes the sacrifices he made when he built the world we see around us today,这象征着他缔造我们今日所见世界时所做的牺牲
The cost of all those touched by the reticulum is indeed steep in the end,所有被魔网触碰之人最终付出的代价确实高昂
We must never forget that,我们绝不能忘记这一点
But why is he masked?,但他为什么戴着面具？
The elegant marble statue looms over you,优雅的大理石雕像赫然耸立在你面前
Unblemished and pristine,洁白无瑕
"An emaciated form, dressed in ragged robes frozen mid-gesture while unmasking",一个消瘦的身形，穿着破烂的长袍，凝固在摘下面具的动作中
Gallian - the first Emperor - presides over the serene temple interior,伽里安——第一任帝皇——主宰着这宁静的圣殿内部
Driina reverently presses her palms lightly against her face and then removes them in a gesture reminding you of the statue,德莉娜虔诚地将手掌轻轻贴在脸上，然后移开，这个动作让你想起那座雕像
Driina?,德莉娜？
The Emperors are very old,帝皇们非常古老
Often several hundred years,往往有数百岁
They are also beyond powerful - one with the Reticulum,他们也强大无比——与魔网融为一体
One can only imagine the effect it has on their physical form,只能想象这对他们的肉体形态有何影响
Perhaps it is best that the common folk never have to see the price of such power,或许最好让平民永远不必看到这种力量的代价
"For a moment, a shadow falls over the room - then it passes",片刻间，一道阴影笼罩房间——然后消散
You must be on your way,你该上路了
Nothing,没什么
They are our Golden Dead and we must give praise that they watch over us,他们是我们的黄金先祖，我们必须赞美他们守护着我们
Driina offers a comforting smile,德莉娜露出安慰的微笑
Shall we be on our way?,我们出发吧？
Emperors don masks when they ascend to the throne,帝皇在登基时戴上面具
"Being amongst the oldest and most powerful of the Magi, they are already more-than-human",作为最古老、最强大的法师之一，他们早已超越凡人
"When they don the mask, it symbolizes that they have risen beyond even their brethren",当他们戴上面具，象征着他们甚至超越了同袍
And they are never seen without it?,他们从不以不戴面具示人吗？
The Emperor is never seen without their mask save by the Excubitors of the Imperial Palace,帝皇从不以不戴面具示人，唯有皇家禁卫军能见到
The silence hangs for a moment,沉默悬停了片刻
There is something unsaid,有些话未说出口
#HorrynGates,#霍林大门
The gates to Horryn loom before you,霍林的大门赫然耸立在你面前
"The massive portcullis is down, however, and there's no way to open it from this side",“然而，巨大的落栅门已经落下，从这一侧无法打开”
"On the other side, you see the dead, piled atop one another, up against the portcullis",“在另一侧，你看到死者堆积如山，紧贴着落栅门”
"They must have died trying to escape the town, caught between the gates and whatever assailants were in the town with them",“他们一定是在试图逃离镇子时死去的，被困在大门和镇中袭击者之间”
Driina's face is ashen,德莉娜脸色苍白
I knew these people,我认识这些人
I delivered their children and cared for their dead,我接生过他们的孩子，照料过他们的逝者
To see them like this,看到他们这般模样
I will have vengeance,我要复仇
She sets her jaw,她咬紧牙关
There is another way,还有另一条路
The Fisherman's Gate,渔夫之门
"We follow the walls east, and then south",“我们沿着城墙向东，然后向南”
"The town beyond the gate seems entirely still, and empty",“大门后的镇子似乎完全寂静，空无一人”
But you doubt you've seen an end to the horrors within,但你怀疑镇内的恐怖远未结束
"In any case, you must find another way in",“无论如何，你必须找到另一条进去的路”
#HorrynGuardCaptainScene,#霍林守卫队长场景
I’m ashamed to say me and a handful of my lads ended up captured by Reavers,我很惭愧地说，我和几个手下最终被劫掠者俘虏了
They started killing us off one by one,他们开始一个接一个地杀掉我们
Real slow while the rest were forced to watch,动作很慢，其他人被迫看着
Or even,甚至
Her eyes grow glassy then she shakes her head defiantly,她的眼神变得呆滞，然后倔强地摇了摇头
Then the mad-men suddenly started infighting!,然后那些疯子突然开始内讧！
Like bloody animals!,就像该死的动物一样！
But at least we managed to flee,但至少我们设法逃跑了
And who are you?,你是谁？
Best of luck and stay safe,祝你好运，注意安全
She holds up her hands in apology,她举起双手表示歉意
I’m sorry!,对不起！
"Without your aid, we’d all be dead",“没有你的帮助，我们早就死了”
It’s just that me and the boyos missed most of the fighting and it pains me to see we had to rely on mercenaries to keep Imperial citizens safe,只是我和兄弟们错过了大部分战斗，看到我们不得不依靠雇佣兵来保护帝国公民的安全，这让我很痛心
"Indeed, I don't remember seeing you on the battlefield",“确实，我不记得在战场上见过你”
"As I said, people are streaming back into town",“正如我所说，人们正涌回城里”
A lot more people than were at the refugee camp in fact!,事实上，比难民营里的人多得多！
Isn't that a good thing?,这不是好事吗？
Yes it is,是的，是好事
A lot of people did what I did and hid until the terror passed,很多人像我一样躲起来，直到恐怖过去
But not this many,但没这么多人
Let me ask you this,让我问你这个问题
"Once a Reaver washes off the paint and blood and shit and puts regular clothing back on, is he still a Reaver?",“一旦劫掠者洗掉身上的颜料、血迹和污秽，穿上普通衣服，他还是劫掠者吗？”
Are you saying Reavers are hiding amongst the regular people?,你是说劫掠者藏在普通人中间？
"That’s the thing, isn’t it",“问题就在这儿，不是吗”
The Reavers were regular people,劫掠者曾经是普通人
Friends and neighbors,朋友和邻居
Family even,甚至是家人
Most of them lie dead now or have fled Horryn,他们中的大多数现在已经死了，或者逃离了霍林
But not all,但不是全部
I think some of them just took off their rags and just went right back to being ordinary people,我觉得有些人只是脱掉破布，直接回去做普通人了
Food for thought,值得深思
What did you need?,你需要什么？
How did you say you survived the Reavers?,你说你是怎么从劫掠者手中活下来的？
How are things going in Horryn?,霍林的情况怎么样了？
Look lively boys,打起精神来，伙计们
The savior of Horryn graces our halls!,霍林的救星光临我们的大厅了！
A tall woman dressed in platemail with a greatsword on her back offers a short bow,一个身穿板甲、背着巨剑的高个子女人微微鞠躬
You’re unsure if she’s being sarcastic or not,你不确定她是不是在讽刺
How about some gratitude?,来点感激之情如何？
"I didn't see you out there, fighting!",“我没看到你在外面战斗！”
"Who are you, loudmouth?",“你是谁，大嘴巴？”
I trust all is well?,我相信一切都好吧？
We hid under the docks like bloody rats,我们像该死的耗子一样躲在码头下面
For days we hunkered down,我们蹲守了好几天
Ate limpets and drank salt water,吃帽贝，喝盐水
Had no weapons and my men were all exhausted or hurt so we just stayed there,没有武器，我的人都筋疲力尽或受了伤，所以我们只能待在那里
I suppose surviving doesn’t make you a hero,我想活下来并不能让你成为英雄
But here we are and I intend to make the most out of it,但我们在这里，我打算充分利用这一点
That's all for now I guess,我想现在就这样吧
She sighs,她叹了口气
And you are?,你是？
Name’s Vivian Laruto,我叫薇薇安·拉鲁托
I’m the newly minted captain of the city-guard,我是新任命的城卫队长
It would appear the city’s stock of officers is running low indeed,看来城里的军官储备确实不多了
You don't sound too sure of yourself?,你听起来不太自信？
Put me on the street to wrestle with thugs and drunkards any day!,让我上街去和暴徒、醉汉搏斗，我随时都行！
But this - being captain - is a bit of a change of pace for me,但这个——当队长——对我来说有点节奏变化
A lot more responsibility as you can probably guess,你可能猜得到，责任重了很多
Especially now with the city in ruins and people streaming back in to pick up the pieces of their lives,尤其是现在城市一片废墟，人们涌回来收拾生活的残局
I can imagine,我可以想象
That reminds me,这倒提醒了我
"With more people streaming in, you’ll find the streets a bit more busy",“随着更多人涌入，你会发现街道更繁忙一些”
Even more businesses are open as well now and I recommend you spend some time looking around before you continue on your travels,现在也有更多店铺开门了，我建议你在继续旅行之前花点时间四处看看
At least be sure to get a hot meal and a warm bed!,至少一定要吃顿热饭，睡个暖床！
I'll do that,我会的
Noted,记下了
Isn't that a good thing,这不是好事吗？
"Once a Reaver washes off the paint and blood and shit and puts regular clothing back on, is he still a Reaver",“一旦劫掠者洗掉身上的颜料、血迹和污秽，穿上普通衣服，他还是劫掠者吗？”
Are you saying Reavers are hiding amongst the regular people,你是说劫掠者藏在普通人中间？
#HorrynGuardLedgerScene,#霍林守卫账本场景
The boy’s jaw goes slack at first,男孩的下巴先是松弛下来
Then the smallest hint of resolve comes across his face,然后脸上浮现出一丝决心的迹象
He’s determined to face his end standing up and he lunges at you!,他决心站着面对自己的结局，向你扑来！
The boy’s weapon lowers slightly,男孩的武器微微垂下
I’m guarding the eastern harbor tower,我在守卫东边的港口塔楼
So don’t you get any ideas - This is Imperial property!,所以别打什么主意——这是帝国财产！
"You know, it's pretty safe out there now",“你知道，现在外面相当安全了”
You could just leave,你可以直接离开
I need to get to that shelf behind you,我需要到你身后的那个架子那儿去
As you enter the chamber a pale young man in ill-fitting armor belonging to the Horryn city guard staggers backwards,当你进入房间时，一个身穿不合身的霍林城市守卫护甲的苍白年轻人踉跄后退
He holds his weapon before him in trembling hands,他用颤抖的双手把武器举在身前
Don’t come any closer!,别再靠近了！
I know how to use this!,我知道怎么用这个！
Do you now... boy?,你真的会吗……小子？
Roland grumbles as he stalks into the room next to you,罗兰咕哝着大步走进房间，来到你身边
Put that away before you get hurt!,把那东西收起来，免得受伤！
Take it easy,放轻松
I'm not going to hurt you,我不会伤害你
"I was asked to guard this tower and by the Golden, that is what I’m going to do!!!",“我奉命守卫这座塔，以黄金之名，我就要这么做！！！”
His voice breaks into the falsetto of someone not quite past their teenage years,他的声音破音成了还未完全度过青春期的人的假声
"Roland takes a step forwards, causing the boy to let out a pathetic whimper",“罗兰向前迈了一步，引得男孩发出一声可怜的呜咽”
"Want to die for duty, hm?",想为职责而死，嗯？
I just want to talk a bit,我只是想聊几句
You leave me no choice,你让我别无选择
Y-you’re not?,你——你不是？
Then what are you doing here?,那你在这里做什么？
These records are Imperial property and I’m not letting you have them!,这些记录是帝国财产，我不会让你拿走的！
Now back away!,现在退后！
It's pretty safe out there now,现在外面相当安全了
You can leave if you want to,如果你想走，可以离开
The chamberlain sends orders,总管下达了命令
It's safe out there now and you can leave,现在外面安全了，你可以离开
Lie,撒谎
About what?!,关于什么？！
It's pretty safe out there now!,现在外面相当安全了！
The young man brandishes his weapon with trembling hands,年轻人用颤抖的双手挥舞着武器
Halt!,站住！
I need to talk to you,我需要和你谈谈
"As if to confirm your words, the shouts of the boy's comrades echo from the plaza",“仿佛是为了证实你的话，男孩同伴们的喊声从广场传来”
A wave of relief washes over the his face,一阵宽慰涌上他的脸庞
Golden bless me!,黄金保佑我！
He pushes past you and flees into the city without looking behind,他从你身边挤过去，头也不回地逃进了城里，
#HorrynHierophant,#霍林大祭司
The old man gives you a determined nod before producing a large key from his robes,老人坚定地向你点了点头，然后从他的长袍中取出一把大钥匙，
"Inserting it into the main door’s keyhole, he turns it with great effort until something clicks inside",他将钥匙插入大门的锁孔，费力地转动，直到里面传来咔嗒一声，
The perfectly balanced doors of the temple swing open soundlessly,神殿那完美平衡的大门无声地打开，
The temple’s pristine interior lies in stark contrast to the rest of the town and something about the aura of silence feels off,神殿内部一尘不染，与镇上的其他地方形成鲜明对比，而沉默光环中有些不对劲，
Enter,进入，
Do you have anything for sale?,你有什么要出售的吗？
The desecrated temple stands as a sad reminder of the last days’ calamities,这座被亵渎的神殿是最后几天灾难的悲伤提醒，
Standing in front of the main gates with eyes closed in prayer is Hierophant Drahl,大祭司德拉尔闭着眼睛站在大门前祈祷，
As you approach you can make out a simple prayer of gratitude to the long line of deceased Emperors that now watch over the Gallian people,当你走近时，你能听出那是一段简单的感恩祈祷，献给那些如今守护着伽里安人民的长串已故帝皇，
"For all their savagery, it seems the mad-men were not able to breach the gates of the temple",尽管他们野蛮至极，那些疯子似乎还是没能攻破神殿的大门，
Drahl’s voice is a mixture of gratitude and disbelief,德拉尔的声音中混合着感激与难以置信，
He opens his eyes and looks at you for the first time,他睁开眼睛，第一次看向你，
A small miracle perhaps?,也许是个小小的奇迹？
Markus sent me,马库斯派我来的，
And he could have found no better hero for what lies ahead!,对于即将到来的事，他找不到比你更好的英雄了！
"You seek a way into the keep and in their infinite wisdom, I believe our forefathers have provided for us",你在寻找进入城堡的路，而我相信，我们祖先以其无穷的智慧，已经为我们准备好了，
"As Markus no doubt told you, it is said that a tunnel exists between the keep and the temple",正如马库斯无疑告诉你的那样，据说在城堡和神殿之间有一条隧道，
I’ve always considered it a bit of a myth and in any case we’ve never had cause to search for it,我一直认为这有点像是传说，而且无论如何，我们从未有理由去寻找它，
Until now that is,直到现在，
Where do you suggest we search?,你建议我们去哪里找？
"If the tunnel does indeed exist, I can say with absolute certainty that its entrance lies in the catacombs beneath the temple",如果隧道确实存在，我可以绝对肯定地说，它的入口就在神殿下方的地下墓穴中，
"In the crypts of the deepest, oldest portions would indeed be where I would place my faith",在最深处、最古老区域的地窖中，正是我会寄予信心的地方，
Then that is where I will search!,那么我就在那里寻找！
Have you found a way into the keep yet?,你找到进入城堡的路了吗？
As I said,正如我说的，
Seek out the tombs in the deepest part of the crypt!,去墓穴最深处寻找那些坟墓！
Blessed Dead watch over you!,愿受祝福的死者守护你！
I wish to talk,我想谈谈，
I do indeed!,我确实有！
It’s not much given the circumstances but I have a selection of potions and concoctions in addition to my healing services,考虑到目前的情况，东西不多，但除了我的医疗服务外，我还有一些药水和合剂可供选择，
#HorrynHogs,#霍林猪
The small farmhouse seems desolate and abandoned,这座小农舍看起来荒凉而废弃
"The only sign of life is a pack of grotesquely swollen hogs, feeding greedily on something deep in the mud",唯一的生命迹象是一群怪异肿胀的猪，贪婪地在泥泞深处啃食着什么
"When you catch a glimpse through a brief break in the frenzy, you realize it's the corpses of what must have been their former owners",当你在狂乱中短暂瞥见时，你意识到那是它们前主人的尸体
Infernal swine,地狱般的猪
Driina spits behind you,德莉娜在你身后啐了一口
These hogs look like more than a handfull,这些猪看起来可不好对付
Best be careful lest we all end up with a tusk in the gut,最好小心点，免得我们都被獠牙捅穿肚子
Roland grumbles,罗兰咕哝道
"The grotesquely hulking swine look like they'd happily make you their next meal, if you were to disturb them",这些怪异庞大的猪看起来如果你打扰它们，它们会很乐意把你当作下一顿美餐
Carry on,继续前进
#HorrynIagoCaptured,#HorrynIagoCaptured
Sitting on the cold floor is a man in heavy chains,冰冷的地板上坐着一个戴着沉重锁链的男人，
"As you approach, he looks up and from underneath his long unkempt hair his eyes glint and the vaguest outline of a smile flashes across his face",“当你走近时，他抬起头，从他那蓬乱的长发下，眼中闪过一丝光芒，脸上掠过一丝若有若无的笑意。”
Finally!,终于！
I thought you’d never get here!,我还以为你们永远不会来了！
You are my ticket out of this hole!,你们是我离开这个鬼地方的门票！
And not a moment too soon I might add!,而且我得说，来得正是时候！
The man shuffles to his feet and dusts himself off as if preparing to leave,男人拖着脚站起来，掸了掸身上的灰尘，仿佛准备离开，
"First of all I have no idea what you’re talking about and secondly, surely you realize you’re chained up?",“首先，我完全不知道你在说什么；其次，你肯定意识到自己被锁链锁着吧？”
A minor inconvenience!,小小的不便而已！
The Blind Maiden has brought you thus far and no doubt the rest of the solution to this little conundrum is about to present itself,盲眼少女已将你们带到这里，毫无疑问，解决这个小难题的其余部分即将显现，
Iago zha Droma is not fated to spend the rest of his life rotting away in chains,伊阿戈·扎·卓玛命中注定不会在锁链中腐烂余生，
"If the Blind Maiden favors you so, how did you end up in this hole?",“如果盲眼少女如此眷顾你，你怎么会落到这个洞里？”
The Maiden merely deals us our hands of cards; it is for us to play them,少女只是给我们发牌；如何出牌取决于我们自己，
"I, perhaps, played my last hand poorly",“我，也许，上一手牌打得太糟了”
A small lover’s quarrel stemming from a simple misunderstanding led to a series of unfortunate events that landed me here,一场源于简单误会的恋人小争吵，导致了一连串不幸的事件，把我送到了这里，
He rattles his chains as if to emphasize his plight,他晃动着锁链，仿佛在强调自己的困境，
But the Maiden kisses me again and here you are,但少女再次亲吻了我，于是你们就来了，
My rescue!,我的救星！
"Oh, is that so?",“哦，是吗？”
All I ask of you is that you intercede on my behalf to the Queen,我只请求你们替我向女王求情，
"Though she certainly loves me madly, she has also decided that I am to meet my end chained up in this oubliette shit-hole",“尽管她确实疯狂地爱着我，但她也决定让我在这个地牢粪坑里戴着锁链了此残生”
For the briefest of moments Iago loses his composure and the slightest hint of desperation creeps into his voice,有那么一瞬间，伊阿戈失去了镇定，声音中流露出一丝绝望，
"Hold on, I have some questions first",“等等，我先问几个问题”
Iago looks at you impatiently,伊阿戈不耐烦地看着你，
Why exactly are you chained up here?,你到底为什么被锁在这里？
Why should I help you?,我为什么要帮你？
I'll be back,我会回来的，
Has the Blind Maiden ordained my freedom yet?,盲眼少女已经注定我获得自由了吗？
Not yet but I have some questions first!,还没有，但我先问几个问题！
Not yet,还没有，
There is not a sea on Warda untouched by Ombarian hulls,沃尔达上没有一片海域不曾被奥姆巴利亚的船体划过，
I do not deny that we whisper tales of such things when we are safe on dry land with a cup of wine in our hands,我不否认，当我们安全地待在陆地上，手握一杯酒时，我们会低声讲述这类传说，
Of things older than time that dwell in the unfathomable depths of the seas,关于那些比时间更古老、栖息在海洋深不可测的深渊中的存在，
"But to hear of one in this age, and to encounter it no less!",“但在这个时代听说，甚至还遭遇了它！”
Such things should not be,这种事情不该存在，
It is madness given form,那是疯狂具现化的形态，
A shadow passes over the man’s face,男人的脸上掠过一道阴影，
Where is your ship now?,你的船现在在哪里？
I had some other questions for you,我还有其他问题要问你，
We limped into a safe haven in one of this island’s excellent more ‘private’ coves,我们蹒跚驶入这座岛屿一个绝佳的更“私密”的小海湾里的安全港，
My crew awaits there as we make repairs and forage for supplies,我的船员在那里等待，我们进行修理并搜寻补给，
Let’s just say there is a reason Idra is so prized amongst those who fly the black sails,这么说吧，伊德拉在那些挂黑帆的人中如此受珍视是有原因的，
Iago winks at you,伊阿戈对你眨了眨眼，
So you’re a smuggler then?,那么你是个走私者？
Kat blurts out with not a little awe in her voice,卡蒂脱口而出，声音中带着不小的敬畏，
Iago fixes her with sultry gaze,伊阿戈用撩人的目光盯着她，
Why 'smuggler' is such a vulgar term,哎呀，“走私者”这词多粗俗啊，
"I am a gentleman, a zhenor of the seas",“我是位绅士，海上的哲诺尔”
'Flying black sails' is a common euphemism for smugglers in the Empire,“挂黑帆”在帝国是走私者的常见委婉说法，
What were you carrying?,你当时运的是什么？
Do not think me a petty criminal for carrying proscribed goods,别以为我运送违禁品就是个卑劣的罪犯，
There are men and women in this Empire who yearn for freedom from the yoke of their eunuch masters,这个帝国有男男女女渴望摆脱他们阉人主子的枷锁，获得自由，
Freedom costs blood,自由需要鲜血，
"As well as steel and other, more… exotic wares",“还有钢铁和其他更……奇特的货物”
Men such as me provide them,像我这样的人为他们提供这些，
As does the ‘Queen’ in her own way,“女王”也以她自己的方式提供，
We needed supplies and since she and I are old friends I made my way here to parlay a deal,我们需要补给，而她和我是老朋友，所以我来到这里商谈一笔交易，
No doubt I overestimated our friendship,毫无疑问，我高估了我们的友谊，
Ah why indeed!,啊，确实为什么！
Iago’s laughter comes out strained,伊阿戈的笑声听起来很勉强，
As I said: ‘tis nothing but a lover’s quarrel!,如我所说：这不过是一场恋人的争吵！
A trifle,小事一桩，
I assure you,我向你保证，
"I am certain, if you intercede on my behalf to the Queen, and make sure to tell her I’m terribly regretful, she will see reason and let me be on my merry way",“我确信，如果你替我向女王求情，并务必告诉她我非常懊悔，她会通情达理，让我愉快地离开”
I'm not sure I believe you,我不确定我相信你，
Because Iago zha Droma is the finest captain to ever grace the Outer Isles with his sails,因为伊阿戈·扎·卓玛是外岛群有史以来最杰出的船长，
"Besides, if you find another captain, brave or stupid enough to venture out to sea in these dire times, I shall dance on my mother’s grave!",“再说，如果你能找到另一个船长，勇敢或愚蠢到在这种危急时刻出海，我就在我母亲的坟上跳舞！”
Iago leans in and his voice drops,伊阿戈凑近，压低了声音，
Horror stalks the depths around Idra,恐怖在伊德拉周围的深渊中潜行，
I have seen it with my own eyes!,我亲眼见过！
I know,我知道，
It sunk our ship as we came in!,我们进港时它击沉了我们的船！
Then you know what I speak of. ‘The Terror of Idra’,那你知道我说的是什么了。“伊德拉的恐怖”，
"Many a ship must have shared your fate in these last, dark weeks",“在这过去黑暗的几周里，肯定有许多船遭遇了和你们一样的命运”
It fell upon us as well when we passed Sylo’s Teeth,我们经过西洛牙礁时，它也袭击了我们，
Many of my men were swept off deck and large gouges were torn from the sides of my beautiful ship,我的许多手下被从甲板上卷走，我美丽的船两侧被撕开了巨大的裂口，
What happened?,发生了什么？
Were it not for the grit of my crew and the blessed ship-wrights who shaped the magnificent hull of the ‘Oruda’ we would have met our end as you did,要不是我的船员坚韧不拔，以及塑造了“奥鲁达号”壮丽船体的受祝福的造船匠们，我们就会像你们一样葬身海底，
Instead we were able to slip from its grasp and make our way past the reefs and into shallower waters where the behemoth could not follow,相反，我们得以从它的魔爪中逃脱，穿过礁石，进入海怪无法跟进的浅水区，
What is the nature of this behemoth?,这海怪的本质是什么？
And where is your ship now?,你的船现在在哪里？
#HorrynMaija,#霍林·玛雅，
Ask about Wares,询问货物
Ask about Something,询问某事
Something about Wares,关于货物的事
Something about Something,关于某事的事
More about Something,更多关于某事
Finally the last part about Something,最后关于某事的部分
#HorrynOuterRetakenChamberlain,"#霍林外城区夺回总管,"
Markus is standing by the inn’s fireplace warming his frozen fingers when he sees you,马库斯正站在旅馆的壁炉旁暖着他冻僵的手指，这时他看到了你，
His face lights up,他面露喜色，
Hail {PLAYER}!,向您致敬，{PLAYER}！
The savior of Horryn!,"霍林的救星！,"
His voice breaks half way through the greeting and a coughing fit overcomes him,他的声音在问候中途沙哑，一阵咳嗽袭来，
I think I’ve caught a cold,我想我是感冒了，
Though considering what we’ve been through I think I should count myself lucky,不过考虑到我们经历的一切，我想我应该算幸运的了，
"Come, join me by the fire while we talk","""“来，我们边烤火边谈”"""
"Thanks to your bravery, we’ve retaken most of Horryn and we now have access to supplies and shelter","""“多亏了你的勇敢，我们夺回了霍林的大部分地区，现在有了补给和住所”"""
The refugees have been streaming back in from the camp,难民们正从营地陆续返回，
They’re desperate to learn the fate of loved ones or property that was left behind,他们急切地想知道亲人的命运或遗留的财产，
Understandably so,这可以理解，
He lets out a sigh and leans in,他叹了口气，凑近说道，
"However, were it not for the fact that I would have a mutiny on my hands, I would have kept them in the camp for now","""“然而，要不是怕引发暴动，我本想让他们暂时留在营地”"""
Things are much more dangerous here in Horryn than they realize,霍林这里的情况比他们意识到的要危险得多，
"As far as my men report, the Reavers in the inner city seem to have been slain or driven off","""“据我手下报告，内城的劫掠者似乎已被杀死或赶走”"""
"However, the one they call… ‘Father’ still occupies the keep in the south-west corner of the harbor","""“然而，他们称之为……‘【父亲】’的那个家伙仍占据着港口西南角的要塞”"""
He’s barricaded himself inside with the remainder of his pack and that’s not the worst of it,他带着残部把自己封锁在里面，而这还不是最糟的，
Reports are coming in that dozens of townsfolk were taken alive by the Reavers and taken to the keep,有报告称，数十名镇民被劫掠者活捉并带进了要塞，
I dread even contemplating what they are going through if they are still alive,我甚至不敢去想，如果他们仍活着，正在遭受什么，
"We must purge Horryn of this remaining ‘infestation’ and, if the Holy Tombs will it, rescue the captives","""“我们必须清除霍林残余的‘虫群’，如果圣墓庇佑，救出俘虏”"""
A frontal assault is out of the question,正面进攻绝无可能，
The keep is well defended when held by a determined enemy and I have not the man-power to attempt it,要塞在顽敌手中固若金汤，而我没有足够兵力去尝试，
There is hope however,不过还有希望，
"Hierophant Drahl, shared an ancient legend with me","""“大祭司德拉尔与我分享了一个古老的传说”"""
"When the current temple was constructed, a secret tunnel between it and the keep was reportedly build","""“据说，在建造现在的神殿时，神殿与要塞之间修建了一条秘道”"""
"It served the purpose of allowing the governor in the keep to escape through the temple in case of a siege or, alternatively, it made it possible for the clergy to seek shelter inside the keep if need be","""“其目的是让要塞中的总督在被围困时能通过神殿逃脱，或者，让神职人员必要时能进入要塞避难”"""
"Ironically, the tunnel was constructed centuries ago and since Horryn has seen very little warfare, it’s never been used","""“讽刺的是，这条秘道建于几个世纪前，而霍林鲜有战事，所以从未用过”"""
"In other words, it’s very existence is… less than ensured","""“换句话说，它的存在本身……并不确定”"""
Markus offers a sheepish smile,马库斯露出腼腆的微笑，
"Nonetheless, at this time the secret tunnel is our best bet","""“尽管如此，眼下这条秘道是我们最好的机会”"""
Hierophant Drahl is waiting for you outside the temple,大祭司德拉尔正在神殿外等你，
Meet him there and he’ll fill you in,去那里见他，他会告诉你详情，
"Also, among the refugees returning were Maija and our blacksmith","""“另外，返回的难民中有玛伊娅和我们的铁匠”"""
Both have opened their stores for you if you need to resupply,如果你需要补给，他俩的店铺都已为你开门，
And lastly {PLAYER},最后，{PLAYER}，
Please be careful,请务必小心，
"I fear dangers ahead, far exceed those behind you","""“我担心前方的危险，远胜于你身后的”"""
May the Golden Dead lend you strength,愿黄金先祖赐予你力量，
Talk to Hierophant Drahl at the temple,去神殿找大祭司德拉尔谈谈，
He'll tell you about the secret entrance!,"他会告诉你秘道入口的事！,"
#HorrynPilgrimLeaderScene,#霍林朝圣领袖场景
There isn’t much to do!,没什么可做的！
They say no ships are coming or going and in any case the region seems far too dangerous for us to venture into for now,他们说没有船进出，而且无论如何，这个地区现在对我们来说太危险了，不敢冒险进入
It would seem we’re stuck here for now,看来我们暂时被困在这里了
That's a shame,真可惜
"A group of weather-beaten travelers, clad in ragged robes, occupy the innermost beds of the flophouse",一群饱经风霜的旅行者，穿着破烂的长袍，占据了廉价旅馆最里面的床铺
One of them smiles dejectedly at you,其中一人沮丧地对你微笑
Hello there brother,你好，兄弟
I’m Thomas,我是托马斯
I lead this little troupe on our pilgrimage to the Outer Isles,我带领这个小剧团去外岛群朝圣
"That is, until all this madness started",也就是说，直到这一切疯狂开始
Hello there sister,你好，姐妹
Pilgrimage?,朝圣？
How did you manage to survive the reavers?,你们是怎么从劫掠者手中活下来的？
Driina shakes her head in disapproval,德莉娜不以为然地摇了摇头
All I can say is that I promise it’s worth the toil,我只能说，我保证这辛苦是值得的
You’ll feel like a new man by the end,到最后你会感觉自己焕然一新
"Then again, if you don’t have the heart for it there’s little I can say or do to change your mind",不过话说回来，如果你没有这个心思，我也没什么可说的或做的来改变你的想法
You’ll feel like a new woman by the end,到最后你会感觉自己焕然一新
Hmm,嗯
Indeed!,确实！
We came by boat from the mainland to see the five shrines of the Outer Isles,我们从大陆乘船来参观外岛群的五座神龛
It’s a lesser known route and it takes you far from any inn,这是一条鲜为人知的路线，会带你远离任何旅馆
That is perhaps why I feel it can be such a powerful experience,也许这就是为什么我觉得它能成为如此强大的体验
To complete the route requires true devotion,完成这条路线需要真正的虔诚
Not that it matters now,不过现在这都不重要了
It seems my comrades and I are stuck in Horryn,看来我和我的同伴们被困在霍林了
What do you indend to do now?,你现在打算做什么？
Aha!,啊哈！
I think I've seen one of the pilgrim shrines!,我想我见过其中一座朝圣神龛！
Thomas suddenly looks you over for a moment,托马斯突然打量了你一会儿
You have the look of a mercenary about you,你看起来像个雇佣兵
Perhaps you’d be interested in taking on the pilgrimage?,也许你有兴趣进行这次朝圣？
It would fortify both your mind and your body and it would help make the sites safe for the rest of us when we’re finally able to travel again,这会强化你的身心，而且当我们最终能够再次旅行时，这也有助于为我们其他人确保这些地点的安全
"Hmm, perhaps",嗯，也许吧
We have nothing to offer you as compensation but I swear that fulfilling the pilgrimage will be worth it,我们没有什么可以给你作为报酬，但我发誓完成朝圣是值得的
"That is, if you have the stamina to see it through",也就是说，如果你有毅力坚持到底的话
Driina grabs your elbow softly,德莉娜轻轻抓住你的手肘
I really think we should listen to the man,我真的觉得我们应该听这个人的
What exactly does it entail?,这具体包括什么？
"As I said, there are five shrines scattered throughout the Outer Isles",正如我所说，外岛群上散布着五座神龛
"To complete the pilgrimage, you must visit each of them and spend no less than 8 hours at each site in deep meditation while you recite the Pilgrim’s Prayer",要完成朝圣，你必须拜访每一座神龛，在每个地点花至少8小时进行深度冥想，同时背诵朝圣者祷文
Pilgrim’s Prayer?,朝圣者祷文？
We’ll teach you the prayer before you go and note down the general directions to each of the shrines in your journal,在你出发前，我们会教你祷文，并在你的日志中记下每座神龛的大致方向
You should consult it before setting out,出发前你应该查阅一下
And don’t worry,别担心
You can complete the pilgrimage in any order!,你可以按任意顺序完成朝圣！
This all sounds like a lot of work!,这听起来工作量很大！
Thomas looks invigorated at the prospect of sending you off on the pilgrimage and smiles warmly at you whilst placing his hands on your shoulders,想到要送你踏上朝圣之旅，托马斯显得精神焕发，他温暖地对你微笑，同时将双手放在你的肩膀上
"Brother, there is nothing more for me to say",兄弟，我没什么可说的了
"If the will to complete the pilgrimage lives within you, it will be so",如果完成朝圣的意志存在于你心中，那就一定会实现
"Now, be on your way and best of luck!",现在，上路吧，祝你好运！
Driina bows respectfully to the weatherbeaten man,德莉娜恭敬地向这位饱经风霜的男人鞠躬
"Sister, there is nothing more for me to say",姐妹，我没什么可说的了
Thomas smiles warmly at you,托马斯温暖地对你微笑
You have the look of enlightenment upon you,你身上有开悟的神采
It gladdens my heart to see,看到这让我心生欢喜
I pray that my comrades and I shall soon follow,我祈祷我和我的同伴们很快也能如此
Thomas looks at you and squints slightly,托马斯看着你，微微眯起眼睛
You’ve not completed the pilgrimage yet I see,我看你还没完成朝圣
I can always tell who has and who hasn’t,我总能看出谁完成了，谁没有
Don’t give up!,别放弃！
You may have,你可能已经
One of the shrines is right here on Idra!,其中一座神龛就在伊德拉这里！
"Oh, I was really hoping to see them all again",哦，我真的很希望能再次看到它们全部
"What’s more, I had hoped to be able to bring my companions there as well",而且，我本来还希望能把我的同伴们也带到那里去
Thomas sighs deeply,托马斯深深地叹了口气
So what do you plan to do now?,那么你现在打算做什么？
Thomas nods towards the proprietor,托马斯朝店主点了点头
We would all be dead were it not for the lady of the house,要不是这位女主人，我们早就死了
She hid us under the floorboards when the Reavers came and we were able to ride out the worst of it,劫掠者来的时候，她把我们藏在地板下，我们才得以躲过最糟糕的时刻
And you said you're pilgrims?,你说你们是朝圣者？
#HorrynRatMaze,#霍林鼠巷
A circular chamber with three exits,一个有三条出口的圆形房间
"The one to the west opens up into a larger, lit passage",西边的出口通向一条更大、有照明的通道
North,北
East,东
Exit west into the underhalls,向西出口进入地下大厅
A bend in the tunnel leads south or east,隧道的一个弯道通向南方或东方
Drawn on the wall is a vulgar graffiti of two naked male forms that appear to be... wrestling,墙上画着粗俗的涂鸦，两个裸体男性形象似乎在……摔跤
South,南
This room is a dead end,这个房间是死胡同
Written on the wall in chalk is the graffiti,墙上用粉笔写着涂鸦
Esteban is a donkey-fucker!,埃斯特班是驴日的！
"Besides the checkerboard patterned floor, this is an otherwise inconspicuous chamber with exits leading north and west",除了棋盘格图案的地板，这个房间原本不起眼，有出口通往北和西
West,西
"A fairly large, vaulted chamber with four exits",一个相当大的拱顶房间，有四个出口
The floor seems sticky with some kind of slimy mold that appears to be spreading from a large drain,地板似乎粘着某种黏糊糊的霉菌，似乎是从一个大排水口蔓延开来的
A junction where three tunnels converge,三条隧道交汇的路口
The Rat Queen rules here!,鼠后统治这里！
The exit to the east smells faintly of sewage,东边的出口隐约有污水的气味
This is a dead end,这是死胡同
Nothing to see here,这里没什么可看的
A large square chamber with four central pillars,一个大的方形房间，有四根中央柱子
A skeletal corpse sits leaning up against one of the pillars,一具骷髅尸体靠在一根柱子上坐着
Tunnels lead off into all four cardinal directions,隧道通向四个主要方向
"A large, octagonal chamber with four exits",一个大的八角形房间，有四个出口
The one leading north stinks of sewage and leads back to the sewer tunnels,北边的出口臭气熏天，通向污水隧道
A chalk arrow is drawn on the wall leading west,墙上画着一个粉笔箭头指向西
Exit north into the sewers,向北出口进入下水道
A chamber where the worked stone of the easter wall has collapsed causing dirt and rocks to spill into the room,一个房间，东墙的加工石料坍塌，导致泥土和岩石涌入房间
The wet stench of mold hangs thick in the air,空气中弥漫着潮湿的霉菌恶臭
Tunnels exit to the north and west,隧道出口通往北和西
A tall chamber with a tapering ceiling,一个高高的房间，天花板逐渐变窄
"A beam of light shines down from above, illuminating a piece of chalk graffiti",一束光从上方照下来，照亮了一处粉笔涂鸦
Magi have no balls - but fuck us nonetheless!,法师没有蛋蛋——但还是操我们！
Exits lead south and west and the one towards the west stinks of sewage,出口通往南和西，西边的那个臭气熏天
You have emerged into the underhalls of Horryn,你已经进入了霍林的地下大厅
Faint music can be heard ahead and the air smells of spice and perfume,前方传来微弱的音乐声，空气中弥漫着香料和香水的气味
The narrow tunnels of the Rat-Raze opens up into the rancid sewers underneath Horryn,鼠巷的狭窄隧道通向霍林地下腐臭的下水道
The Rat Maze,鼠巷
The tunnel leads back into “The Rat Maze,隧道通向“鼠巷”
Enter at your own risk!,进入风险自负！
The tunnel ahead is dark and narrow and seems to be of pre-imperial construction,前方的隧道又黑又窄，似乎是前帝国时期的建筑
Rats scuttle in and out and ahead you can see it branching in multiple directions,老鼠窜来窜去，前方你可以看到它分叉成多个方向
"If you proceed, you must keep your wits, and sense of direction, about you",如果你继续前进，你必须保持机智和方向感
#HorrynRatQueenScene,#霍林鼠后场景
SOmething about C,关于C的一些事
More about C,更多关于C的事
Finally the last part about C,最后关于C的部分
How curious: you're clearly not from Idra; you've not made the mistake of attacking us; you appear not to know me,真奇怪：你显然不是伊德拉人；你没有犯下攻击我们的错误；你似乎不认识我
I seek answers,我寻求答案
I seek fortune,我寻求财富
I doubt you’ll find much in these halls,我怀疑你在这些厅堂里找不到什么
"Nonetheless, you are welcome to enjoy my hospitality and... business",尽管如此，欢迎你享受我的款待和……生意
So long as your blade stays in your sheath and your tongue remains courteous,只要你的剑留在鞘中，舌头保持礼貌
The queen takes a long draw from a hookah pipe as she stares intently at you,女王从水烟管中长长吸了一口，同时专注地盯着你
Thank you m'lady,谢谢您，女士
May I ask you some questions?,我可以问您一些问题吗？
I'll go where I like,我想去哪儿就去哪儿
"For now, I have questions!",现在，我有问题！
Retrieve the harbormaster’s ledger for me,替我取回港务长的账本
Look for it in the eastern sea-tower,去东边的海塔里找
You can find it by following the eastern jetty all the way around to the entrance of the harbor,沿着东防波堤一路绕到港口入口就能找到
"Do that, and I shall consider sparing that fool Iago’s life",做到这点，我就会考虑饶了那个傻瓜伊阿戈的命
You hand the ledger to the Queen who in turn hands it off to one of her lackeys without even looking,你把账本交给女王，她看都没看就转手递给了一个手下
The man flips through it and offers the queen a short nod,那人翻了翻，向女王微微点头
She waves her hand in an uninterested gesture and a burly pair of gentlemen slink off into the shadows,她漠不关心地挥了挥手，两个魁梧的绅士溜进了阴影中
One of them is carrying a large ring of keys,其中一人拎着一大串钥匙
What about it?,那又怎样？
What was I supposed to do again?,我又该做什么来着？
I have the ledger!,我拿到账本了！
The men standing around roar in laughter and jeers,站在周围的人哄堂大笑，嘲弄起来
Iago bows deeply and backs away,伊阿戈深深鞠躬，向后退去
He grabs you by the arm as you leave,你离开时，他抓住你的胳膊
"You are looking for a captain, yes?",你在找一位船长，对吧？
"Well, you’ll find no better suited ship or crew than the Weathermaiden",嗯，你找不到比天候少女号更合适的船或船员了
I’ll go ahead and rejoin them in the sea-cave to the north-west of here,我先走一步，去西北边的海蚀洞窟与他们会合
Make your preparations and then seek me out once you are ready,做好准备，一旦就绪就来找我
Together we will bid a fond farewell to this barren rock,我们将一起深情告别这块不毛之地
Iago tips his non-existent hat and leaves,伊阿戈抬了抬并不存在的帽子，离开了
"At some point you may find yourself in search of a ship, no?",总有一天你可能会需要一艘船，不是吗？
Once my ship is ready to sail again we shall make our way off this barren rock,一旦我的船准备好再次起航，我们就离开这块不毛之地
Someone throws an overripe fruit,有人扔了一个熟透的水果
As he does so he whispers to you “I think it is best we make ourselves scarce,他一边这么做，一边对你低语：“我想我们最好赶紧溜走
The natives seem to be getting restless,本地人似乎开始躁动不安了
You amuse me,你让我觉得有趣
I shall lend my ear,我会倾听
For now,暂时
About that ledger,关于那个账本
I met Iago,我见到了伊阿戈
What is this place?,这是什么地方？
How did you end up here?,你是怎么沦落到这里的？
The queen’s eyes flash at you and for a moment you feel as if lightning is about to strike,女王眼中闪过一道光，一瞬间你感觉仿佛闪电即将劈下
Then she relaxes back into her self-assured pose,然后她放松下来，恢复了自信的姿态
That man is nothing to me,那个男人对我来说什么都不是
He is to rot at my pleasure,他活该烂在这里，全凭我高兴
What is his crime?,他犯了什么罪？
The queen cast a brief glance at a young man standing nearby,女王瞥了一眼站在附近的一个年轻人
His face reddens and a faint smile plays across his lips,他脸红了，嘴角泛起一丝微笑
"That is, until he realizes the hot water he’s in and remembers an important task that needs doing somewhere else before scuttling off",也就是说，直到他意识到自己处境不妙，想起还有重要任务要去别处完成，然后匆匆溜走
Iago is a worm whose appetite is too big for his own good,伊阿戈是条胃口太大、自不量力的蠕虫
Nothing else,没别的了
What is your interest in him?,你对他有什么兴趣？
He's asked me to put in a good word for him to you,他让我替他在你面前美言几句
Has he now?,是吗？
"Well, he is clever when that mood strikes him and you’ll certainly find no finer captain in the outer isles",嗯，他兴致来的时候很聪明，在外岛群你肯定找不到比他更好的船长了
"For old times sake, I shall offer him this much",看在旧情的份上，我就给他这点面子
The Harbormaster of Horryn is no doubt food for the crabs,霍林的港务长无疑已成了螃蟹的食物
Or at least for those beasts that roam the streets above,或者至少成了上面街道上游荡的野兽的食物
"However, he kept meticulous journals and ledgers",然而，他保留了详尽的日志和账本
Ledgers full of information that reflect poorly on my associates,账本里满是会对我同伙不利的信息
"It would be a shame, albeit not unlikely, that these ledgers might have been lost in the calamities that have swept Horryn",这些账本可能在席卷霍林的灾难中丢失，虽然并非不可能，但会是个遗憾
Where should we look for them?,我们该去哪里找？
The Harbormaster kept a storage of his records in the eastern tower that flanks the entrance to the harbor,港务长把他的记录存放在港口入口旁东侧塔楼的储藏室里
"Just follow the eastern jetty, along the sea-wall until you arrive at the tower",沿着东防波堤，顺着海堤走，直到到达塔楼
"With the current chaos that reigns above, I’m sure it’s as easy as walking in and walking out again",眼下上面混乱不堪，我敢肯定就像走进去再走出来一样简单
"Do this for me, and I’ll consider sparing the life of that wretch of a manling",替我办成此事，我就会考虑饶了那个可怜虫的命
I already have them!,我已经拿到了！
I'll consider it,我会考虑的
I had some more questions first though,不过我先还有些问题
The pair return with Iago dangling comically between them and forcefully deposit him on the stone floor at the queen’s feet,那两人回来了，伊阿戈滑稽地吊在他们中间，被重重扔在女王脚边的石地上
He slowly and painfully stumbles to his feet while rubbing his sore wrists,他揉着酸痛的手腕，缓慢而痛苦地踉跄站起
The Blind Maiden has delivered,盲眼少女已经送达
"My dear queen, I am ever your",我亲爱的女王，我永远是您的
The Queen’s retort cut’s like a rapier,女王的反驳像刺剑一样锋利
"Not another word out of your mouth lest I geld you. {PLAYER}, I thank you for your service but it is time for you to be on your way",再敢多说一个字，我就阉了你。{PLAYER}，感谢你的效劳，但你现在该走了
Seeing this scoundrel before me makes my men and me salivate for roasted peacock and I assure you,看到这个恶棍在我面前，让我和手下们都馋起了烤孔雀，我向你保证
That would not be a pretty sight,那场面可不会好看
"Iago, I don't want you joining me",伊阿戈，我不想让你加入我
You return,你回来了
I have some more questions,我还有些问题
About that quest,关于那个任务
A place for free spirits and the free flow of enterprise,一个供自由灵魂和自由事业流通的地方
"The Empire would call us thieves, smugglers and brigands but the same Empire would rather starve thousands to death than upset the delicate balance of their taxes and tariffs",帝国会称我们为盗贼、走私者和强盗，但同一个帝国宁愿让成千上万的人饿死，也不愿打乱他们税收和关税的微妙平衡
"So instead, we scuttle about like rats in dark places",所以，我们反而像老鼠一样在暗处窜来窜去
We gnaw at the foundations of that swollen corpse,我们啃噬着那具肿胀尸体的根基
"But for all our mischief, they cannot help but love us",但尽管我们如此捣蛋，他们还是忍不住爱我们
They writhe in our muck!,他们在我们的污秽中挣扎！
"In the rare spices, fine oils, exotic magicks and potent poisons that flow into the Heartlands thanks to those like me",多亏了像我这样的人，稀有的香料、上好的油、异域的魔法和强效的毒素才得以流入心脏地带
So please,所以，请吧
Cavort in pleasures most carnal while you are here,在此尽情享受最肉欲的欢愉吧
No secrets ever leave these halls,任何秘密都不会离开这些厅堂
The queen offers a telling smile,女王露出了一个意味深长的微笑
Not another word out of your mouth lest I geld you,再敢多说一个字，我就阉了你，
"{PLAYER}, I thank you for your service but it is time for you to be on your way",{PLAYER}，感谢你的效劳，但你现在该走了
#HorrynReaverAltar,#霍林劫掠者祭坛
This tablet has claimed many minds,这块石板已经夺走了许多人的心智
The Reavers were once sane men,劫掠者曾经是理智的人
"Now they are murderous beasts and I know in my blood, this helped spark their madness",“如今他们是凶残的野兽，我凭直觉知道，这东西助长了他们的疯狂”
She spits on the tablet,她朝石板吐了口唾沫
I wonder... did they catch it in their nets by chance?,我好奇……他们是在渔网中偶然捞到它的吗？
"Or were there deeper, darker forces at work?",“还是说有更深、更黑暗的力量在作祟？”
Loot the altar,搜刮祭坛
Examine the artifact more closely,更仔细地检查这件器物
A hideous simulacrum of an altar stands before you,一座丑陋的仿制祭坛矗立在你面前
"The large stone slab is smeared with blood and feces, and obscenely decorated with the rotted eggs of sea birds and the bones of small creatures",“巨大的石板上涂抹着血和粪便，还猥亵地装饰着海鸟的腐蛋和小动物的骨头”
A small pile of coins and precious stones have been placed upon it as well,上面还放着一小堆钱币和宝石
"Its most striking feature, however, is the weathered, greenish stone tablet that serves as a centerpiece",“然而，它最引人注目的特征是那块作为中心装饰的、风化发绿的石板”
"Leaning in and in the dim light, you can make out line upon line of faint carvings and grotesque imagery covering the tablet",“凑近在昏暗的光线下，你能辨认出覆盖石板的一行行模糊的雕刻和怪诞的图像”
It seems to writhe and contort in impossible ways and for a moment you can almost hear whispering,它似乎以不可能的方式扭动变形，有那么一瞬间你几乎能听到低语
Pull Away,抽身退开
You pull back from the hideous artifact and for some reason your mind resounds with a single thought,你从那件可怖的器物前退开，不知为何，你的脑海中回荡着一个念头
The tablet came from the unknowable depths of the sea,这块石板来自不可知的深海深渊
No doubt an item of power and value... to the right person,毫无疑问，对合适的人来说，这是一件充满力量与价值的物品……
Driina shudders,德莉娜打了个寒颤
This is an artifact of pure evil,这是一件纯粹邪恶的器物
"Driina, what is this thing?",“德莉娜，这是什么东西？”
You carefully place the tablet in your bags before picking through the offal covering the rest of the altar for what precious items you find there,你小心地将石板放入背包，然后从覆盖祭坛其余部分的污秽中挑拣出你找到的珍贵物品
Your bags feel heavy as you heft them over your shoulder,当你把背包甩到肩上时，感觉沉甸甸的
You force yourself to scan the tablet and its hideous carvings,你强迫自己扫视石板及其可怖的雕刻
The scripture makes little sense to you but there are images as well,经文对你来说毫无意义，但上面还有图像
Suggestive images,引人遐想的图像
"However, you decide that you lack the required knowledge to make sense of them and quickly look away",“然而，你认定自己缺乏理解它们所需的知识，于是迅速移开了视线”
"Taking a deep breath, you force yourself to look upon the hideous carvings again",“深吸一口气，你强迫自己再次看向那些可怖的雕刻”
You fail to make any further sense of the writing but your eyes linger on the crude renditions of humanoid figures,你未能进一步理解那些文字，但你的目光停留在粗糙的人形描绘上
"Some appear to be men, or at least man-like",“有些看起来是男人，或者至少是类人生物”
"Small and pathetic, they kneel in worship of others, much larger and monstrous figures",“它们渺小而可悲，跪着崇拜其他更大、更畸形的存在”
"In another series of images, the subject matter becomes more disturbing still",“在另一系列图像中，主题变得更加令人不安”
"Squatting obscenely, the larger horrors embrace the smaller men and in a grotesque imitation of lovers, it appears as if they are kissing deeply",“那些更大的恐怖存在猥亵地蹲着，拥抱着较小的人类，以一种怪诞模仿恋人的姿态，看起来仿佛在深吻”
You feel nausea rising up and look away from the hideous tablet,你感到一阵恶心，从可怖的石板上移开了视线
#HorrynReaverChief1,#HorrynReaverChief1
Oh the Butcher’s a good boy but he’s truly gone astray,哦，屠夫是个好孩子，但他真的误入歧途了
Blood-drunk I say,我说，被血冲昏了头
I’ve seen it before,我以前见过
"Once you taste the flesh and blood and guts of the weak, your hands just start going by themselves",一旦你尝过弱者的血肉和内脏，你的手就会不由自主地动起来
Becomes like gutting fish,就像剖鱼一样
Knife in - knife out,刀进——刀出
Oleg smiles broadly as he imitates a sawing motion with his hand,奥列格一边模仿锯东西的动作，一边咧嘴笑着
But the Father still needs him - The tablets are whispering it to me!,但【父亲】还需要他——石板正对我低语着这件事！
"Seek him out in front of the temple, over in the western part of town, and tell that to him!",去神殿前面找他，就在镇子的西边，把这话告诉他！
I have some other questions,我还有其他问题
About the other chieftains,关于其他首领
A shadow falls over Oleg’s face,一片阴影掠过奥列格的脸
Father is a great man,【父亲】是个伟人
I was the one to receive the word from the Deep but Father was the one who was truly chosen,我是从深渊接收到话语的人，但【父亲】才是真正被选中的那个
I won’t lie,我不撒谎
I was jealous!,我曾嫉妒过！
I hated him for it!,我为此恨过他！
The tablets came to me after all!,毕竟石板是来找我的！
Why was he the one to receive the gift?!,为什么是他得到了恩赐？！
What is his 'work'?,他的“工作”是什么？
He sighs,他叹了口气
"Then again, his work is so important",不过，他的工作如此重要
So… beautiful even I cannot begin to comprehend it,如此……美妙，我甚至无法开始理解
And we must all play our part in it,我们都必须在这其中扮演自己的角色
My siblings will fall in line and you have been chosen for the task,我的兄弟姐妹们会服从安排，而你已被选中执行这项任务
Oh do not worry!,哦，别担心！
You’ll meet him soon enough and all will be made clear,你很快就会见到他，一切都会明了
It is whispered,这是低语
Sweet little sister Kala!,可爱的小妹妹卡菈！
She and her brood caught more of the prey than any other!,她和她的手下抓到的猎物比谁都多！
Sniffed them out from their cellars and attics and cupboards and sent them to Father!,把他们从地窖、阁楼和碗柜里嗅出来，送到【父亲】那里！
Though he only takes the fit,尽管他只收合适的
The very young and very old were left for her to play with,太年幼和太年老的都留给她玩弄
Oleg chuckles genially,奥列格和蔼地轻声笑着
I fear she’s grown bored and lazy now that there’s hardly more prey to be had,我担心她现在变得无聊又懒惰，因为几乎没什么猎物可抓了
She just sits around and stews over in the pack-house on the docks now,她现在就坐在码头的帮会屋里闷闷不乐
It’s time she was reminded that she has a role to play yet!,是时候提醒她，她还有角色要扮演！
Prey?,猎物？
Do you mean people?,你是指人吗？
The old man smiles serenely and appears to either not hear or not comprehend your question,老人平静地微笑着，似乎没听见或没理解你的问题
The filthy pack of robed and hooded mad-men roar in insane anger and charge towards you as they draw strangely curved blades and cruel looking axes!,那群肮脏的、穿着长袍戴着兜帽的疯子发出癫狂的怒吼，拔出形状怪异的弯刀和凶残的斧头，向你冲来！
Tell me about Kala!,跟我说说卡菈！
Tell me about the Butcher!,跟我说说屠夫！
Tell me about the Father!,跟我说说【父亲】！
I have other questions,我还有其他问题
The band of madmen file out of the lodge and into the city,那群疯子从屋里鱼贯而出，进入城市
"Keeping your distance, you follow them as they set up an ambush in the plaza",你保持距离，跟着他们，看他们在广场设下埋伏
"Like mangey, starving wolves they fidget with the anticipation of bloodshed",像患了疥癣的饿狼，他们因期待流血而坐立不安
Finally their quarry arrives,终于，他们的猎物来了
The Butcher and his filthy brood prowl into the square with weapons drawn,屠夫和他那群肮脏的手下拔出武器，潜行进入广场
An arrow is loosened and then mad cries from the ambushers fill the air as a furious melee erupts!,一支箭射出，随后伏击者的疯狂喊叫响彻空中，一场激烈的近战爆发了！
Savage blades make bloody work,野蛮的刀剑制造着血腥的成果
"Intestines spill, blood pours and limbs are torn from bodies",肠子溢出，鲜血喷涌，四肢从躯体上被撕下
Screams of pain and terror mix with the howls and snarls of men utterly lost to insane bloodlust,痛苦与恐惧的尖叫与完全陷入癫狂嗜血欲望的男人们的嚎叫和咆哮交织在一起
The Butcher finds Oleg on the field and with a mighty swing the old man is slain,屠夫在战场上找到了奥列格，一记猛击，老人便被杀死了
"As the fiend tears his ‘brother’s’ hearth from his chest, he howls in triumph",当这个恶魔从他“兄弟”的胸膛里扯出心脏时，他胜利地嚎叫着
"As the screams die down and all the savagery is sated, the ground is slick with blood",当尖叫声平息，所有的暴行都得到满足，地面被鲜血浸得滑腻
Hulking and dark with grime and gore the Butcher stands panting in the center of the battlefield surrounded by his few surrounding men,屠夫高大黝黑，满身污垢和血污，气喘吁吁地站在战场中央，身边围着几个手下
In the darkness his eyes burn like white hot coals,黑暗中，他的眼睛像白热的煤块一样燃烧
"As he raises his bloody axe towards you, an inhuman scream echoes across the plaza",当他向你举起血淋淋的斧头时，一声非人的尖叫响彻广场
It seems the mad-man has one more sacrifice yet to make!,看来这个疯子还要再献祭一个！
Attack!,攻击！
What?!,什么？！
My patience is limited!,我的耐心有限！
About your tablets,关于你的石板
Regarding the other chieftains,关于其他首领
I'm here to end you!,我是来终结你的！
It's time I left,我该走了
"An old man,graying but endowed with a physique sculpted by a lifetime of hard manual labor, looks up at you as you approach",一个头发花白、但体格因一生艰苦体力劳动而健壮的老人，在你走近时抬头看着你
A smile of genuine surprise spreads warmly across his face in a manner that stands in stark contrast to the grotesque surroundings,一种真诚的惊讶笑容温暖地绽放在他脸上，与周围怪诞的环境形成鲜明对比
Ah!,啊！
You came!,你来了！
You were expecting me?,你在等我？
Your coming was whispered,你的到来被低语过
Such are the blessings of the Depths,这就是深渊的祝福
Cast your nets and receive the bounty,撒下你的网，收获恩赐
All my life I’ve been at sea,我一生都在海上
Wind and rain and frozen fingers,风、雨和冻僵的手指
And let me tell you,让我告诉你
Them Imperial hymns never did me any good,那些帝国赞美诗从没给我带来过好处
Twasn't afore we started using the old incantations that the Deep started rewarding us,直到我们开始使用古老的咒语，深渊才开始奖赏我们
And rewarded me it did,它确实奖赏了我
The Whispering Tablets came to me,低语石板来到了我身边
That’s where we first received the deep word and that’s where I heard of your coming,我们就是在那里第一次接收到深渊的话语，也是在那里我听到了你的到来
Whispering tablet?,低语石板？
The Butcher has stolen your tablets!,屠夫偷了你的石板！
Aye,是啊
The words of the Deep - written in stone,深渊的话语——刻在石头上
Given to me and me alone,赐予我，且只赐予我一人
"Those two upstarts, Kala and that butcher, covet it and even the Father himself pretends he no longer needs it",那两个暴发户，卡菈和那个屠夫，觊觎它，就连【父亲】自己也假装不再需要它
No longer needs me,不再需要我
A flash of anger comes across the face of the kindly old man,这位和蔼的老人脸上闪过一丝愤怒
But I’ll remind him,但我会提醒他
I’ll make the Father remember,我会让【父亲】记起来
How?,怎么做？
Sister Kala and brother Butcher have lost their way,卡菈妹妹和屠夫弟弟迷失了方向
All the bloodshed has gone to their heads and they’ve strayed!,所有的杀戮冲昏了他们的头脑，他们误入歧途了！
Lost their way!,迷失了方向！
"Meanwhile, the Father has gone to the keep to begin the holy work",与此同时，【父亲】已经前往要塞开始神圣的工作
He’s left it to me to put my wayward siblings right,他留给我来纠正我那些任性的兄弟姐妹
Or put them down,或者除掉他们
Like diseased dogs,像处理病狗一样
And you think I'll help you?,你觉得我会帮你？
It does not matter what I think,我怎么想并不重要
The tablets whispered and here you are,石板低语了，于是你就在这里
Before this is over you will have more blood on your hands,在这件事结束之前，你手上会沾上更多的血
So much more blood,多得多的血
Go to them,去找他们
Tell them to return to the family or suffer the consequences,告诉他们回归家族，否则承担后果
The Butcher is culling the flock in front of the temple and you’ll find Kala holding court at the east-end of the docks,屠夫正在神殿前剔除羊群，你会在码头东端找到卡菈在主持集会
Begone now and do not return until you are done,现在走吧，不完成就别回来
Not so fast,别急
I have questions!,我有问题！
Oleg pauses a moment and then smiles conspiratorily,奥列格停顿片刻，然后露出阴谋般的微笑
Kala!,卡菈！
"Together we’ll slay brother Butcher and once we feast on his putrid entrails, she’ll make a fine consort for old Oleg!",我们一起杀掉屠夫弟弟，等我们享用了他腐烂的内脏后，她会成为老奥列格的好配偶！
Go to her!,去找她！
Tell her that together we shall put an end to the Butcher’s obstinance and win Father’s favor!,告诉她，我们一起终结屠夫的顽固，赢得【父亲】的青睐！
What do you want?,你想要什么？
I have some questions!,我有些问题！
The robed cultists stop dead in their tracks as they spot you,穿长袍的邪教徒们一看到你，就猛地停住了脚步
You,你
You're not supposed to be here!,你不该在这里！
Come here so I can gut you!,过来，让我剖了你！
Oleg sent me!,奥列格派我来的！
INTERLOPER!,闯入者！
DIE!,死！
"The Reavers appear taken aback, not knowing what to say",劫掠者们似乎吃了一惊，不知该说什么
"Instead they say nothing, whirl around and clamber up the ladder leading to the surface",他们反而一言不发，猛地转身，爬上通往地面的梯子
What in the depths are you doing back here?!,你他妈的怎么又回到这里来了？！
To arms lads!,拿起武器，伙计们！
Yes?,嗯？
I've taken the tablets for myself!,我把石板据为己有了！
Can I see them?,我能看看吗？
Tell me more about them!,多告诉我一些关于它们的事！
The man eyes you suspiciously,那人怀疑地看着你
They’re none of your fucking business is what they are!,它们就是他妈的不关你的事！
They came to me and me alone!,它们是来找我的，只找我一人！
It was MY nets that caught them and my boat that carried them ashore!,是我的网捞到了它们，是我的船把它们运上岸！
"Not the Butcher, not Kala and not even Father himself!",不是屠夫，不是卡菈，甚至不是【父亲】本人！
ME!,是我！
Oleg wipes a drop of sweat from his brow,奥列格从额头上擦去一滴汗
"Now, you best get going",现在，你最好出发
"He offers a polite, slight smile",他礼貌地微微一笑
I have more questions!,我还有问题！
Oleg chuckles fatherly,奥列格慈祥地轻声笑着
"Oh my, no",哦，天哪，不行
They are for me and me alone,它们是给我的，只给我一人
They lie in darkness; safe and untouched by the filth of my wayward siblings,它们躺在黑暗中；安全，未被我那任性的兄弟姐妹们的污秽所触及
What can you tell me about them?,关于它们，你能告诉我什么？
I had some other questions,我还有些别的问题
The man’s eyes widen in shock and rage,那人震惊而愤怒地瞪大了眼睛
What have you done!?,你做了什么！？
You’re unraveling the thread!,你在拆散线索！
Are you mad??!,你疯了吗？？！
You’ll pay for this!,你会为此付出代价！
Oleg instinctively senses the truth in your words and his eyes widen in shock and terror,奥列格本能地察觉到你话中的真相，他震惊而恐惧地瞪大了眼睛
"Then, utter rage",然后，彻底的愤怒
That upstart!,那个暴发户！
I gave him a chance to come to my side and he betrays me instead?!,我给了他机会站到我这边，他却背叛了我？！
And now you say he intends to make an offering of me?!,现在你说他打算拿我当祭品？！
We shall see who’s bones will be laid out in the sun to dry come dawn!,我们走着瞧，看天亮时谁的骨头会被摆在太阳下晒干！
"Children, sharpen your blades!",孩子们，磨利你们的刀剑！
We’ll get the jump on the upstart yet!,我们还能抢先一步对付那个暴发户！
Watch them leave,看着他们离开
What if you ask Kala to ally with you?,如果你让卡菈与你结盟呢？
#HorrynReaverChief1,#HorrynReaverChief1
Oleg smiles broadly as he imitates a sawing motion with his hands,奥列格一边模仿锯东西的动作，一边咧嘴笑着
Savage blades do bloody work,野蛮的刀剑制造着血腥的成果
The Whispering tablets came to me,低语石板来到了我身边
Begon now and do not return until you are done,现在走吧，不完成就别回来
#HorrynReaverChief1GateGuard,#HorrynReaverChief1GateGuard
The men lick their lips in greedy anticipation,这些人贪婪地舔着嘴唇，充满期待
To arms!,拿起武器！
they bellow,他们吼道
Yes you will,是的，你会的
Oleg is waiting for you inside,奥列格在里面等你
The man offers a toothless grin,那人露出没牙的笑容
"You spot a pair of reavers dressed in a bizarre assortment of ragged robes, hoods and antlered masks guarding the gate to what appears to be a decrepit villa",你发现两个劫掠者，穿着奇异的破烂长袍、兜帽和鹿角面具，守卫着一座看似破旧别墅的大门
The pair notices you and they grin cruelly as they heft their weapons before suddenly stopping,那两人注意到你，残忍地咧嘴笑着，举起武器，然后突然停住
The antlered man leans in and whispers in the hooded one's ear,戴鹿角面具的人凑近戴兜帽的人耳边低语
Their grins fade,他们的笑容消失了
You’re welcome to our lodge!,欢迎来到我们的营地！
He’s been expecting you,他一直在等你
What?,什么？
Iben looks tense and whispers out of the corner of his mouth,伊本神情紧张，从嘴角低声说道
We got lucky before,我们之前运气好
These madmen are not to be trifled with and we will do well to employ some cunning in dealing with them,这些疯子可不好惹，我们最好用点计谋对付他们
Roland chimes in,罗兰插话道
Little man's right,小个子说得对
I’m not afraid to get my hands dirty but we are few and we don’t know their true numbers yet,我不怕弄脏手，但我们人少，还不知道他们到底有多少人
We shall see,走着瞧吧
Oleg’s a great man!,奥列格是个伟人！
The Father might have forgotten it but he is the oldest of us,【父亲】可能忘了，但他是我们中最年长的
Was him who pulled the tablets out of the depths and he’s still their keeper,是他从深渊中捞出了石板，至今仍是它们的守护者
"And as long as he is, his word carries more weight than any of us!",只要他还是，他的话就比我们任何人都更有分量！
The Father would do well not to forget that!,【父亲】最好别忘了这一点！
Tablets?,石板？
The man smiles serenely,那人平静地微笑着
No need,没必要
Oleg hisself is waiting for you inside,奥列格本人正在里面等你
Go to him now,现在就去见他吧
I had some more questions,我还有些问题
The men look puzzled,那些人一脸困惑
Why would we?,我们为什么要？
Oleg says not to and his words come from the depths themselves,奥列格说不用，他的话来自深渊本身
He had the tablets even before the father came to us,早在【父亲】来到我们身边之前，他就有了石板
What tablets?,什么石板？
Tell me more about Oleg!,多告诉我一些奥列格的事！
You mustn't tarry,你不能再耽搁了
Oleg very much wishes to speak with you,奥列格非常想和你谈谈
Tell me more about this Oleg!,多告诉我一些这个奥列格的事！
Why are you not attacking me?,你们为什么不攻击我？
I have no time for you madmen!,我没时间陪你们这些疯子！
The whispering tablets,低语石板
Ones that came up in our nets,从我们的网里捞上来的
From the deep and the Mother herself!,来自深渊和母亲本人！
The ones that make you,那些让你
The other reaver grabs his arm and he catches himself,另一个劫掠者抓住他的胳膊，他回过神来
Best you see Oleg,你最好去见奥列格
He’ll tell you all you needs to know,他会告诉你所有你需要知道的
#HorrynReaverChief1GateGuard,#HorrynReaverChief1GateGuard
He had the tablets even before the Father came to us,早在【父亲】来到我们身边之前，他就有了石板
The woman snarls and bares her fangs as she draws a wickedly curved blade and lunges at you!,那女人咆哮着露出獠牙，拔出一把邪恶的弯刀向你扑来！
The woman in front of you is tall and sinewy,你面前的这个女人身材高大，肌肉强健，
Her face is painted and bloody and her teeth have been filed into fangs,她的脸上涂着彩绘，沾满血迹，牙齿被磨成了獠牙，
She licks her lips greedily as you approach,当你靠近时，她贪婪地舔着嘴唇，
So what have we here?,瞧瞧，我们这儿来了什么？
Fresh playthings for the brood?,给这群崽子们的新玩具？
Come to taste the blade?,来尝尝刀子的滋味？
The Butcher has stolen the tablets from Oleg,屠夫从奥列格那里偷走了石板，
Oy!,喂！
Don’t you know who you’re talking to?,你不知道你在跟谁说话吗？
One of the flanking reavers spit in your direction,一个侧翼的劫掠者朝你的方向啐了一口，
This is Queen Kala herself and you’re about to have the honor of being gutted by her!,这位就是卡菈女王本人，你马上就有幸被她开膛破肚了！
The assembled reavers howl and jeer,聚集的劫掠者们嚎叫着，嘲弄着，
I'll be the one doing the gutting!,开膛破肚的人会是我！
Silence!,安静！
Kala yells in a voice that could cut glass,卡菈用足以划破玻璃的声音喊道，
The reavers scuttle fearfully into the shadows,劫掠者们惊恐地窜入阴影之中，
I am bored,我无聊了，
You will entertain me; One way or another,你得给我找点乐子；不管用什么方式，
Did one of my 'siblings' send you?,是我的哪个“兄弟姐妹”派你来的？
Siblings?,兄弟姐妹？
Did Oleg’s tablets command him to send you?,是奥列格的石板命令他派你来的？
Or was it the Butcher perhaps?,还是说，是屠夫？
So busy with the slaughter that he sends others to do his knife-work for him?,忙着屠杀，忙到派别人来替他动刀子？
I bring word from Oleg,我带来了奥列格的口信，
He reminds you that he holds the Whispering Tablets and that you owe him your allegiance,他提醒你，低语石板在他手里，你该向他效忠，
The woman flashes her disfigured teeth in a savage gesture,那女人露出畸形的牙齿，做出一个野蛮的表情，
Oleg is king of shit,奥列格是狗屎之王，
"The old man’s teeth have gone soft and if the Father’s eye is still on any of us, it’s not on Oleg any more",“那老家伙的牙口已经软了，如果【父亲】的目光还落在我们谁身上，那也绝不是奥列格了”，
That’s for sure,那是肯定的，
Kala picks her nails with a dagger for a moment,卡菈用匕首剔了剔指甲，过了一会儿，
But what do I care,但我管他呢，
Butcher will sort him out soon enough and then he’ll become Fathers favorite,屠夫很快就会收拾掉他，然后他就会成为【父亲】的宠儿，
The Butcher will kill Oleg?,屠夫会杀了奥列格？
She grins widely,她咧嘴大笑，
Oh there will be plenty of blood and guts,哦，会有大把的血和内脏，
Don’t you worry!,你不用担心！
But more than anything it’s those tablets Oleg has the Butcher wants,但屠夫最想要的，是奥列格手里的那些石板，
Them ‘Whispering Tablets’,那些‘低语石板’，
The Butcher knows the brethren will flock to him if he nabs them from Oleg,屠夫知道，只要他从奥列格那里抢到石板，弟兄们就会蜂拥到他身边，
And he’s plenty strong to take them but he’s afraid Father will get mad if he makes too much of a mess getting them,他足够强大，能抢到石板，但他怕弄得太血腥，【父亲】会发怒，
What are you saying?,你在说什么？
Father wants order in the flock and he wants the one with the tablet to enforce it,【父亲】希望羊群里有秩序，他希望持有石板的人来维持秩序，
"Thing is, Oleg is too weak",“问题是，奥列格太弱了”，
The only one strong enough to force us all in line is the Butcher but he don’t have the tablets!,唯一强大到能让我们所有人乖乖听话的是屠夫，但他没有石板！
See?,明白吗？
It’s the irony of the fates,这就是命运的讽刺，
If the tablets were to fall into Butcher’s hands however… the bloodshed would be magnificent,不过，要是石板落到屠夫手里……那流血场面可就壮观了，
Her eyes seem to glimmer for a moment,她的眼睛似乎闪烁了一下，
I think I'll just kill you!,我想我还是直接杀了你！
I'll be leaving then,那我这就走，
Kala erupts into cruel laughter,卡菈爆发出残忍的笑声，
Oh I'll join him and we’ll make a bloody mess of Oleg!,哦，我会加入他，我们会把奥列格弄得血肉模糊！
And when the Butcher feasts on the old fool’s liver he’ll be so certain he’s won Father’s favor that he might not even feel my blade between his ribs,等屠夫享用那老傻瓜的肝脏时，他会确信自己赢得了【父亲】的宠爱，甚至可能感觉不到我的刀插进他的肋骨间，
There will be only one of us left standing tonight!,今晚，我们中只会剩下一个人站着！
Kala and her brood of reavers stalk their way into the main plaza of the city where they are met by the Butcher and his lot,卡菈和她那群劫掠者潜行进入城市的主广场，在那里遇到了屠夫和他的人马，
You follow from a distance and see the two reavers exchange words,你远远跟着，看到两个劫掠者交谈了几句，
Then Kala slips into the mist and darkness and the Butcher forms his men up in a crude line,随后卡菈溜进迷雾与黑暗中，屠夫则把他的人排成一条粗糙的阵线，
"Soon, Oleg and his band approach from the east",“很快，奥列格和他的队伍从东边逼近”，
"Stalking cautiously into the plaza, towards the Butchers line, the two men exchange a few crude words before an arrow flies and carnage erupts",“他们小心翼翼地潜行进入广场，朝着屠夫的阵线走去，两人粗鲁地交谈了几句，随后一支箭飞来，屠杀爆发”，
"As the fiend tears his ‘brother’s’ heart from his chest, he howls in triumph",“当那恶魔从他‘兄弟’的胸膛里扯出心脏时，他胜利地嚎叫起来”，
"Then from out of the shadows, Kala and her brood fall upon the remainder of Olegs men from the rear",“接着，卡菈和她那群人从阴影中冲出，从后方袭击奥列格剩余的人马”，
The slaughter is complete and total and not a soul from Oleg’s band is left standing,屠杀彻底而完全，奥列格的队伍中无一人幸存，
"As the screams die down and all the savagery is sated, the ground is slick with blood and gore",“当惨叫声平息，所有的暴行得到满足，地面被血和内脏浸得滑腻”，
"Kala stalks the battlefield like a savage animal, making short work of the wounded while the Butcher stands panting in the center of the plaza",“卡菈像一头野蛮的动物在战场上踱步，迅速解决掉伤者，而屠夫则站在广场中央喘着粗气”，
"In the darkness their eyes fix upon you, burning like white hot coals",“黑暗中，他们的眼睛盯着你，像烧得白热的煤块”，
Kala raises her bloody sword towards you and lets out an inhuman scream,卡菈举起她血淋淋的剑指向你，发出一声非人的尖叫，
It seems they have one more sacrifice yet to make!,看来他们还有一个祭品要献上！
"Butcher’s too strong for either of us to slay on our own, but if I join Oleg",“屠夫太强了，我们谁也无法单独杀死他，但如果我加入奥列格”，
A smirk spreads across her face,她脸上露出得意的笑容，
Together we’ll lay that pile of fat low and then I’ll deal with Oleg myself!,我们一起把那堆肥肉放倒，然后我再亲自对付奥列格！
"Father will finally see that, all along, it was little Kala who was deserving of his love!",“【父亲】最终会明白，一直以来，值得他爱的是小卡菈！”
Kala lets out a terrible war-cry and her brood joins her with weapons raised,卡菈发出一声可怕的战吼，她那群人举起武器响应，
Kala and her band of reavers stalk their way into the main plaza of the city where they are met by Oleg and his lot,卡菈和她那帮劫掠者潜行进入城市的主广场，在那里遇到了奥列格和他的人马，
Then Kala slips into the mist and darkness and the Oleg forms his men up in a crude line,随后卡菈溜进迷雾与黑暗中，奥列格则把他的人排成一条粗糙的阵线，
"Before long, the Butcher and his band approach from the west",“不久，屠夫和他的队伍从西边逼近”，
He gives a mighty bellow as he spots Oleg and charges head-long into the fray with his men at his heels,他一看到奥列格就发出震天的吼叫，带着手下径直冲入战团，
"Then from out of the shadows, Kala and her brood fall upon the Butcher’s lot",“接着，卡菈和她那群人从阴影中冲出，扑向屠夫的人马”，
"With the reflexes of a serpent, Kala lunges at the Butcher and plunges her blade into his fat neck",“卡菈以蛇一般的反应扑向屠夫，将刀刺入他肥胖的脖子”，
"A killing blow for sure, but Kala’s eyes widen in terror as, instead of toppling over, the Butcher grabs her by the knife-arm",“这无疑是致命一击，但卡菈惊恐地瞪大了眼睛，因为屠夫非但没有倒下，反而抓住了她持刀的手臂”，
She desperately tries to pry her arm loose but to no avail!,她拼命想挣脱手臂，却无济于事！
"Blood sprays from the Butcher’s mouth as he strains from the effort and with a wet, sickening snap, Kala’s arm is torn from her body",“屠夫用力时，鲜血从他口中喷出，随着一声湿漉漉、令人作呕的撕裂声，卡菈的手臂被从她身体上扯了下来”，
They both collapse - dead,两人都倒下了——死了，
Suddenly all is quiet,突然，一切都安静了，
You’ve defeated the three Reaver chieftains,你击败了三位劫掠者首领，
Now Father awaits,现在，【父亲】在等着，
You?!,你？！
Out with it!,快说！
Her eyes narrow,她眯起眼睛，
Yes!,没错！
I sense it!,我感觉到了！
There is blood in the water and soon there will be blood in the streets!,水里有了血腥味，很快街头也会血流成河！
Finally we will be done with this petty bickering and Father will let us join him in the keep!,我们终于可以结束这无聊的争吵，【父亲】会让我们进入要塞与他团聚！
The Butcher wants you to join him in stamping out Oleg,屠夫想让你加入他，一起消灭奥列格，
Oleg asks you to join him against the Butcher!,奥列格请你加入他对抗屠夫！
My patience is running low,我的耐心快耗尽了，
I just wanted to ask some questions,我只是想问几个问题，
"Hmm, I see",“嗯，我明白了”，
And when the Butcher feast’s on the old fool’s liver he’ll be so certain he’s won Father’s favor that he might not even feel my blade between his ribs,等屠夫享用那老傻瓜的肝脏时，他会确信自己赢得了【父亲】的宠爱，甚至可能感觉不到我的刀插进他的肋骨间，
"Blood sprays from the Butcher’s mouth as the strains from the effort and with a wet, sickening snap, Kala’s arm is torn from her body",“屠夫用力时，鲜血从他口中喷出，随着一声湿漉漉、令人作呕的撕裂声，卡菈的手臂被从她身体上扯了下来”，
#HorrynReaverChief3,#HorrynReaverChief3
I’ll drink your marrow and tear your flesh!!!,我要喝你的骨髓，撕碎你的血肉！！！
Give them to me!,把它们给我！
His meaty hands tremble with excitement as he greedily takes the tablets from you,他贪婪地从你手中接过石板，肥厚的手因兴奋而颤抖。
"Mesmerized, he traces the grotesque carvings with fat, blood-smeared fingers",“他着迷地用沾满血迹的粗胖手指描摹着那些怪诞的雕刻。”
I hear you!,我听见你了！
Your will shall be done!,你的意志必将实现！
"The assembled reavers gather around and begin a low, droning chant",“聚集的劫掠者们围拢过来，开始低声吟唱起单调的圣歌。”
He looks up at you with black eyes,他用黑色的眼睛抬头看着你。
My ascent to Father’s side begins!,我升往【父亲】身边之路开始了！
Soon I’ll join him in the keep,很快我就要在要塞中与他团聚。
All that is left is the sacrifice of the firstborn,剩下的就是献祭长子了。
Go to Kala!,去找卡菈！
Tell her she will be at my side and together we’ll make an offering of Oleg and his pathetic little band!,告诉她，她将站在我身边，我们一起把奥列格和他那可怜的小团伙献祭！
Tell her this is a knife night!,告诉她，这是个刀锋之夜！
A red night!,一个血红之夜！
Now go!,现在就去！
We must make ready!,我们必须做好准备！
"A beast of a man, bald and covered in crude sailor’s tattoos stands wide legged on the stairs of the desecrated temple",“一个野兽般的男人，秃头，身上布满粗犷的水手纹身，双腿叉开站在被亵渎的神殿台阶上。”
You come to the Butcher willingly?,你自愿来找屠夫？
Like some lamb crawling into the mouth of a wolf?,就像羔羊爬进狼口？
Perhaps there is something about you?,或许你有些特别之处？
Tell me,告诉我
Why are you here?,你为什么来这里？
Oleg sent me to remind you that as long as he holds the Whispering Tablets you owe him allegiance,奥列格派我来提醒你，只要他持有低语石板，你就得效忠于他。
I am the butcher of the weak,我是弱者的屠夫。
It has fallen to me to cull those that are too feeble to join Father in the keep,剔除那些太过软弱、无法在要塞中追随【父亲】的人，这任务落到了我头上。
With cleaver and fire I do his bidding like an obedient son,我用屠刀和火焰执行他的命令，如同一个顺从的儿子。
Or dog,或者说，一条狗。
But he’ll call upon me soon enough and I’ll be at his side doing the holy work inside the keep!,但他很快就会召唤我，我将站在他身边，在要塞内执行神圣的使命！
The Butcher’s eyes flicker to the tall walls of the keep to the south,屠夫的目光瞟向南边要塞的高墙。
I just have to bring my upstart siblings in line first,我只需先让我那些狂妄自大的兄弟姐妹们乖乖听话。
Father hates bickering,【父亲】讨厌争吵。
How do you intend to do that?,你打算怎么做？
Kala and Oleg,卡菈和奥列格。
He spits in disgust,他厌恶地啐了一口。
Kala is fierce,卡菈很凶猛。
Caught many of the weak and gave me the ones Father could not use,她抓了许多弱者，把【父亲】用不上的那些交给了我。
I’ll not soon forget that,我不会很快忘记这点。
Her sin now is idleness,她现在的罪过是懒散。
She and her brood sit there in their rat hole on the docks bored and stewing,她和她的那群人坐在码头那个老鼠洞里，百无聊赖，满腹怨气。
I’ll deal with her in time,我迟早会收拾她。
Oleg is first,奥列格是第一个。
What of him?,他怎么了？
He’s the oldest of us - and the weakest,他是我们中最年长的——也是最弱的。
However he was also the one to drag the Whispering Tablets from the seas,然而，也是他从海里捞出了低语石板。
Came up in his nets when he was fishing and he was the first to hear the word from the Deep,他打渔时石板随渔网浮出水面，他是第一个听到深渊之语的人。
He may have had his role to play but it’s over for him now,他或许曾有自己的角色要扮演，但现在对他来说已经结束了。
It’s time the tablets came to their rightful owner,是时候让石板归于它们真正的主人了。
It’s time they came to me,是时候它们归我了。
And all the rest of the brethren will flock to me and Father will see I’m the one deserving of his love,所有其他弟兄都会聚集到我身边，【父亲】会看到我才是配得上他宠爱的人。
Not that gray fool!,而不是那个白发蠢货！
The Butcher’s eyes narrow predatorily,屠夫的眼睛掠食般地眯了起来。
What are you thinking?,你在想什么？
The man’s laughter booms throughout the plaza,那人的笑声在广场上回荡。
Is that what he said?,他是这么说的？
That decrepit old fool is owed nothing except my axe through his head,那个老朽的蠢货什么都不配得到，只配我斧头劈进他的脑袋。
Father favors me and me alone and that piss-stinking old man shall be my offering to him,【父亲】只宠爱我一人，那个尿骚味的老家伙将成为我献给他的祭品。
But I’ll give him this,但我会给他这个。
The Whispering Tablets do indeed hold the word from the Deep,低语石板确实承载着深渊之语。
The brethren will flock to whomever possesses them,弟兄们会聚集到任何持有它们的人身边。
And Father’s favor will follow,而【父亲】的宠爱也会随之而来。
You may have a role to play in this yet,你或许还能在这件事中扮演角色。
I see it in your face - around your eyes,我从你脸上看出来了——在你眼睛周围。
Seek out the Whispering Tablets,找到低语石板。
Oleg hoards them well but I know where,奥列格把它们藏得很好，但我知道在哪。
There are tunnels under his lodge,他的住处下面有地道。
Deep tunnels,很深的地道。
A canny cutter like you would do well in looking for the hidden entrance,像你这样机灵的割喉者，寻找隐藏入口应该很在行。
That is if you don’t mind wading through more shit,前提是你不介意再蹚过更多污秽。
Could you be more clear?,你能说得更清楚些吗？
I already have the tablets!,我已经拿到石板了！
I've had enough of you madmen!,我受够你们这些疯子了！
You’ll find a way,你会找到办法的。
I smell it on you,我从你身上闻到了。
Go now!,现在就去！
Find the tablets and bring them to me - Quick and quiet,找到石板，带给我——要快，要安静。
There will be plenty bloodshed but I will be the one spilling the blood once the tablets are safe in my hands,会有很多流血，但一旦石板安全落入我手，流血的人将是我。
"Now, begone!",“现在，滚吧！”
Have you talked to Kala?!,你和卡菈谈过了吗？！
You must go to her!!,你必须去找她！！
Talk!,说话！
I have the tablets!,我有石板！
#HorrynReaverChief3,#HorrynReaverChief3
"Mesmerized, he traces the grotesque carvings with fat, blood smeared fingers",“他着迷地用沾满血迹的粗胖手指描摹着那些怪诞的雕刻。”
WHat now?,现在怎么办？
#HorrynSewerJack,#霍林下水道清理工
My badge indeed!,我的徽章，没错！
The sewerjack grabs the badge and tries to wipe some of the grime off of it,下水道清理工抓起徽章，试图擦掉上面的一些污垢。
For a moment there I thought I was in real trouble,有那么一瞬间，我以为我真的遇到麻烦了。
Don’t you come closer now!,现在别靠近我！
The man cautioned as he brandished a mace,男人挥舞着钉头锤警告道。
He’s covered with grime from top to toe and looks oddly at home in the muck and filth of the sewers,他从头到脚沾满污垢，在污水和污秽的下水道里看起来出奇地自在。
The odd man squints as he raises his lantern to get a better look at you,这个古怪的男人眯起眼睛，举起提灯想更清楚地看看你。
Though you’re certainly not one of those mad-men!,不过你肯定不是那些疯子中的一员！
Begging your pardon my lord but one can’t be careful enough these days,请原谅，大人，但如今再怎么小心也不为过。
Begging your pardon my lady but one can’t be careful enough these days,请原谅，女士，但如今再怎么小心也不为过。
I'm glad you can tell the difference,我很高兴你能看出区别。
Spend too much time down here and your mind begins playing tricks on you,在这里待太久，你的脑子就会开始跟你开玩笑。
Such is the life of a sewerjack I suppose,我想，这就是下水道清理工的生活吧。
Not that I’m much of one; having lost my badge of office and all!,不过我也不算什么正经的清理工；毕竟我把职务徽章都丢了！
Badge of office?,职务徽章？
Do you mean this?,你是指这个吗？
Offer badge,出示徽章
A brass badge that us sewerjack wear,我们下水道清理工佩戴的黄铜徽章。
Tis’ a badge of our authority you know!,这可是我们权威的象征，你知道！
The man puffs out his chest in the slightest,男人微微挺起胸膛。
"But as I said, mine’s lost",“但我说了，我的丢了。”
Must have dropped it when I scuffled with that pack of vermin near those side tunnels to the east of here,一定是我在东边那些侧隧道附近和那群虫群搏斗时掉的。
The man half-turns and shows you a large bloody gash torn across his back,男人半转过身，让你看他背上一条血淋淋的大口子。
I think I've already found it!,我想我已经找到了！
I'll keep an eye out,我会留意的。
But do you mind answering some questions first?,但你介意先回答几个问题吗？
These here sewers are a bit of a maze until you get to know them,这些下水道有点像迷宫，直到你熟悉它们。
"But for the most part, as long you stay away from the beasties and muck, you can’t really get too lost",“但大体上，只要你远离那些野兽和污物，就不会真的迷路。”
All tunnels loop back to the central cisterns one way of another,所有隧道最终都会以某种方式绕回中央蓄水池。
"And if you’re real clever-like, you can use the tunnels to get almost anywhere in the city",“如果你足够聪明，就可以利用这些隧道到达城里的几乎任何地方。”
There are three outlets that empty into the harbor,有三个出口通向港口。
The westernmost of them has planks that allow you to sneak out onto the docks,最西边的那个铺有木板，可以让你偷偷溜到码头上。
"And if you need to get to the area by the temple, now that it’s blocked off and all, there is a side tunnel in the western part of the sewers that leads into a cellar near the temple",“如果你需要去神殿附近，现在那里被封锁了，下水道西边有一条侧隧道通往神殿附近的一个地窖。”
"Finally, in the south-eastern tunnels, you might come across a staircase leading down into the Underhalls",“最后，在东南边的隧道里，你可能会遇到一段通往地下大厅的楼梯。”
All kinds of queer folk can be found there,那里能找到各种古怪的人。
Thieves and cutthroats and the like,小偷、杀手之类的。
"They¨'re not Reavers though, mind you",“不过，他们可不是劫掠者，记住。”
I hear they even have some kind of market down there where all kinds of wares can be had,我听说他们那里甚至有个集市，能买到各种货物。
But I’d give them a wide berth if I were you,但我是你的话，就会离他们远远的。
Best not take any chances,最好别冒险。
Ask away!,尽管问吧！
What's a 'sewerjack' exactly?,“下水道清理工”到底是什么？
What's the layout of this place?,这个地方的布局是怎样的？
Any Reavers down here?,这里有劫掠者吗？
I have to get going,我得走了。
They do come down here from time to time!,他们确实时不时会下来！
It seems they’ve barricaded the city above off into sections and it seems using the sewers might be the easiest way to move between areas,看来他们把上面的城市封锁成了几个区域，而利用下水道可能是区域间移动最便捷的方式。
A small group of them came through here a few days ago,几天前，他们一小队人经过这里。
I shadowed them for a bit but then they rounded a corner and before I could catch up to them they were gone,我跟踪了他们一会儿，但他们拐过一个弯，我还没来得及跟上，他们就消失了。
Just like that,就那么消失了。
"For the life of me, I don’t understand where they could’ve gone",“我死活想不明白他们能去哪儿。”
"I lost their trail north east of here, in the bend where the fungus-patches grow",“我在东北边那个长着菌丛的弯道附近跟丢了他们。”
You’re back!,你回来了！
Good to see you’ve kept your wits about you down here!,很高兴看到你在这里还保持着清醒！
I need to ask you some questions!,我需要问你几个问题！
I found your badge,我找到了你的徽章。
"Now listen, I don’t have anything of value on me except what’s in my noggin",“听着，我身上除了脑子里的东西，没什么值钱的。”
"Noone knows these sewers better than me, see, and the least I can do for you is give you this",“没人比我更了解这些下水道，你看，我至少能为你做的就是给你这个。”
"He pulls out a piece of paper, scribbles some notes on it and hands it to you",“他掏出一张纸，在上面草草画了些标记，然后递给你。”
It appears to be a map of the sewers,看起来是一张下水道地图。
This should make it easier for you to find your way around here,这应该能让你更容易在这里找到路。
I have some questions now,我现在有几个问题。
They pay us to keep the sewers free of vermin,他们付钱让我们清理下水道里的虫群。
Human and otherwise!,人类和其他害虫！
The man chuckles,男人轻笑起来。
Used to be it was fine work if you could stand the smell!,以前，只要能忍受臭味，这可是份好差事！
But not lately,但最近不行了。
Sewers been overrun with beasties!,下水道被野兽泛滥了！
"Overgrown, cruel, dangerous… monsters!",“巨大、残忍、危险的……怪物！”
I slew a leech the size of my leg the other day and a pack of rats nearly ended me just hours ago,前几天我杀了一条跟我腿一样粗的水蛭，几小时前一群老鼠差点要了我的命。
What's causing it?,是什么原因造成的？
Causing it?,原因？
the man says dreamily as if he’d never stopped to consider it before,男人恍惚地说，仿佛他以前从未停下来想过这个问题。
Sometimes… sometimes I wonder if… if it’s not been like this all along?,有时候……有时候我在想，是不是……是不是一直就是这样？
"I mean, it hasn’t",“我的意思是，并不是。”
As I said: the darkness plays tricks on you down here,我说了：黑暗会在这里跟你开玩笑。
Why are you still down here?,你为什么还待在这里？
The man seems to collect his thoughts again,男人似乎重新整理了一下思绪。
"I know these tunnels like the back of my hand and with the carnage going on above, this place is as safe as any I reckon",“我对这些隧道了如指掌，而且上面正在大屠杀，我觉得这里跟任何地方一样安全。”
Those Reavers are dangerous people and I’d rather take my chances down here for now,那些劫掠者很危险，我宁愿暂时在这里碰碰运气。
Begging your pardon my Lord but one can’t be careful enough these days,请原谅，大人，但如今再怎么小心也不为过。
Begging your pardon my Lady but one can’t be careful enough these days,请原谅，女士，但如今再怎么小心也不为过。
#HorrynSewersEntrance,#霍林下水道入口
You peer into the dark depths below,你凝视着下方黑暗的深渊。
The stench of raw sewage assaults your olfactory organs with such force that you struggle to keep your last meal down,未经处理的污水的恶臭猛烈冲击着你的嗅觉器官，让你拼命忍住才没把上一顿饭吐出来。
Kat looks up at you pale-faced,卡蒂脸色苍白地抬头看着你。
You can’t be seriou…“ Before she manages to finish the sentence she whirls around and vomits,“你不是认真的吧……”她话还没说完，就猛地转过身呕吐起来。
Rolands laughter booms,罗兰的笑声轰然响起。
What's wrong girl?,“怎么了，姑娘？”
Lost your appetite for adventure?,“对冒险失去胃口了？”
You clamber down the grimy ladder and emerge into a series of vaulted tunnels,你爬下满是污垢的梯子，进入一系列拱形隧道。
A thick bubbling greenish-brown stew lazily floats by you,一股冒着泡的浓稠绿褐色污物懒洋洋地从你身边漂过。
A river of filth expertly channeled away by the city-spanning sewer-system,一条由遍布全城的下水道系统巧妙引流的污秽之河。
I wonder if the craftsmen of today still possess the knowledge to build tunnels such as these?,“不知道如今的工匠是否还拥有建造这种隧道的知识？”
Iben muses,伊本沉思道。
The Gallian Empire has become an empire of caretakers,伽里安帝国已经变成了一个看守者的帝国。
A ‘custodial empire’ who no longer builds,一个不再建设的“保管帝国”。
Only frantically tries to fight off that great conqueror ‘decay’,只是疯狂地试图抵御那位伟大的征服者——“衰败”。
No?,不是吗？
You doubt the builders and craftsmen of today are even capable of such feats of engineering anymore,你怀疑如今的建造者和工匠是否还有能力完成这样的工程壮举。
Continue on your way,继续前进。
#HorrynSewersMap,霍林下水道地图
Sewer Map,下水道地图
The hand-drawn map has the following legend on the back,手绘地图背面有如下图例
Were we met. 2 - Something strange is going on near the fongos. 3 - Tunnels to underhalls,我们相遇之处。2 - 方戈斯附近正发生怪事。3 - 通往地下大厅的隧道
Watch out for thives. 4 - Outlet to harbor. 5 - Leds to cellar near tempel,小心盗贼。4 - 通往港口的出口。5 - 通往神殿附近的地窖
X - Ladder to surfes,X - 通往地面的梯子
#HorrynSmugglerAlchemistScene,#HorrynSmugglerAlchemistScene
"A tall, hook-nosed man with eyes like glowing coals and a thick mane of shaggy, black hair is intently staring at a snake wrapped around his forearm as he slowly lowers a small mouse towards its gaping maw",一个高个子、鹰钩鼻的男人，眼睛像燃烧的煤块，浓密的黑色乱发像鬃毛一样，正专注地盯着缠在他前臂上的一条蛇，同时慢慢地将一只小老鼠放向它张开的嘴
Ahem,嗯哼，
The man gives a start and both he and the snake hisses annoyed at you,男人吓了一跳，他和蛇都恼怒地对你发出嘶嘶声
Insolent!,无礼！
Can’t you see I’m busy?!,你没看见我正忙着吗？！
"As he talks, he palms the mouse and in a feat of prestidigitation, it seems to disappear",他一边说话，一边用手掌藏起老鼠，仿佛变戏法一样，老鼠似乎消失了
The snake tastes the air greedily and slithers into the sleeve of his robe and up his arm,蛇贪婪地品尝着空气，蜿蜒钻进他长袍的袖子里，沿着手臂向上爬
I just came to trade,我只是来做交易的
Not until you finish your task,等你完成任务再说
Now be off and do not return until you have a bag of disgusting fungi for me!,现在走吧，除非你给我带来一袋恶心的菌类，否则别回来！
Not so quickly,别这么快
The man’s eyes narrow as a menacing smile creeps across his pale face,男人眯起眼睛，苍白的脸上浮现出一丝威胁的微笑
"Seeing as you are new here, your value is slightly above nil",鉴于你是新来的，你的价值略高于零
I’ll say this much,我就说这么多
If you wish to peruse my wares you must first perform the smallest of tasks for me,如果你想浏览我的货物，你必须先为我完成一件最小的任务
I require a rare and highly toxic alchemical ingredient that grows in these underhalls,我需要一种生长在这些地下大厅里的稀有且剧毒的炼金材料
The caps from the ‘Calivexis’ fungus - Commonly known as ‘vomit cups’,来自“卡利维克斯”菌的菌盖——俗称“呕吐杯”
"Beyond being a prized ingredient for poison-makers, it also stinks like nothing you’ve ever encountered",除了是制毒师珍视的材料外，它的臭味也是你从未遇到过的
That sounds unpleasant,听起来很不愉快
Oh it is indeed!,哦，确实如此！
That is part of the reason I’m asking you to do it!,这就是我让你去做的部分原因！
The other reason is they’ve become more difficult to harvest,另一个原因是它们变得更难采集了
"You see, they grow in caves right outside these very halls",你看，它们就生长在这些大厅外面的洞穴里
That’s indeed why I have momentarily taken up residence here,这确实是我暂时住在这里的原因
But,但是
But the caves connect to domains lorded over by one of these ‘Reaver’ chieftains,但是这些洞穴连接着由这些“劫掠者”首领之一统治的区域
That Oleg fellow,那个叫奥列格的家伙
"To keep things civil, the Queen has sealed off the cave and forbidden anyone to enter it",为了维持秩序，女王封锁了洞穴，禁止任何人进入
She would be most irate if I were to disobey her,如果我违抗她，她会非常愤怒
You however are free to feign the fool’s innocence,然而，你可以假装是无辜的傻瓜
How do I get to these caves?,我怎么去这些洞穴？
The entrance to the caves is a barred gate at the end of a long hall of columns,洞穴的入口是一扇栅栏门，在一条长长的柱廊尽头
It lies just west of the Queen’s court,它就在女王宫廷的西边
There is a sentry patrolling the area and you’ll do well to avoid him,那里有一个哨兵在巡逻，你最好避开他
"Once you pass the gate and enter the cave, you’ll find a flooded chamber with exits leading left and right",一旦你通过大门进入洞穴，你会发现一个被水淹没的房间，左右两边都有出口
Take the left one!,走左边那个！
The right one leads to Olegs domain and I dare say it’s best avoided,右边那个通向奥列格的领地，我敢说最好避开
I'll see what I can do,我看看我能做些什么
Run along now!,快去吧！
I require a small bag of them,我需要一小袋
"Indeed, if you are fast and discreet, I’ll even throw in a small bag of gold",确实，如果你动作快且谨慎，我甚至会额外给你一小袋金币
Off you go now!,你现在就出发吧！
Marvelous!,太棒了！
You’ve proven most useful,你证明了自己非常有用
Esteban gingerly places the fungi in an airtight jar and throws you a small purse of gold,埃斯特班小心翼翼地把菌类放进一个密封罐里，然后扔给你一小袋金币
And remember,记住
Not a word to the queen of rodents about our little agreement,关于我们的小协议，对那个啮齿类女王一个字也别提
The snake hisses at you,蛇对你发出嘶嘶声
I wish to see your wares now,我现在想看看你的货物
I'll be on my way then,那我走了
The man is apprehensively poking a pile of papers with a stick,男人正用一根棍子不安地戳着一堆纸
Where’d that little bastard go?,那个小混蛋跑哪儿去了？
Let me see your wares!,让我看看你的货物！
I have your vomit cups!,我带来了你的呕吐杯！
I have only the finest wares,我只有最好的货物
#HorrynSmugglerArmandScene,#霍林走私者阿曼德场景
The fuck do you want?,你他妈想干嘛？
Armand’s eyes narrow threateningly as you approach,当你靠近时，阿曼德威胁地眯起眼睛，
What's the fastest way out of the rat maze?,怎么最快走出这老鼠迷宫？
Afraid of the dark are you?,怕黑是吗？
Don’t like the rats nipping at your heels?,不喜欢老鼠咬你的脚后跟？
Well I suggest you get the fuck back to whereever you came from,那我建议你他妈滚回你来的地方，
"Go north, east, north, east and then north again","""往北，东，北，东，然后再往北"""
And don’t come back!,别再回来了！
#HorrynSmugglerArtPeddlerScene,#霍林走私者古董商人场景
"Ah, surprised to find a man of such taste in a place like this, are you?",啊，在这种地方遇到如此有品味的人，很惊讶吧？
He chuckles sadly,他悲伤地轻笑一声
I once sold my wares in the Silver Halls of Vauul,我曾经在瓦乌尔银厅区出售我的货物
Only the very richest would even be allowed across the threshold of my establishment,只有最富有的人才能跨过我店铺的门槛
"Alas, for some reason I cannot fathom, the Empire took a dislike to the way I conducted my business, and I had to find a more…discreet location",唉，出于某种我无法理解的原因，帝国对我做生意的方式产生了反感，我不得不找一个更……隐蔽的地方
The man clears his throat nervously,男人紧张地清了清嗓子
"Put simply, the Underhalls are the perfect venue for a man of my caliber to blossom without the prying eyes of tax-collectors and Inquisitors",简单来说，地下大厅是像我这样有才干的人大展身手的最佳场所，没有税吏和审判官的窥探
"The scenery isn’t exactly ideal, but I am resigned to suffer in silence!",这里的景色并不理想，但我已决心默默忍受！
Mind if I ask some more questions?,介意我再问几个问题吗？
You come across a conspicuously well-dressed man selling what appear to be an odd assortment of precious items and pieces of art,你遇到一个衣着显眼考究的男人，他正在出售一些看起来稀奇古怪的珍贵物品和艺术品
He looks remarkably out of place amongst the shadows of the Underhalls,在地下大厅的阴影中，他显得格外格格不入
Hail and well met!,幸会，幸会！
"He proclaims, tipping his hat at you",他宣称道，向你抬了抬帽子
Tis plain to me that you are people with a keen understanding of the finer things!,我一眼就看出，你们是对高雅事物有着敏锐理解的人！
What say you to peruse some of the finest art in all-the Empire?,来看看全帝国最精美的艺术品如何？
"Even the most superficial of examinations reveals that most of these “art pieces” are barely competent knock-offs and forgeries, a fact that the art dealer seems utterly unashamed by",即使是最粗略的检查也能发现，这些“艺术品”大多是勉强合格的仿制品和赝品，而这位古董商人对此似乎毫不羞愧
His place here makes a lot more sense now,他现在待在这里就合理多了
I might have some questions for you!,我可能有些问题要问你！
The dealer tips his hat once more,商人再次抬了抬帽子
I would be most delighted to assist!,我很乐意效劳！
What would you like to know?,你想知道什么？
Let me see if I have any artifacts for you,让我看看有没有什么古物给你
I wish to see your wares!,我想看看你的货物！
What do you do here beyond selling fake art?,除了卖假艺术品，你在这里还做什么？
If it isn’t my favorite soon-to-be customers!,这不是我最喜欢的准顾客们嘛！
How may I assist you?,我能帮你什么？
Let's talk a bit,我们聊聊吧
An athame,一把仪式匕首
The man whispers as he carefully strokes the blade,男人一边低语，一边小心地抚摸着刀刃
We can only begin to imagine the acts that have been performed with this blade!,我们只能想象这把刀刃曾经历过怎样的仪式！
How does 1200 sound?,1200金币怎么样？
Deal!,成交！
No thanks,不了，谢谢
Suit yourself,随你便
Do you have anything else?,你还有别的东西吗？
I have this!,我有这个！
Show the Nautical Guild Seal,展示航海公会印章
How about this?,这个怎么样？
Show the idol from the Santa Fury treasure,展示圣怒号宝藏中的神像
Look at this!,看看这个！
Show the black dagger from under the lighthouse,展示灯塔下方的黑色匕首
Not for now,暂时不了
Let's talk a bit instead,我们还是聊聊吧
Could these be worth something?,这些东西可能值点钱吗？
Show the Reaver Tablets,展示劫掠者石板
I’d be more than happy to see any curios you might be carrying!,我非常乐意看看你们可能携带的任何奇物！
The merchant rubs his hands together,商人搓着双手
Extraordinary!,非凡！
The man’s eyes seem to glitter with an unnatural sheen for a moment,男人的眼睛一瞬间闪烁着不自然的光芒
Now this is the type of item I came here to find,这才是我来这里寻找的那种物品
It’s… uncanny,这……太诡异了
He turns it slowly over in his hands,他把它在手中慢慢翻转
I must have it! 1500 gold!,我必须得到它！1500金币！
"Ahh, I know this!",啊，我知道这个！
The man eagerly examines the seal,男人急切地检查着印章
This is a Captain’s seal from the Nautical Guild,这是航海行会的船长印章
"They are quite protective of these, you know",你知道，他们对此非常保护
I’ll give you 1000 gold for it!,我出1000金币买下它！
The man traces the intricate carvings with his fingertips,男人用指尖描摹着复杂的雕刻
"This is ancient, you know",你知道，这是古老的
Carved in a time before,雕刻于远古时代
"No, it’s best not to think of such things",不，最好别去想这些事
What I can tell you is that there are certain collectors who would pay a great deal for these!,我能告诉你的是，有些收藏家愿意为这些出大价钱！
How does 1000 gold sound?,1000金币听起来如何？
You have a gut feeling these might still prove useful!,你有一种直觉，这些东西可能还有用！
The dealer lets out a dramatic sigh,商人夸张地叹了口气
"Alas, some of my wares may be of…questionable origin…but make no mistake, I am no con-artist!",唉，我的一些货物可能来源……可疑……但别误会，我可不是骗子！
I am simply a man with a passion for strange and unusual objects!,我只是一个对奇异物品充满热情的人！
And the Outer Isles just so happens to be rife with them!,而外岛恰好盛产这些东西！
"Explorers find them, sell them on to me, and I make sure they reach buyers on the mainland for a… fair price",探险家们找到它们，卖给我，我再确保它们以……公道的价格送到大陆买家手中
Is that legal?,这合法吗？
Let me see if I have anything,让我看看我有什么
Not exactly,不完全是
"But it pays well and keeps my customers happy, so if you find any strange items on your travels, be sure to bring them to me!",但报酬丰厚，还能让我的顾客满意，所以如果你们在旅途中发现任何奇怪的物品，一定要带给我！
He looks around conspiratorially,他鬼鬼祟祟地环顾四周
"Discreetly, of course",当然，要谨慎行事
#HorrynSmugglerBlacksmithScene,#HorrynSmugglerBlacksmithScene
"Eh, when yer mother squeezes you out in the shit and mud of the back-streets of Adler’s and leaves ya fer dead, yer fucked for choices ...I was lucky enough ta be taken in by the Queen herself",呃，当你老娘在鹰盔堡后巷的屎尿烂泥里把你生下来，然后丢下你等死的时候，你他妈根本没得选……我算是走运，被女王本人收留了
Saw something in me did she,她在我身上看到了什么，确实
Probably wouldn’t be standin’ ere if not for ‘er!,要不是她，我大概不会站在这儿！
His gaze goes distant in the way that teen boys sometime do,他的目光变得遥远，就像十几岁的男孩有时会的那样
You were saying?,你刚才说什么来着？
"Anyway, seens as I am ‘ere an all, if ya happen across any weapons ya ain’t partial to on your travels, make sure to drop by, eh?",总之，既然我都在这儿了，要是你在旅途中碰到什么不喜欢的武器，记得过来找我，嗯？
I’m sure to have sumthin’ more your style,我肯定有更合你口味的东西
You stop before a slightly disheveled young man selling a variety of weapons and armor in a dimly lit corner of the hall,你在一处昏暗的大厅角落里停下，面前是一个略显邋遢的年轻人，正在售卖各种武器和护甲
"‘Ello there, free-sword!",哟，自由佣兵！
He flashes you a wasteland of spice-stained teeth in what passes for a smile,他向你咧嘴一笑，露出一口被香料染得斑驳的烂牙，权当是微笑
Fancy takin’ a look at some of ma wares?,想看看我的货物吗？
"Come back any time, free-sword!",随时再来，自由佣兵！
"An remember, there ain’t no better way of getting respect than what cold steel buys ya!",记住，要想赢得尊重，没什么比冷钢买来的更管用！
I'd like to ask some questions,我想问些问题
"What can I do for ya, free-sword?",能为你做什么，自由佣兵？
"Welcome back, Free-sword!",欢迎回来，自由佣兵！
Need something to stick someone with?,需要什么东西捅人吗？
#HorrynSmugglerFoodScene,#霍林走私者食物场景
She offers you another kind smile,她又对你露出了一个友善的微笑
You may ask whatever you wish!,你想问什么都可以！
Is this really safe to eat?,这真的能吃吗？
Show me your wares!,让我看看你的货物！
Of course it is!,当然能吃！
she replies hastily as you stare at the food with no small amount of dubiousness,她急忙回答，而你则满腹狐疑地盯着食物
"Everythin’ you see here is the finest, almost-fresh grub the Empire has to offer!",“你在这儿看到的所有东西，都是帝国能提供的最好的、几乎新鲜的吃食！”
Almost-fresh?,几乎新鲜？
She shifts uncomfortably,她不自在地挪了挪身子
"Well, no ones ever lived to complain, if that’s what yer worried about!",“嗯，从来没人活下来抱怨过，如果你担心的是这个的话！”
The scent of foreign spices and not-quite-familiar meats assaults your senses as you approach what appears to be a food stall,当你走近一个看似食物摊位的地方时，异国香料和不太熟悉的肉味冲击着你的感官
"Your interest is noted by a red-faced woman who welcomes you with a wide, genuine smile",“一位红脸女人注意到了你的兴趣，她带着灿烂真诚的笑容欢迎你”
"Fine day for some grub, wouldn’t you say?",“吃点儿东西的好日子，你说呢？”
"she grins, gesturing to the array of ‘mysterious’ meats on display",“她咧嘴笑着，指了指展示的一排‘神秘’肉类”
"I’ve got somethin’ for everyone, from the delectable richness of city-pork to the more comforting subtlety of the finest roof-chicken!",“我这儿有适合每个人的东西，从美味的城市猪肉到更令人舒心的最上等屋顶鸡肉！”
And people actually eat this?,人们真的吃这个？
Like ravenous rats!,像饿极了的老鼠一样！
"Trick is, if you season it just right, it all tastes like chicken anyways",“诀窍是，只要你调味得当，它们吃起来都像鸡肉”
So they keep filling my purse and I keep filling their bellies,所以他们不断填满我的钱袋，而我不断填饱他们的肚子
"Hmm, if you say so",“嗯，既然你这么说”
Welcome back!,欢迎回来！
Need somethin’ to fill yer belly for the road ahead?,需要点儿东西填饱肚子好上路吗？
#HorrynSmugglerSentrySpotted,#霍林走私者哨兵被发现
Hey!,嘿！
You’re not welcome in this part of the underhalls!,地下大厅的这片区域不欢迎你！
Queen’s orders,女王的命令
Get out of here and don’t let me catch you here again!,离开这里，别让我再抓到你！
The guard firmly escorts you out of the area and deposits you in the guard-room by the entrance,守卫坚决地将你护送出该区域，并将你带到入口处的警卫室。
#HorrynSmugglerTrinketsScene,"#霍林走私者小饰品场景,"
The stall before you is crammed full of various trinkets and knick-knacks precariously balanced atop of one another,你面前的摊位上塞满了各种小饰品和小玩意儿，它们摇摇欲坠地堆叠在一起。
"As you approach, a wiry young man with a horribly pock-marked face offers you an excited grin",当你走近时，一个瘦削的年轻人，脸上布满可怕的麻子，兴奋地对你咧嘴一笑。
"On the hunt for some treasure, my fellow-adventurer?",在寻找宝藏吗，我的冒险者同伴？
Then you’ve come to the right place!,"那你来对地方了！,"
Everythin’ you see here has been carefully collected by yours truly!,"你在这里看到的一切都是本人精心收集的！,"
he gestures to the stall,他朝摊位做了个手势。
You wouldn’t believe the stuff just left layin’ around out there!,"你不会相信外面那些随便丢着的东西！,"
"Only the other day, I found a one-of-a-kind-necklace just discarded in the mud….it was next to a corpse, mind, but it was in no condition to argue if ya know what I mean!","就在前几天，我在泥里发现了一条独一无二的项链……提醒你一下，它就在一具尸体旁边，但你知道我的意思，它可没法跟我争辩！,"
It is clear from the merchant’s ramblings that his way of securing his wares isn’t exactly legal,从商人的胡言乱语中可以明显看出，他获取货物的方式并不完全合法。
But what down here is?,"但在这下面，什么又是合法的呢？,"
You suppose it won't hurt to find out more,你觉得多了解一些也无妨。
"Ah, the life of an adventurer is a dangerous one, but it’s worth it for loot like this!","啊，冒险者的生活是危险的，但为了这样的战利品，值得！,"
He gestures enthusiastically to his stall,他热情地朝自己的摊位做了个手势。
I’ve braved some of the most disgusting sewers and dug through the trash of some of the finest men in the Empire in order to obtain such coveted wares!,"为了得到这些令人垂涎的货物，我闯过一些最恶心的下水道，翻过帝国一些最优秀人物的垃圾！,"
That sounds...interesting,听起来……挺有趣的。
"Sadly, I can’t always be out explorin’...especially not during the day",可惜，我不能总在外面探索……尤其是在白天。
he coughs awkwardly,他尴尬地咳嗽了一声。
"So if you’ve got any treasures of your own you’d be happy partin’ with, make sure to pay me a visit!","所以如果你有什么自己的宝贝愿意出手，一定要来找我！,"
The young rogue excitedly licks his lips,年轻的游荡者兴奋地舔了舔嘴唇。
"Want to know more about my treasures, do you?",想多了解我的宝贝，是吗？
I’d be happy to tell you anything you want to know!,"我很乐意告诉你任何你想知道的！,"
Where did you come across these 'treasures'?,你是在哪里发现这些“宝贝”的？
Let's see what you have!,"让我看看你有什么！,"
The young rascal is picking intently at a bloody scab when he excitedly notices you,那个年轻的无赖正专心地抠着一块血痂，这时他兴奋地注意到了你。
"Welcome back, fellow-adventurer!",欢迎回来，冒险者同伴！
Found worthwhile loot?,找到有价值的战利品了吗？
"On the hunt for some treasure, my fellow-adventurer",在寻找宝藏，我的冒险者同伴
As you try to leave crabs swarm past you,当你试图离开时，螃蟹蜂拥而过你身边，
They consume the strange symbol ravenously,它们贪婪地吞噬着那个奇怪的符号，
They leave,它们离开了，
"Entering what appears to be a fishmongers' hall, your noses are immediately assaulted by a putrid stench far beyond the expected nautical aromas",走进一个看似鱼贩大厅的地方，一股远超预期海洋气味的腐臭立即扑鼻而来
"The room is but dimly lit, and as shadows dance in the corners it becomes apparent that the floor in front of you is covered in parts and innards from fish and other creatures of the sea",房间光线昏暗，随着阴影在角落舞动，你面前的地板上显然铺满了鱼和其他海洋生物的残肢与内脏
"As your eyes slowly adjust, you discern that the heaps of fetid offal have been carefully arranged into a peculiar shape",当你的眼睛慢慢适应后，你发现这些发臭的杂碎堆被精心排列成了一个奇特的形状
Examine the shape more closely,更仔细地检查这个形状，
"Retching and gagging, you immediately leave",you immediately leave
YOU PICK UP THE ITEM,你捡起了物品，
"However, the clacking noises have become louder and more insistent",然而，咔嗒声变得更响、更急促了
"The slick, gleaming carapaces of enormous crabs suddenly flood the room",巨大螃蟹光滑闪亮的甲壳突然涌满了房间
No doubt drawn in by the smell,无疑是被气味吸引来的，
OR SOMETHING ELSE,或是别的什么，
Prepare for combat!,准备战斗！
"Striving to avoid slipping on the blood-slicked floor, you fully enter the hall and investigate the overall shape of the piles of fish guts with a discerning eye",你努力避免在血滑的地板上滑倒，完全进入大厅，用敏锐的目光调查鱼内脏堆的整体形状
The parts are clearly arranged into a massive spiral - an ancient symbol of fertility and the sea,这些部分显然被排列成一个巨大的螺旋——一个古老的生育与海洋的象征
"At the center of the spiral sits a particularily bloated and decayed octopus, its arms splayed outwards in all directions",螺旋的中心有一只特别肿胀腐烂的章鱼，它的触手向四面八方摊开
You can hear faint clacking,你能听到微弱的咔嗒声，
Something seems to be moving nearby,附近似乎有什么东西在移动，
Further examine the octopus,进一步检查章鱼，
"Leave, quickly",快离开
"Like a monstrous egg, the swollen and very dead octopus sits at the center of the disgusting spiral",像一颗怪异的蛋，肿胀且死透的章鱼坐在令人作呕的螺旋中心
"A swift kick upends it, revealing something beneath: a large, rusty key!",一脚踢翻它，露出了下面的东西：一把生锈的大钥匙！
Pick up the key,捡起钥匙，
"Striving to avoid slipping on the blood-slicked floor, you fully enter the hall and investigate the overall shape of the piles of fish guts",你努力避免在血滑的地板上滑倒，完全进入大厅，调查鱼内脏堆的整体形状
"After a few moments it strikes you - they are arranged, obviously with great care and effort, into a massive spiral",过了一会儿你突然意识到——它们显然被精心排列成了一个巨大的螺旋
"Why, you have no idea",为什么，你毫无头绪
#HorrynSurvivor,#霍林幸存者
That's what the Reavers call 'im,劫掠者们就是这么叫他的
"Far as I know, he became the head of the Fishermen's Lodge",“据我所知，他成了渔会的头儿”
Must be the one who turned 'em to reavin',肯定是他把他们引上了劫掠之路
But I aint never seen 'im afore and I've been in Horryn my whole life,但我这辈子都住在霍林，却从没见过他
He must be an outsider,他一定是个外来者
I had another question,我还有个问题
We must be on our way!,我们必须上路了！
"When the Reavers went amok, they butchered folks in the street where they found them",“劫掠者发狂时，在街上见人就杀”
But that was only in the beginning,但那只是刚开始的时候
"Once they had control of the city, they started dragging people from their houses, roundin' 'em up",“等他们控制了城市，就开始把人从家里拖出来，集中关押”
Only the eldest and youngest were... finished off first,只有最老的和最小的……最先被了结
I can't get my head around it,我实在想不通
One of the Reavers made 'em let me go,有个劫掠者逼他们放了我
"Tore me from her grasp, and told me to run to the camp north of town to tell the folks there that their loved-ones would be waitin' for 'em at the keep with",“把我从她手里拽开，叫我去镇北的营地，告诉那里的人，他们的亲人会在要塞等着他们，和”
Father,【父亲】
"If we don't get her back before they reach the keep, she'll be dead or worse on the morrow",“如果我们不能在他们到达要塞前救回她，明天她就会死，或者更糟”
I need some information first,我得先问些情况
A gaunt figure shambles out of the fog towards you,一个枯瘦的身影从雾中蹒跚向你走来
The man is emaciated and covered in filth,那人瘦骨嶙峋，满身污秽
He looks with exhausted eyes and stops dead in his tracks as he notices you,他用疲惫的双眼望来，一看到你就僵在原地
His eyes wide in terror but his body too frail to flee,他惊恐地瞪大双眼，但身体太过虚弱，无力逃跑
"Please, don't kill me!",“求求你，别杀我！”
"the withered looking man cries out, as he cowers before you",“那个面容枯槁的男人喊道，在你面前畏缩着”
I'm Philip!,我是菲利普！
Just a fisherman,只是个渔夫
"Please, help me, my wife is still trapped inside the city, and... and",“求求你，帮帮我，我妻子还困在城里，而且……而且”
And what?,而且什么？
What is going inside the walls?,城墙里发生了什么？
"I beg of you, find Natia",“我求你了，找到娜蒂亚”
She's all I got since our boy passed!,我们的儿子死后，她就是我的一切！
"And she yet lives... you'll know by her green dress and long, auburn hair",“她还活着……你看到她穿绿裙子，一头长长的赤褐色头发，就能认出来”
"If there are survivors left inside Horryn, it is my duty to save them",“如果霍林城里还有幸存者，我有责任救他们”
"Driina says, as you turn to go",德莉娜在你转身要走时说道
Survivors or not - this stinks of a trap,不管有没有幸存者——这闻起来像个陷阱
Roland interjects,罗兰插嘴道
"As if to echo the man's woe, a lone wail rings out from somewhere behind the city walls",“仿佛在回应这人的悲痛，一声孤寂的哀号从城墙后的某处传来”
The Fishermen's Lodge!,渔会！
Some of my fellows joined - to share in the catch and ensure none went hungry!,我的一些伙计加入了——为了分享渔获，确保没人挨饿！
"I thought about joining myself, as their nets seemed overflowing as of late",“我自己也想过加入，因为近来他们的渔网似乎总是满满的”
"Since Father took charge, I been told",“自从【父亲】掌权后，我听人说”
But how can the Lodge go from sharing fish to reaving their own kin?,但渔会怎么会从分享渔获变成劫掠自己的同胞？
The man frets uncomfortably,男人不安地焦躁起来
Reavers?,劫掠者？
Father?,【父亲】？
The keep?,要塞？
Lodges?,渔会？
I need to move on!,我得继续赶路了！
How can men reach such cruel lows?,人怎么能堕落到如此残忍的地步？
"I known some of 'em for years, good, honest fishermen - now they've gone mad!",“我认识他们中有些人好多年了，善良、诚实的渔夫——现在他们都疯了！”
It's this 'Father' I tell you!,我告诉你，就是这个‘【父亲】’！
Him and his outsiders brought this upon us and poisoned the lodges!,他和他的外来者把这灾祸带给我们，毒害了渔会！
Now they hold the whole bloody city!,现在他们控制了整座该死的城市！
"That is, it’s bloody bedlam in there!",“就是说，里面简直是血腥的疯人院！”
"Seems to me a few of them, the meanest and hardest are the ones who answer directly to the Father",“在我看来，他们中有几个最卑鄙、最凶残的家伙，是直接听命于【父亲】的”
They’re the ones who took Natia and they seem to be holed up in the keep,就是他们抓走了娜蒂亚，他们似乎盘踞在要塞里
Only going outside to get more bodies!,只为了抓更多人才出来！
The man shudders,男人打了个寒颤
The ones that still roam the streets ‘ave all lost their minds it seems!,那些还在街上游荡的家伙，似乎全都疯了！
"All of a sudden they started fighting each other and for a while, it seemed they were more concerned with killing each other instead of razing the city!",“突然间他们开始自相残杀，有一阵子，他们似乎更热衷于互相残杀，而不是摧毁城市！”
Now they’re all holed up in each their corner of the city it seems,现在他们似乎都龟缩在城里的各个角落
Did you find Natia!?,你找到娜蒂亚了吗！？
What news inside the walls?!,城墙里有什么消息？！
"Philip asks, trembling",“菲利普颤抖着问道”
Have you found Natia yet?,你找到娜蒂亚了吗？
Please!,求你了！
I fear it might be too late already!,我怕已经太迟了！
I have some questions first,我先问几个问题
"Those that are taken were dragged to the keep, and all the remains of 'em are screams... such screams",“被抓走的人都被拖到要塞，他们留下的只有尖叫……那样的尖叫”
My wife an' I hid fer days with no food or water,我和妻子躲了好几天，没吃没喝
"By this morning, we couldn't take it no more and made a run for it",“到了今早，我们再也受不了了，就往外跑”
They got us before we even got within sight of the gate,我们连大门的影子都没看到，就被他们抓住了
"They beat us like mangy dogs, even my Natia... told us Father was waiting for us",“他们像打癞皮狗一样打我们，连我的娜蒂亚也……告诉我们【父亲】在等着我们”
"Bloody, forsaken bastards - they'll be dragging her away as we speak!",“该死的、天杀的混蛋——我们说话这会儿，他们正把她拖走！”
"By the dead, you have to save her for me!",“以死者之名，你一定要替我救她！”
She's beautiful!,她很美！
She’s got long auburn hair!,她有一头长长的赤褐色头发！
But you got away?,但你自己逃出来了？
The Governors keep!,总督的要塞！
Lies in the south-western part of town,位于镇子的西南部
You enter it from the docks,从码头那边进去
But they have it all sealed up now!,但现在他们把它完全封锁了！
Ain’t no way yer getting in there now!,你现在根本进不去！
That’s why you have to get to my Natia before they take her there!,所以你得在他们把她带到那里之前，找到我的娜蒂亚！
"Please, we’ve wasted too much time already!",“求你了，我们已经浪费太多时间了！”
#HorrynSurvivorCora,#霍林幸存者珂菈
You cautiously begin to search for any potential hiding places but have no luck,你小心翼翼地开始搜寻任何可能的藏身之处，但一无所获
"Kat sighs, her expression troubled “What a shame",卡蒂叹了口气，表情忧虑：“真可惜”
She looked like she could have used our help,她看起来本可以用得上我们的帮助
Give up and leave,放弃并离开
You cautiously begin to search for any potential hiding places,你小心翼翼地开始搜寻任何可能的藏身之处
The girl must be here somewhere,那女孩一定在这附近某处
You startle as a cry of pain echoes behind you,你吓了一跳，身后传来一声痛苦的叫喊
You little shit!,你这个小混蛋！
"Roland shouts, clutching his hand to his chest as he backs away from a pile of trash",罗兰喊道，他紧抓着手贴在胸前，从一堆垃圾旁退开
"The girl darts out a second later, trying to slip between you",片刻后，女孩冲了出来，试图从你们中间溜走
Kat throws herself at the girl and grabs hold of her before she can escape,卡蒂扑向女孩，在她逃脱之前抓住了她
"Determined not to be outmaneuvered again, you grab hold of the girl’s arm before she can make her escape",你下定决心不再被耍，趁女孩还没逃脱，一把抓住了她的胳膊
Sharp teeth dig into the flesh of your hand as you reach into a pile of rags,当你伸手进一堆破布时，锋利的牙齿咬进了你的手肉里
"The girl dashes from her hiding place, trying to slip away again",女孩从藏身处冲出来，又想溜走
"The girl struggles against your grip, snarling at you as you attempt to speak with her",女孩在你的抓握下挣扎着，在你试图和她说话时对你咆哮
"She can be no older than 13 winters, but her emaciated frame and grime-covered skin make it hard to tell",她最多不过十三个冬天大，但她瘦弱的身躯和满是污垢的皮肤让人难以判断
"The girl glares up at Kat with wide, scared eyes",女孩瞪大眼睛，惊恐地抬头看着卡蒂
"Poor thing,",可怜的小家伙
"Kat says, patting her arm, “you must be starving",卡蒂说着，拍了拍她的胳膊，“你一定饿坏了”
Are you hungry?,你饿吗？
offer some food,提供一些食物
I don't think I can help you right now,我想我现在帮不了你
"You give chase through the narrow alleyways, scrambling to keep up with the agile girl, but she is too fast; she disappears into the shadows before you can catch up to her",你在狭窄的小巷中追赶，手忙脚乱地想跟上那敏捷的女孩，但她太快了；你还没追上，她就消失在阴影中
Search the alley,搜索小巷
Give up,放弃
It doesn’t take long for you to catch up to the girl in the maze of back alleys,没过多久，你就在迷宫般的后巷里追上了女孩
"Cornered, she glares at you, her lips curling in a feral snarl",被逼到角落，她瞪着你，嘴唇扭曲成野性的咆哮
Don’t harm her!,别伤害她！
Kat whispers as she moves towards the girl slowly with her hands up in front of her in a disarming gesture,卡蒂低声说着，慢慢走向女孩，双手举在身前，做出解除戒备的姿态
"As you pass the darkened alley, you feel the eyes of someone watching you",当你经过黑暗的小巷时，你感觉到有人在注视着你
"Peering into the shadows, you can just make out the form of what appears to be a little girl in dirty, torn clothing",向阴影中窥视，你勉强能辨认出一个穿着肮脏破烂衣服的小女孩的身影
"Before you can get a closer look, the girl flees, disappearing into the darkness beyond",你还没来得及仔细看，女孩就逃走了，消失在远处的黑暗中
Kat grabs your cloak,卡蒂抓住你的斗篷
We have to follow her!,我们必须跟着她！
Ignore it and move on,无视它，继续前进
The girl seems unwilling to talk,女孩似乎不愿说话
Perhaps if she had some food in her belly?,也许她肚子里有点食物的话？
"You look around the alley, ears straining for any sign of reavers nearby",你环顾小巷，竖起耳朵倾听附近劫掠者的任何动静
"The thought of leaving the girl behind is not a comfortable one, but it is wiser than trying to drag her through hostile territory",把女孩留下的想法让人不安，但比试图拖着她穿过敌对区域要明智
"For now, she is as safe as she can be",眼下，她已经尽可能安全了
"Once the Reavers started fighting amongst themselves, they blocked off the streets",劫掠者们开始内斗后，就封锁了街道
"Made it real hard to get around unseen, but I'm no fool",这让悄悄走动变得非常困难，但我可不傻
Cora smiles mischievously,珂菈调皮地笑了笑
I suspect not,我想也是
She seems pleased at the compliment,她似乎对这称赞感到高兴
"It's too dangerous and hard to travel the streets, but under them is another thing",在街上走太危险也太难了，但地下就是另一回事了
"There’s tunnels all under the city and if you don't mind the stench and avoid the beasties, they’ll take you wherever you need to go!",城下到处都是隧道，只要你不介意臭味，避开那些小怪物，它们就能带你去任何你想去的地方！
Clever girl,聪明的女孩
"The girl still seems hesitant as she looks up at you. “....Cora,",女孩抬头看着你，仍然显得犹豫。“……珂菈”
"she says, her voice low",她低声说道
"But I hate it, so everybody calls me Cory. ‘Cept my ma, that is",但我讨厌它，所以大家都叫我珂莉。除了我妈，那是例外
And where's she now?,那她现在在哪儿？
As soon as the question leaves your lips you realize the mistake,问题一出口，你就意识到自己说错话了
You don’t push for the answer and Cora does not offer one: the silence says everything,你没有追问答案，珂菈也没有给出答案：沉默说明了一切
Kat gently strokes the child’s hair,卡蒂轻轻抚摸着孩子的头发
The girl snatches the food from you like a frightened animal and wolfs it down,女孩像受惊的动物一样从你手中抢过食物，狼吞虎咽地吃了下去
More!,还要！
she growls,她咆哮道
"Ah, so the girl has a tongue after all!",啊，原来这女孩还是会说话的！
"Kat offers the girl a small, reassuring smile",卡蒂对女孩露出一个小小的、令人安心的微笑
"Don’t worry, girl",别担心，姑娘
You can have as much as you like,你想吃多少就吃多少
Are you ready to answer some questions?,你准备好回答一些问题了吗？
"The girl absentmindedly fiddles with something, but her eyes are sharp and watchful",女孩心不在焉地摆弄着什么，但她的眼睛锐利而警觉
No doubt she knows a lot about the town having survived here for so long,毫无疑问，她在这里生存了这么久，对镇子了解很多
What's your name?,你叫什么名字？
Tell me about the Reavers?,跟我说说劫掠者？
How have you been moving around?,你是怎么四处走动的？
"The girl looks up at you with large, tear-filled eyes",女孩抬起头看着你，大眼睛里噙满泪水
They mostly come out at night,他们大多在晚上出来
Mostly,大多时候
she hugs her arms around herself,她双臂抱住自己
At least... they used ta,至少……他们以前是这样
I don’t see ‘em as much anymore,我现在不怎么见到他们了
Not since they started fightin’ each other,自从他们开始互相打斗以来就不怎么见了
Fighting each other?,互相打斗？
"She nods, her gaze distant",她点点头，目光遥远
One day they just turned on each other,有一天他们就突然互相攻击了
"Started killin’ their own instead of huntin’ people….now, though, they seem to be holed up in different parts of the town",开始杀自己人，而不是猎杀人们……不过现在，他们似乎分别盘踞在镇子的不同区域
Almost as if…as if they’re waitin’ for somethin’,几乎像是……像是在等待着什么
One group seems to stay on the docks,有一群人似乎待在码头
They’re led by a woman named Kala I think,我想他们由一个叫卡菈的女人带领
"I saw ‘er, once",我见过她一次
Never knew women could look so cruel,从不知道女人可以看起来这么残忍
"she pauses, worrying at her lower lip",她停顿了一下，咬着下唇
"Beside’ them, there’s another band holed up in that old walled house over there - ” she points to the north-east",除了他们，还有另一伙人盘踞在那边的老围墙房子里——”她指向东北方
A gray-haired man called Oleg leads them,一个叫奥列格的灰发男人带领他们
Are there more?,还有更多吗？
"There are men outside the temple, led by someone they call ‘the Butcher’",神殿外还有人，由一个他们称为‘屠夫’的人带领
They…they’ve been doing horrible things,他们……他们一直在做可怕的事情
Burning,焚烧
she trails off before shaking her head,她声音渐弱，然后摇了摇头
"They’ve blocked off the streets leading to the temple, so those men don’t come to this part of the city anymore",他们封锁了通往神殿的街道，所以那些人不再来城市的这一带了
Cora offers you a slight smile,珂菈对你微微一笑
Her cheeks have regained a modcium of colour; it seems getting some food in her belly seems to have done her a world of good,她的脸颊恢复了一点血色；看来肚子里有了食物对她大有好处
I have some questions for you!,我有些问题要问你！
"Cora is huddled in the corner, her stick-thin arms wrapped around her knees",珂菈蜷缩在角落里，枯瘦的双臂抱着膝盖
She slinks further into the shadows at the sight of you,一看到你，她就溜进了更深的阴影里
Offer some food,提供一些食物
#HorrynSurvivorCora,#霍林幸存者珂菈
Tell me about the reavers?,跟我说说劫掠者？
Figthing each other?,互相打斗？
And where's she now,那她现在在哪儿，
#HorrynSurvivorNatia,#HorrynSurvivorNatia
Natia is pale and drawn,娜蒂亚脸色苍白，面容憔悴。
She must have lost a lot of blood,她一定失了很多血。
"However, her wound is securely bound and she is in relative safety",然而，她的伤口包扎得很牢固，而且她处于相对安全的地方。
"If it is within her to recover, she will",如果她能恢复，她会的。
Do you think you could answer some questions for me?,你能回答我几个问题吗？
I'll help you as best I can,我会尽力帮你。
What can you tell me of the men who took you?,你能告诉我关于抓走你的那些人的事吗？
It's time to go!,该走了！
Farewell!,再见！
Natia looks tired and pale but nonetheless in much better shape than when you first met her,娜蒂亚看起来疲惫而苍白，但比起你第一次见到她时，状态已经好多了。
She offers a weak smile as a greeting,她露出一个虚弱的微笑作为问候。
I had some questions for you!,我有一些问题要问你！
I just wanted to check in on you!,我只是想来看看你！
I did hear something!,我确实听到了一些事！
The man who stabbed me was taking us to the keep - to ‘meet Father’,刺伤我的那个人正带我们去要塞——去“见【父亲】”。
But he was angry that the Reavers in the city itself had taken to infighting,但他很生气，因为城里的劫掠者们开始内斗了。
Split up into groups they had,他们分成了几伙。
Fighting over ‘tablets’ or some such items he said,他说，他们在争夺“石板”之类的东西。
"And what’s more, I heard him say that the tablets were currently in the possession of a Reaver he called Oleg",而且，我还听到他说，那些石板现在在一个他称为奥列格的劫掠者手里。
Oleg the Gray or something to that effect,灰发奥列格，或者类似的名字。
Thank you for your help,谢谢你的帮助。
#HorrynSurvivorNatia,#HorrynSurvivorNatia
Thank you so much for saving Natia’s life,非常感谢你救了娜蒂亚的命
I could not have gone on without her,没有她我活不下去
"Please, take this as a token of my gratitude!",“请收下这个，聊表我的感激之情！”
Philip produces a gold ring and offers it to you,菲利普拿出一枚金戒指递给你
Accept the ring,收下戒指
Keep it!,留着吧！
Decline reward,拒绝报酬
The man looks stunned for a moment then smiles and bows to you in gratitude,男人愣了一下，随即微笑着向你鞠躬致谢
You're a fool to turn down pay for a job well done,你真是个傻瓜，干了活却不要报酬
Roland grumbles behind you,罗兰在你身后嘟囔道
I have some questions before we go,走之前我有些问题要问
Farewell,再见
Ask me anything you like and I'll help you if I can!,想问什么就问吧，我会尽力帮忙！
Will you be safe here?,你们在这里安全吗？
Is there anything more you can tell me about the Reavers?,关于劫掠者，你还能告诉我些什么吗？
I need to get going,我得走了
Not much!,不多！
The ones you met were part of Father’s lot,你遇到的那些是【父亲】的人
The ones holed up in the Keep,就是盘踞在要塞里的那伙人
But you should ask Natia!,不过你应该去问娜蒂亚！
She might have heard something while they held her,她被关押时可能听到了些什么
Philip seems to have regained some of the color in his face,菲利普脸上似乎恢复了些血色
He gently wipes Natia’s brow with a wet piece of cloth,他用一块湿布轻轻擦拭着娜蒂亚的额头
It is good to see you again!,很高兴再见到你！
I needed to ask you some questions!,我需要问你些问题！
Just wanted to check in,只是来看看情况
Goodbye!,再见！
The city is far from safe but Natia is too severely wounded to travel,这座城市远谈不上安全，但娜蒂亚伤势太重，无法赶路
"Besides, from what you tell me, it seems nowhere is safe on this blasted island",“再说了，照你所说，这座该死的岛上似乎没有安全的地方。”
"Besides, the Reavers seem to be holed up in their separate parts of town for now",“而且，劫掠者目前似乎各自盘踞在城里的不同区域。”
I pray the Golden Dead will grant you the strength to prevail against them,我祈求黄金先祖赐予你力量，战胜他们
Good!,好！
The man bows deeply as he gives you the ring,男人深深鞠躬，将戒指递给你
There are no doubt countless golden rings in your future,你将来无疑会得到无数金戒指
I doubt the same can be said of these people,但这些人恐怕就没这么好运了
Driina offers in a lecturing tone,德莉娜用说教的语气说道
Besides the reavers seem to be holed up in their separate parts of town for now,而且劫掠者目前似乎各自盘踞在城里的不同区域
#HoundAmbush,#野狗伏击
A sudden sound makes you stop dead in your tracks,突如其来的声响让你猛地停下脚步
Someone or something is charging towards you through the tall grass!,有什么人或东西正穿过高高的草丛向你冲来！
A woman dressed in the livery of the nautical guild emerges from the fog!,一名身穿航海行会制服的女子从雾中现身！
Panic is written on her face and she’s panting heavily!,她脸上写满恐慌，气喘吁吁！
They’re… they’re right behind me!!,它们……它们就在我身后！！
the woman shouts excitedly,女子激动地喊道
Leva!,莱瓦！
What’s going on?,怎么回事？
Kat grabs the woman by the shoulders,卡蒂抓住女子的肩膀
"A pack of lean, growling predators emerges from the fog",“一群瘦削、低吼的掠食者从雾中现身”
The hounds snarl and then lunge at you!,野狗们咆哮着，然后向你扑来！
Bless you for saving my hide!,感谢你救了我的命！
I saw smoke rising from the south and was making my way there when these mongrels picked up my scent!,我看到南边升起烟，正往那边赶，这些杂种狗就嗅到了我的气味！
I need to get going but be sure to come visit the camp - I might have some things to trade!,我得走了，但你一定要来营地看看——我可能有些东西可以交易！
The woman hurriedly jogs off towards the south,女子匆匆向南边慢跑而去
#IagoEnterCave,#伊阿戈进入洞穴
I understand but consider this my friend,我理解，但请考虑一下，我的朋友
There are many who can swing a sword as well as me but there is only one who can captain a vessel like me,能像我一样挥剑的人很多，但能像我一样指挥一艘船的人只有一个
And I suspect it will take all my skill to get us off this island when the time is right,而且我怀疑，时机成熟时，需要我使出浑身解数才能让我们离开这座岛
Go be with your crew,去和你的船员们待在一起吧
It is hard to say how soon we can be ready to sail again,很难说我们多久能再次准备好起航
I’ll know more once I’ve talked to my crew,等我和我的船员们谈过之后，我会知道更多
"Come find me later, on the deck of the ‘Maiden’ and I shall give you my best estimate",“稍后来找我，在‘天候少女号’的甲板上，我会给你我最准确的估计”
Farewell for now my friend!,暂时再会了，我的朋友！
Iago bows deeply,伊阿戈深深鞠躬
Iago bows deeply and kisses your hand,伊阿戈深深鞠躬并亲吻你的手
We'll see eachother again soon,我们很快就会再见面
Iago stops and regards the Weathermaiden with a sad smile,伊阿戈停下脚步，带着悲伤的微笑注视着天候少女号
"Out of all of them, she is my only true love",“在她们所有人中，她是我唯一的真爱”
he whispers almost to himself,他几乎自言自语地低语道
"{PLAYER}, my friend, there is work here to be done and I must be with my crew",“{PLAYER}，我的朋友，这里有工作要做，我必须和我的船员们在一起”
Do you think we are ready to sail soon?,你觉得我们很快就能起航了吗？
I could use you at my side a bit longer Iago!,伊阿戈，我本可以让你在我身边多待一会儿！
I’ll go ahead and talk to my crew,我先去和我的船员们谈谈
"Please, enjoy our hospitality such as it is and come find me on the ‘maiden’ when you are ready",“请享受我们这微不足道的款待，等你准备好了，就来‘天候少女号’上找我”
"As Iago rejoins his crew, a great cheer goes up from the host gathering excitedly around him",“当伊阿戈回到他的船员中时，聚集在他周围的人群爆发出热烈的欢呼声”
You can faintly make out how he regales them with the tales of his daring escape from the dungeons of the cruel Rat Queen,你隐约能听出他正在向他们讲述自己从残忍的鼠后的地牢中大胆逃脱的故事
You can’t help but become infected by the crew’s excitement,你不由自主地被船员们的兴奋所感染
"Though great danger no doubt lies ahead, it appears you will finally be able to get off this island soon",“尽管前方无疑危险重重，但看来你终于很快就能离开这座岛了”
Though there is still bloody work waiting for you inside Horryn’s walls you have no doubt made an important ally here today,尽管霍林的城墙内还有血腥的工作等着你，但毫无疑问，你今天在这里结交了一位重要的同伴
Perhaps the Weathermaiden and her crew will indeed provide a way off this island sometime in the near future?,也许在不久的将来，天候少女号和她的船员们确实会提供一条离开这座岛的途径？
#IagoQuartermasterScene,#伊阿古军需官场景
Farewell and adieu!,告辞了，再见！
Let me know if you change your mind,如果你改变主意，告诉我
I’ll be here,我会在这里
We were headed for the mainland fully laden when we became stranded here,我们满载货物驶向大陆，却在这里搁浅了
I have crates and crates of food but I risk having it rot on me if we don’t get out of here soon,我有一箱又一箱的食物，但如果我们不尽快离开这里，它们可能会烂在我手里
He gestures to a large pile of crates nearby,他指了指附近的一大堆板条箱
There is a famine crisis brewing in the refugee camp,难民营里正在酝酿一场饥荒危机
The quartermaster strokes his chin thoughtfully,军需官若有所思地抚摸着下巴
"Look, I’d be happy to help if I could but this here cargo is not mine to give",听着，如果我能帮忙我很乐意，但这批货物不是我的，不能随便给
We carry it - we don’t own it,我们只是运送，并不拥有它
At the very least you’d have to pay me for it,至少你得付钱给我
I’d say 500 gold pieces would get you enough to feed your people for weeks,我觉得500金币就能让你的人吃上好几周
I'll pay!,我付钱！
That's a lot of money,那可是一大笔钱
Made a decision yet?,做出决定了吗？
I'll pay the,我付
Good to hear!,很好！
So you have the 500 gold?,那么你有500金币吗？
You have {ITEM} gold pieces,你有{ITEM}金币
Here you go!,给你！
I changed my mind,我改变主意了
"For that long and riveting tale, I’ll refer you to our illustrious first mate, Zhara",关于那个漫长而引人入胜的故事，我建议你去找我们杰出的大副扎拉
She should be down by the ship!,她应该在船那边！
Alright,好的
One more thing,还有一件事
Right then!,那好！
Fresh swab-monkeys I see!,我看到新来的拖把猴子！
Just pulling your leg,开个玩笑
I’m Anto,我是安托
Quartermaster of this here fine ship,这艘好船的军需官
You looking for something?,你在找什么吗？
I might have a few odds and ends to sell off now that we’re stuck here!,既然我们困在这里，我可能有些零碎东西可以卖！
I was wondering,我在想
That might be so but it really is the best I can do for you,也许是这样，但这确实是我能为你做的最好的了
Show me what you have for sale!,让我看看你有什么要卖的！
You seem to have a lot of food supplies,你似乎有很多食物储备
How did you end up in this cave?,你们怎么到这个洞穴里的？
About the food supplies,关于食物储备
Ho there landlubber!,嘿，旱鸭子！
Back for more?,又来要更多了？
Let's talk!,我们谈谈！
Wonderful!,太好了！
Tell you what,这样吧
"Since I feel bad for taking your gold, I’ll have some of my boyos help you lug the supplies back to camp",既然拿了你的金币我过意不去，我会让我的一些伙计帮你们把补给搬回营地
"In fact, you go ahead and return to the refugees with the good news and by the time you get there, the food will be right behind you!",其实，你先回去告诉难民们这个好消息，等你到的时候，食物随后就到！
The quartermaster begins organizing a work-party,军需官开始组织一支搬运队
You should return to Frantzo with the good news,你应该带着好消息回去找弗兰佐
#IagoSeaCave,#伊阿戈海蚀洞窟
Iago offers a curteous bow,伊阿戈优雅地鞠了一躬。
Iago kisses your hand and offers a sultry look,伊阿戈亲吻你的手，投来一个撩人的眼神。
"Please, do not tarry too long",“请别耽搁太久。”
"Iago is thoughtfully pacing the deck of the Weathermaiden, securing cargo and tightening knots",伊阿戈若有所思地在天候少女号的甲板上踱步，固定货物，系紧绳结。
The banality of the tasks appear contrary to his flamboyant personality but speaks of a deep love for the vessel,这些琐碎的工作与他张扬的个性显得格格不入，却流露出他对这艘船深深的爱。
You look grand!,你看起来棒极了！
The ‘maiden’ is ship-shape and we are ready to sail at your command!,“少女”号已整装待发，我们随时听候您的命令起航！
My poor ship on the other hand,而我那可怜的船，另一方面，
She won’t sail for a while yet,她一时半会儿还开不了，
Let's talk for a bit,我们聊一会儿吧，
Then let's set sail!,“然后我们就起航！”
Hm?,“嗯？”
How long until we are ready to sail?,“我们还要多久才能起航？”
Let's set sail!,“我们起航吧！”
It’s hard to say,这很难说，
My men are hard at work but the damage was severe and it may take quite some time yet,我的人正在努力干活，但损伤很严重，可能还需要相当长的时间，
"Besides, you still have work in Horryn no?",“再说，你在霍林不是还有事要办吗？”
I feel confident that the Blind Maiden will have us sailing by the time you finish your bold quest,“我相信，等你完成那项大胆的任务时，盲眼少女定会让我们扬帆起航。”
That seems convenient,“那倒挺方便的。”
It is how the Blind Maiden throws her bones,“盲眼少女就是这么掷骨定命的。”
I best get going then,“那我最好这就动身。”
Salutations!,“告辞！”
I apologize if I appear a bit preoccupied,“如果我看起来有点心不在焉，还请见谅，”
There is much work to be done!,“还有很多活要干！”
Salutations {PLAYER}!,“告辞，{PLAYER}！”
The ‘maiden’ is ready when you are!,“少女”号随时待命，就等您了！
I'll be back!,“我会回来的！”
Music to my ears!,“这话我爱听！”
We are ready when you are,“我们准备好了，就等你了，”
Just know that you must finish your business here in the sea-caves before we go,“只是要知道，在我们出发前，你必须把海蚀洞窟这里的事情办完，”
Leave no belonging behind or errand undone,“别落下任何东西，也别留下未完成的任务。”
My men and I will block off the land-entrance to hide the sanctuary from would-be intruders and Imperial scum,“我和我的人会封锁陆上入口，把庇护所藏起来，不让潜在的入侵者和帝国军的渣滓发现。”
I'm ready!,“我准备好了！”
"On second thought, I have something I need to do first!",“转念一想，我还有件事得先去做！”
Then I shall give the order!,“那我这就下令！”
My crew and I will maneuver the ‘maiden’ out and into open waters and await you there,“我和船员们会把‘少女’号驶出这里，开到开阔水域等你。”
"Board when you are ready and, though we may be sailing towards our doom we are certainly sailing towards great adventure",“准备好就登船吧，虽然我们可能正驶向灭亡，但我们无疑正驶向一场伟大的冒险。”
The Weathermaiden is expertly guided out of the sea-cave and now lies at anchor awaiting your arrival,天候少女号被熟练地驶出海蚀洞窟，现在正抛锚停泊，等待你的到来。
#IagoWeatherMaiden,#伊阿戈天候少女号
May the wind be in our sails!,愿风助我们扬帆！
Ask about JoinUs,询问加入我们
Something about JoinUs,关于加入我们的一些事
More about JoinUs,更多关于加入我们
Finally the last part about JoinUs,最后关于加入我们的部分
"Ah! {PLAYER}, how goes it?",啊！{PLAYER}，近来如何？
I trust you are finding yourself at home on the Weathermaiden?,我相信你在天候少女号上已经感觉像在家一样了吧？
I am indeed,我确实如此
Excellent!,太好了！
I’ve told my gallant crew to be on their best behavior!,我已经嘱咐我英勇的船员们要表现得最好！
"If there is nothing else, I must get back to planning our journey",如果没有别的事，我得回去规划我们的航程了
Iago gestures towards a pile of nautical charts and maps,伊阿戈指向一堆航海图表和地图
We'll talk later!,我们稍后再谈！
How does the Maiden treat you?,天候少女号待你如何？
#IdraCostalPassCombat,"#IdraCostalPassCombat,"
Your ploy is for naught,你的计谋毫无用处，
One of the cackling cultists points in your direction and a cry of alarm goes up!,一个咯咯笑的邪教徒指向你的方向，警报声响起！
The beast abruptly halts its feasting and eyestalks eagerly spin around,那怪物突然停止进食，眼柄急切地转动着，
"As it spots you, it offers a deafening roar before charging!","""它一发现你，就发出震耳欲聋的咆哮，然后冲了过来！"""
You carefully pick your way forwards when movement on the top of the cliffs catches your eyes,你小心翼翼地向前走，这时悬崖顶上的动静吸引了你的目光，
Robed and hooded figures emerge as they appear to be dragging something towards the edge of the cliff,穿着长袍、戴着兜帽的身影出现，似乎正拖着什么东西向悬崖边走去，
More of the rabid dogs,又是那些疯狗，
spits Roland,罗兰啐道，
No doubt the same mad-men you saw earlier,毫无疑问就是你之前见过的那些疯子，
To your horror you realize what the party is dragging,你惊恐地意识到那群人拖着的是什么，
"A naked man and woman, bound and gagged, are struggling desperately as they are mercilessly pushed towards the edge of the cliff","""一个赤裸的男人和女人，被绑住并堵住嘴，正绝望地挣扎着，被无情地推向悬崖边"""
"whispers Kat, almost too loud","""卡蒂低声说，声音几乎太大了"""
We have to do something!,我们必须做点什么！，
Terror rises in you as you understand what is about to unfold,当你明白即将发生什么时，恐惧在你心中升起，
You need to do something!,你必须做点什么！，
Look around,环顾四周，
One of the cultists shouts and points towards the surf in elation,一个邪教徒兴高采烈地大喊，指向海浪，
Utter terror fills the eyes of the moribund couple,那对垂死的夫妇眼中充满了极度的恐惧，
"You follow their gaze and turn to see, emerging from the surf, a creature of sheer horror","""你顺着他们的目光看去，转身看到，从海浪中浮现出一个纯粹恐怖的生物"""
"Larger than any sea-creature you’ve fought so far, a hulking shape greedily waddles towards the base of the cliffs","""比你迄今为止战斗过的任何海洋生物都要大，一个庞大的身影贪婪地蹒跚着向悬崖底部走去"""
Pincers snapping and tentacles squirming greedily,钳爪开合，触手贪婪地蠕动，
Before you can react further the cultists hurl the two naked forms from the cliffs,你还没来得及进一步反应，邪教徒们就把那两个赤裸的身体从悬崖上扔了下去，
"The pair impact the ground below with a sickening splat and with surprising speed, the hulking beast falls upon their remains","""那两人以令人作呕的啪嗒声撞击地面，然后以惊人的速度，那巨兽扑向他们的残骸"""
Standing transfixed you watch as the horror consumes the remains of the unfortunate wretches,你呆立着，看着那恐怖之物吞噬着不幸可怜人的残骸，
Sickening snaps and wet pops fill the air as the creature feeds,令人作呕的断裂声和湿漉漉的爆裂声在空气中弥漫，那生物正在进食，
"All the while, the robed cultists stand swaying and chanting on the ledge above","""与此同时，穿着长袍的邪教徒们在上方的岩架上摇摆着吟唱"""
Attack the terror,攻击那恐怖之物，
Carefully attempt to sneak away,小心地试图溜走，
Sink to your knees and join in the worship,跪下来加入崇拜，
You don’t dare to breathe as you slowly pick your way back the way you came,你不敢呼吸，慢慢地沿着来时的路往回走，
"As soon as you feel certain you’re out of sight, panic takes over and you run as fast as you can","""一旦你确定自己已脱离视线，恐慌就攫住了你，你拼命地跑"""
By the time you stop you’re utterly exhausted but at least you are still alive,当你停下来时，你已经筋疲力尽，但至少你还活着，
"Dropping to your knees, you close your eyes and begin mock-chanting","""你跪下来，闭上眼睛，开始假装吟唱"""
"Tears press on but you find that, strangely enough, words begin to take form","""泪水涌出，但你发现，奇怪的是，词语开始成形"""
Words that make sense then and there but that you will never again be able to recall,那些在当时当地有意义，但你再也无法回忆起来的词语，
A spiral burns in your mind - it calls you,一个螺旋在你的脑海中燃烧——它在呼唤你，
A jolt passes through you and you open your eyes wide to find the horrid creature and cultists gone,一阵震动传遍全身，你睁大眼睛，发现那可怕的生物和邪教徒都消失了，
How long were you gone?,你离开了多久？，
It felt like minutes!,感觉像是几分钟！，
Or was it hours?,还是几个小时？，
Days?,几天？，
"Nonetheless, the terror from the deep seems to have spared you","""尽管如此，来自深海的恐怖似乎放过了你"""
You rise painfully on unsteady legs and leave,你痛苦地站起来，用不稳的双腿离开，
#IdraCostalPassEnter,#伊德拉海岸通道入口
Said many a short-lived young fool,许多短命的年轻傻瓜说过，
Let’s just be on our bloody way!,我们赶紧上路吧，该死的！
The winding coastal road constricts as steep cliffs press in from the north,蜿蜒的滨海道路随着北面陡峭悬崖的逼近而变窄，
The dense fog reduces visibility to a mere stone’s throw and you feel an uneasiness rise in your stomach,浓雾使能见度降至仅一箭之地，你感到胃里一阵不安，
You swallow hard as you ponder the dangers that may lay ahead,你艰难地咽了口唾沫，思忖着前方可能潜伏的危险，
"Then, as in response to your concern, a bizarre monstrous growl echoes through the cliffs ahead of you",“接着，仿佛回应你的担忧，一声怪异骇人的咆哮在前方悬崖间回荡”，
Frozen mid-step you scan the mists when the unmistaken stench of rotting flesh is wafted towards you,你僵在原地，扫视迷雾，这时一股不容错辨的腐肉恶臭向你飘来，
Something large and deadly lies ahead,前方有什么巨大而致命的东西，
"Though you feel well armed and prepared, the creature in the mist is no doubt dangerous",“尽管你觉得自己装备精良、准备充分，但迷雾中的生物无疑十分危险”，
Your road lies ahead but you must proceed with caution,你的道路就在前方，但你必须谨慎前行，
"Though you do not know what lies ahead, your gut instinct tells you that you must be cautious",“虽然你不知道前方有什么，但你的直觉告诉你必须小心”，
"You wonder if perhaps for now, you would be better off spending a bit more time preparing and arming yourself?",“你想，也许眼下最好再花点时间准备和武装自己？”，
Roland places his hand on the hilt of his weapon as he scowls into the mist,罗兰将手放在武器柄上，皱眉凝视着迷雾，
Keep your wits about you,保持警惕，
I fear we may have our work cut out for us,我担心我们可能面临艰巨的任务，
Whatever lies ahead I fear it is yet beyond our mettle,无论前方是什么，我担心那仍超出我们的能力，
What do you recommend?,你有什么建议？，
I don’t need your advice old man!,我不需要你的建议，老头！，
Not so keen to die anymore?,不再那么想死了？，
I say we forge ahead,我说我们继续前进，
But let’s keep our wits about us,但我们要保持警惕，
I’m inclined to agree with the big man,我倾向于同意这个大个子，
Kat adds as she looks around nervously,卡蒂紧张地环顾四周，补充道，
I say we turn back for now,我说我们现在回头，
We need more time to prepare for whatever lies ahead,我们需要更多时间来准备应对前方的一切，
I agree,我同意，
Roland shoots you a look that is somewhere between hurt and enraged,罗兰向你投来一个介于受伤和愤怒之间的眼神，
"Then, as he opens his mouth to say something he’s interrupted by yet another terrible howl",“接着，他刚张嘴要说什么，就被又一声可怕的嚎叫打断了”，
Let’s just be on our way,我们赶紧上路吧。
#IdraFarmerDead,#伊德拉农民之死
The corpse of Jakub and Ella,雅库布和艾拉的尸体
Jakub died attempting to shield his wife with his body,雅库布试图用自己的身体保护妻子而死
An ax is stuck in his back,一把斧头嵌在他的背上
"Well, well",哎呀，哎呀
The fine folk of Horryn wasted no time in meting out justice it seems,看来霍林的好人们毫不拖延地伸张了正义
Roland remarks,罗兰评论道
This should have been avoided,这本该避免的
Driina states grimly,德莉娜阴沉地说
It would appear the people of Horryn wasted no time in meting out justice,看来霍林的人们毫不拖延地伸张了正义
He got what he deserved,他罪有应得
We must try to do better,我们必须努力做得更好
"He was a cruel man no doubt, but acts like these are the last thing we need right now",他无疑是个残忍的人，但像这样的行为是我们现在最不需要的
This camp is hanging on by a thread as it is,这个营地本就岌岌可危
Driina shakes her head and sighs,德莉娜摇摇头，叹了口气
Let's just be on our way,我们继续赶路吧
Acts like these are the last thing we need right now,像这样的行为是我们现在最不需要的
#IdraLandingHowl,伊德拉登陆点的嚎叫
A blood-curdling howl cuts through the fog,一声令人毛骨悚然的嚎叫划破浓雾
"Whatever its source, it’s not far away and it sounds dangerous","""不管它是什么，离得不远，而且听起来很危险"""
It may be unwise to proceed if you are still alone and poorly armed,如果你仍然孤身一人且装备简陋，继续前进可能不明智
#IdraOpenWaters,#伊德拉开放水域
The rise of the Cabal is the surest sign that the power of the Magi-Emperors is waning,秘盟的崛起是法师帝皇权力衰落的最明确迹象
"Even a decade ago, such consolidation of power into lay-hands would be unthinkable",即使十年前，权力如此集中到世俗之人手中也是不可想象的
The Cabal is shrouded in secrecy and will go to any lengths to keep it that way,秘盟笼罩在秘密之中，并将不惜一切代价保持这种状态
What few rumors I have heard claim that certain lay-nobles and freelenders are prominent amongst their ranks,我听到的少数传闻声称，某些世俗贵族和自由民在他们的行列中地位显赫
Men and women of great wealth and even greater ambition,拥有巨大财富和更大野心的男男女女
"I cannot tell you what their ultimate design is, but these people are no amatuers to power",我无法告诉你他们的最终计划是什么，但这些人绝非权力的门外汉
They no doubt realize what lies beneath the Priory and the impact its recovery will have on the course of the Empire,他们无疑意识到修院之下埋藏着什么，以及它的重现将对帝国进程产生的影响
"I also believe that if they were to achieve their end-goal, it would spell disaster for us all",我也相信，如果他们达成最终目标，将给我们所有人带来灾难
Enough for today,今天就到此为止
We'll talk again later,我们稍后再谈
Embla sighs and picks her nails thoughtfully,恩布拉叹了口气，若有所思地抠着指甲
"The corpse buried underneath the Priory, it… it calls out to me",埋在修院下的尸体，它……它在呼唤我
I cannot tell you exactly when it began but the beckoning intensified greatly once the tomb seals were broken,我无法确切告诉你它何时开始，但墓穴封印被打破后，召唤大大增强了
Now it’s almost unbearable and… it’s growing stronger by the day,现在几乎无法忍受，而且……它一天比一天强烈
But why you?,但为什么是你？
There are things I’m not ready to talk about,有些事情我还没准备好谈论
Things from my past - from when we were young together,我过去的事情——我们年轻时一起的事情
What I will say is that I sense certain things,我要说的是，我能感知到某些东西
Things that are hidden to most other people,那些对大多数人隐藏的东西
"Some Magi see them too but I think that, unlike them, I was born with the ability",有些法师也能看到它们，但我想，与他们不同，我天生就有这种能力
I believe this is why the corpse calls out to me,我相信这就是尸体呼唤我的原因
I'm not sure I understand,我不确定我明白了
"To be honest, I’m not sure I understand it myself",说实话，我自己也不确定是否明白
What I do know is that the calling I feel is real,我所知道的是，我感受到的呼唤是真实的
Reaching the Priory before the region succumbs to the conjunction is critical,在该地区被交汇吞噬之前到达修院至关重要
"In fact, I fear the survival of the entire Empire hangs on it",事实上，我担心整个帝国的存亡都系于此
I know this and so did the Cabal,我知道这一点，秘盟也知道
Tell me more about the Cabal!,告诉我更多关于秘盟的事！
"When powerful magi pass, their corpses retain much of their reticular attunement",当强大的法师去世时，他们的尸体保留了大量网状魔谐力
"Emperors are amongst the most powerful of all magi and needless to say, their corpses are a source of great power",皇帝是所有法师中最强大的，不用说，他们的尸体是巨大力量的源泉
It’s not without reason the Imperial Corpses of the Eternity Vale are guarded for so jealously by the Sepulchites,葬仪修会如此小心翼翼地守护永恒谷中的帝国遗骸，并非没有理由
But an Emperor?,但一位皇帝？
Buried on Gradla?,埋在格拉德拉？
"It sounds incredible, but as I said before, there are corpses from the earlier dynasties that have been lost to history",听起来不可思议，但正如我之前所说，有些早期王朝的尸体已湮没在历史中
There were Emperors that were proscribed by the Magi,有些皇帝被法师们剥夺了身份
It may indeed be the corpse of one of these ‘forgotten’ Emperors that has been found on Gradla,在格拉德拉发现的可能确实是这些“被遗忘”的皇帝之一的尸体
But there’s more,但还有更多
I'm almost afraid to ask,我几乎不敢问
Latter day Emperors are but a shadow of the rulers of old in terms of power,后世的皇帝在力量上不过是昔日统治者的影子
"If this is truly an Emperor of the Primarian Dynasty, and it has lain undisturbed for all these millennia, the power contained within it will be immense",如果这真是一位普里马利安王朝的皇帝，并且数千年来一直未受打扰，其中蕴含的力量将是巨大的
Enough to remake the Empire itself - or topple it utterly,足以重塑帝国本身——或彻底推翻它
Powerful enough to rend reality itself?,强大到足以撕裂现实本身？
So it seems,看来如此
My belief is that the conjuncture is caused directly by the discovery of the holy corpse,我相信，这种交汇是由圣尸的发现直接引起的
Its raw power has drawn the attention of ‘that which lingers in darkness’ and now its tentacles are slowly closing in around us,它的原始力量吸引了“黑暗中徘徊之物”的注意，现在它的触手正慢慢向我们收拢
For a moment you think you hear crude chanting in the darkness,有一瞬间，你以为听到黑暗中传来粗野的吟唱
It must have been the wind,一定是风声
How do you fit into all of this?,你在这其中扮演什么角色？
Embla leans back and massages her temples,恩布拉向后靠去，按摩着太阳穴
I’m here for you when you need to talk but I agree,当你需要倾诉时我会在这里，但我同意
Let’s say it’s enough for today,就说今天到此为止吧
She stands up slowly,她慢慢站起来
I’m going to go lie down,我要去躺下
Ship-travel does not agree with me,坐船不适合我
The ship is alive with nervous energy as the crew scuttles back like pieces of some well-crafted machinery,船上弥漫着紧张的气氛，船员们像精密机械的零件一样忙碌穿梭
"Though your journey is bound to be fraught with danger, there is little doubt that being back at sea has done the crew well",尽管你的旅程注定充满危险，但毫无疑问，回到海上对船员们有好处
Not for the monastery itself,不是为了修道院本身
But what was said to lie underneath it,而是据说埋藏在它下面的东西
Embla grasps your wrist and leans in while her voice drops ever so slightly,恩布拉抓住你的手腕，倾身靠近，声音微微压低
The monks built the Priory to guard something,僧侣们建造修院是为了守护某样东西
A grave,一座坟墓
An ancient tomb from the earliest days of the Empire,帝国最初期的一座古墓
"And if the Priory’s existence was truly lost to history, it means that at some point, the very Empire itself must have aided in the conspiracy of silence",如果修院的存在真的被历史遗忘，这意味着在某个时刻，帝国本身必定参与了这场沉默的阴谋
But who could be buried there to warrant such extreme measures?,但谁会被埋在那里，值得采取如此极端的措施？
"I cannot tell you exactly how I know this, but I have not a single shred of doubt",我无法确切告诉你我是如何知道的，但我没有丝毫怀疑
What lies buried under that priory is the corpse of a Magos-Emperor,埋在那座修院下的是一位魔法皇帝的尸体
"Not only that, but it must be one of the first and oldest of the line",不仅如此，它必定是血脉中最初、最古老的一位
That can't be!,不可能！
It can and it is!,可能，而且就是！
Not all of the corpses of the first Emperors can be accounted for and interment in the Eternity Vale did not begin until centuries after Gallian’s Ascension,并非所有最初皇帝的尸体都能被找到，而且直到伽里安升天几个世纪后，永恒谷的安葬才开始
The Cabal knew it to be true and as do I,秘盟知道这是真的，我也知道
Their expedition arrived at the island of Gradla a few months ago,他们的考察队几个月前抵达了格拉德拉岛
I suspect they breached the tombs underneath the temple a few weeks later,我怀疑几周后他们就闯入了神殿下的墓穴
"Whatever they found there, its reticular reverberations were powerful enough to throw all of the Outer Isles into madness",无论他们在那里发现了什么，它的网状回响强大到足以将整个外岛群投入疯狂
And now we're sailing into the heart of madness?,而现在我们正驶向疯狂的中心？
Embla smiles weakly,恩布拉虚弱地笑了笑
He’s calling out to me,他在呼唤我
I feel it in every ounce of my being,我全身的每一分每一毫都感觉到了
"Unfortunately, I’m not the only one to hear the call",不幸的是，我不是唯一听到呼唤的人
"Like sharks drawn to blood in the water, ‘other’ things are drawn to it as well",就像鲨鱼被水中的血腥吸引，“其他”东西也被吸引而来
Things from outside,来自外界的东西
Embla swallows hard and her voice drops to a whisper,恩布拉艰难地咽了口唾沫，声音低至耳语
The Dragon,龙
It’s awakening and its seven eyes are fixed on the Outer Isle,它正在苏醒，它的七只眼睛紧盯着外岛
On the Black Priory!,盯着黑修院！
The nearby lanterns flicker,附近的提灯闪烁
Crawling tendrils of madness stretch greedily towards the Priory,疯狂的爬行卷须贪婪地伸向修院
It hungers for the holy corpse and if it reaches it,它渴望圣尸，如果它得到的话，
"Embla halts, and for a moment struggles to control her breathing",恩布拉停住，片刻间努力控制呼吸
You know I’m right,你知道我是对的
You can feel it in your guts,你能在直觉中感觉到
There is no other path out of the Outer Isles except that which leads to the Black Priory and the secrets it holds,离开外岛群没有其他路，除了那条通往黑修院及其所藏秘密的路
Embla slumps and sighs,恩布拉颓然叹气
She looks exhausted and for a moment you see her as the quiet and aloof youngling you once knew,她看起来筋疲力尽，一瞬间你看到了她曾经那个安静而疏远的少年模样
"True to his idiom, Iago swings in on a rope in dramatic fashion, landing elegantly next to you",伊阿戈一如他的风格，戏剧性地抓着绳子荡过来，优雅地落在你身边
"It is good to feel the wind on our faces, no?",感受风吹在脸上真好，不是吗？
We are about to leave the fjord and from there we may set our course north towards Gradla,我们即将离开峡湾，从那里我们可以向北航行前往格拉德拉
Iago scans the horizon ahead,伊阿戈扫视前方的地平线
The leviathan no doubt stalks us so we must be careful from now on,利维坦无疑在跟踪我们，所以从现在起我们必须小心
We must keep to coastal waters and pray to the Maidens that our speed will keep us safe,我们必须保持在近海水域，并向少女们祈祷，希望我们的速度能保我们安全
"Nonetheless, we must take every precaution",尽管如此，我们必须采取一切预防措施
"For now, I have posted double look-outs and I’ll be manning the helm myself",目前，我已安排了双倍瞭望，并将亲自掌舵
I trust we are in the best of hands,我相信我们得到了最好的照料
"Indeed you are. {PLAYER}, come see me in my quarters below later if you wish to talk further",确实如此。{PLAYER}，如果你想进一步交谈，稍后到下面我的舱室来找我
Iago bows and leaves,伊阿戈鞠躬离开
It is out there,它就在那里
I feel it,我感觉到了
You turn to see Embla standing behind you,你转身看到恩布拉站在你身后
The leviathan,利维坦
It hungers,它饥饿
I suspect the Deep Ones called it here,我怀疑是深潜者把它召唤到这里
"Though, who is the master and who is the servant I cannot tell",不过，谁是主人谁是仆人，我无法分辨
It is certainly older than them,它肯定比它们更古老
"You owe me answers, Embla",你欠我答案，恩布拉
Idra is behind us and I need to know why we’re risking our lives on this fool's errand,伊德拉已被我们抛在身后，我需要知道为什么我们要为这愚蠢的差事冒生命危险
I do and now is as good a time as any,我确实欠你，现在正是时候
Embla takes you below deck and you find a small corner in the hold that is as close to privacy as can be found on the cramped vessel,恩布拉带你到甲板下，你在货舱里找到一个尽可能私密的小角落，在这拥挤的船上
"She takes a deep breath, as if she is about to plunge into freezing water, and begins talking",她深吸一口气，仿佛要跳入冰冷的水中，然后开始讲述
"Two years ago I was, let’s say, put on the trail of a rumor that an expedition had been mounted to the Outer Isles",两年前，可以说，我追踪到一个传闻，说有一支考察队被派往外岛群
"More accurately, to an island north of Idra by the name of Gradla",更准确地说，是前往伊德拉以北一个叫格拉德拉的岛屿
It’s a cold and barren place but it is allegedly the location of an ancient monastery referred to as “the Black Priory,那是一个寒冷荒芜的地方，但据称是一座被称为“黑修院”的古老修道院所在地
The Black Priory?,黑修院？
"Though you’ve never heard the name before, it echoes in your mind as if stirring old memories",尽管你以前从未听说过这个名字，它却在你脑海中回响，仿佛搅动了旧日的记忆
The site was built a full age into the past and for millennia it stayed unnoticed and far removed from the affairs of the empire,该地建于整整一个纪元之前，数千年来一直不为人知，远离帝国事务
"So much so, in fact, that it virtually passed out of the historical record centuries ago",事实上，它几乎在几个世纪前就从历史记录中消失了
No small feat in an Empire built on the backs of its archivists and record keepers,在一个建立在档案管理员和记录保管员背上的帝国里，这绝非易事
And thus it would have remained if it wasn’t for the boundless ambition of a group of powerful men known as the Cabal,如果不是一群被称为秘盟的强大之人有着无限的野心，它本会一直如此
I don’t know who it was that whispered in their ear but something convinced them that the Black Priory was not forgotten,我不知道是谁在他们耳边低语，但有什么东西让他们相信黑修院并非被遗忘
It was willfully expunged,而是被故意抹去了
Ask!,问吧！
Now is the time,现在是时候了
What if it's the corpse of an Emperor?,如果那是皇帝的尸体呢？
What more can you tell me of the Cabal?,关于秘盟，你还能告诉我什么？
Do you know anything else about the Black Priory?,关于黑修院，你还知道别的吗？
Do we stand a chance at rescuing the people who were taken from Horryn?,我们有机会救出从霍林被抓走的人吗？
I suspect they are already dead… or worse,我怀疑他们已经死了……或者更糟
You lied to Markus?,你对马库斯撒谎了？
Would you rather I was as blunt to him as I am to you?,你宁愿我对他像对你一样直言不讳吗？
Better they have a sliver of hope,最好让他们留有一丝希望
There are still trials ahead for Markus and the Horrynites and it would do them no good to face it with a broken heart,马库斯和霍林人面前还有考验，心碎地面对这些对他们没有好处
Indeed you are,确实如此，
"{PLAYER}, come see me in my quarters below later if you wish to talk further",{PLAYER}，如果你想进一步交谈，稍后到下面我的舱室来找我
#IdraRefugeeCampInfermary,#伊德拉难民营医务室
The stench of disease and moans of the dying lie thick in the air of the makeshift infirmary,疾病的气味和垂死者的呻吟弥漫在临时医务室的空气中
An aging cleric shuffles back and forth as he tries as best he can to tend to the patients,一位年迈的牧师来回踱步，尽力照料病人
He exchanges a worried glance with Driina,他与德莉娜交换了一个忧虑的眼神
Drahl offers a short bow,德拉尔微微鞠躬
And you know where to find me,你知道在哪里能找到我
Something about GoingOn,关于GoingOn的一些事
More about GoingOn,更多关于GoingOn的事
Finally the last part about GoingOn,最后是关于GoingOn的最后一部分
The aged cleric’s face lights up when he sees you,年迈的牧师看到你时，脸上露出了喜色
Blessing of the Dead upon you!,愿亡者祝福你！
The gray-bearded cleric is thoughtfully wiping blood off his hands as you approach him,灰胡子的牧师在你走近时，若有所思地擦着手上的血
"Oh forgive me, I didn’t see you there",“哦，请原谅，我没看到你在这儿”
Are you sick?,你生病了吗？
Fever?,发烧？
Stomach pains?,胃痛？
Bloody stool?,便血？
I don't think so,我想没有
Should I be worried?,我应该担心吗？
And upon you,也祝福你
The man examines your eyes and looks in your mouth,那人检查了你的眼睛，又看了看你的嘴里
"No, you do in fact seem fine",“不，你看起来确实没事”
Sadly many are not so lucky,可悲的是，许多人没那么幸运
Is it as bad as we suspected?,情况和我们怀疑的一样糟吗？
Driina asks,德莉娜问道
Drahl leans in and his voice drops to a whisper,德拉尔凑近，声音压低成耳语
I fear it is worse,恐怕更糟
Some sort of infection is spreading and so far I’ve been unable to cure it with neither spell nor concoction,某种感染正在蔓延，至今我既无法用法术也无法用药剂治愈它
"I am, in fact, at my wit's end",“事实上，我已经束手无策了”
A note of desperation creeps into the old man’s voice,老人的声音中透出一丝绝望
Some sort of infection has broken out in the camp and so far I’ve been unable to cure it with neither spell nor concoction,营地里爆发了某种感染，至今我既无法用法术也无法用药剂治愈它
"If I can’t find a cure, this outbreak may be the death of us all!",“如果我找不到治疗方法，这场疫情可能会让我们全部丧命！”
Though I wouldn’t know where to start,虽然我不知道从何入手
That is,也就是说
The old man furrows his brow,老人皱起眉头
"A woman, Hannah, came to me with her boy",“一个女人，汉娜，带着她的孩子来找我”
Struck down by the outbreak,被疫情击倒了
She appeared a simple girl and when she pleaded with me to look for a folk remedy,她看起来是个单纯的姑娘，当她恳求我去寻找民间偏方时
I chided her for it,我为此责备了她
Called her foolish,说她愚蠢
Surely Imperial medicine would prevail!,帝国的医术肯定会奏效！
Perhaps I was the fool?,也许我才是那个傻瓜？
I wish now I had listened to her,我现在真希望当时听了她的话
She left camp but I think she can be found in the little cottage south of here,她离开了营地，但我想她可以在南边的小屋里找到
"I beg you, seek her out on my behalf and hear what she has to say!",“我恳求你，替我去找她，听听她怎么说！”
I suggest you seek out Hannah in her cottage south of camp,我建议你去营地南边的小屋找汉娜
She claimed to know of a folk-remedy,她声称知道一种民间偏方
I’m ashamed to say that this is our best chance at this point,我很惭愧地说，这是我们目前最好的机会了
Drahl suspiciously accepts the potion,德拉尔怀疑地接过药水
He grimaces as he examines the murky liquid against the light,他对着光检查浑浊的液体时，做了个鬼脸
These are dark days indeed when the most holy order of Sepulchites must resort to folk cures and lay medicine,这确实是黑暗的日子，连最神圣的葬仪修会都不得不求助于民间偏方和世俗医药
"Then again, I feel we’re left with little choice at this point",“不过话说回来，我觉得我们此刻已经别无选择了”
"With Driina’s help, the two clerics go from patient to patient administring the foul brew",“在德莉娜的帮助下，两位牧师挨个给病人灌下那难闻的汤药”
Now we wait,现在我们等待
"The old man begins going from patient to patient, administring the foul brew",“老人开始挨个给病人灌下那难闻的汤药”
Have you found anything?,你找到什么了吗？
I have the medicine!,我拿到药了！
What do you need my child?,你需要什么，我的孩子？
About the outbreak,关于疫情
Ask about GoingOn,询问关于GoingOn
The effect does not take long to manifest and within hours the patients seem to be back on their feet,效果很快就显现出来，几个小时内，病人们似乎都恢复了
Drahl appears both relieved and pensive,德拉尔显得既宽慰又沉思
"We, you, cured them!",“我们，你，治好了他们！”
I was certain their lives were forfeit and yet here they walk out on their own two legs,我本来确信他们性命难保，可他们现在却自己走着出去了
Though at what price I wonder?,但我不知道代价是什么？
"In any case, I took the time to gather some items that might serve you well in the trials that no doubt lie ahead of you",“无论如何，我花时间收集了一些物品，它们或许能在你今后无疑会面临的考验中帮到你”
He hands you a collection of potion-bottles,他递给你一堆药水瓶
Go now,去吧
I’ll remain here if I am needed,如果需要，我会留在这里
May the Dead ever watch over you,愿亡者永远守护你
Driina pats the old man gently on the back,德莉娜轻轻拍了拍老人的背
You did well my old friend,你做得很好，我的老朋友
...,...
"So, what news?",“那么，有什么消息？”
Is a cure in sight?,治疗方法有眉目了吗？
About that,关于那个
No news yet but I have other questions,还没有消息，但我有其他问题
"I do have a small surplus of supplies, yes",“我确实有一些多余的物资，是的”
"Also, if you're gravely wounded or suffering from disease and the like, I can assist you",“另外，如果你受了重伤或患有疾病之类，我可以帮助你”
#IdraWreckRatAmbush,#伊德拉沉船鼠伏击
Suddenly an echoing cacophony of chittering and screeching erupts from the narrow ravines around you!,突然，一阵回荡的吱吱声和尖叫声从你周围的狭窄沟壑中爆发出来！
A wave of mangy fur and snapping jaws dripping diseased mucus rolls towards you,一波肮脏的皮毛和滴着病态粘液的咬合下颚向你涌来
#IntroBerrynGuard,#贝林守卫介绍
A guardsman dressed in the livery of the noble house Berryn,一名身穿贝林家族制服的守卫
The guard scowls somewhat at you,守卫对你有些怒目而视
Armsmaster Lyra awaits you at the main entrance,军械长莱拉在主入口等你
You best talk to her if you've not already done so,如果你还没和她谈过，最好去和她谈谈
You'll find the kitchen in the eastern end of the courtyard,厨房在庭院的东端
The garden and hedge-maze is to the west,花园和树篱迷宫在西边
And I needn't remind you that it's a poor idea to enter the maze without a lantern,而且不用我提醒你，不带提灯进入迷宫是个糟糕的主意
Have a good evening m'lord,晚安，大人
Have a good evening m'lady,晚安，夫人
A guardsman dressed in the livery of the noble house Berryn scowls at you,一名身穿贝林家族制服的守卫对你怒目而视，
#IntroCato,#IntroCato
Cato stands - with poorly concealed effort,卡托站起身——带着难以掩饰的吃力，
And {PLAYER},还有{PLAYER}，
"You stand, and meet his gaze",“你站起身，迎上他的目光”
Return her to me,把她还给我，
There is no other outcome of this affair,这件事没有别的结果，
"Shake his hand, and leave",“握了握他的手，然后离开”
"Remain silent, and leave",“保持沉默，然后离开”
"You have my word, Cato",“我向你保证，卡托”
LEAVE,离开
Cato Berryn,卡托·贝林，
"Cato Berryn sits tall in a tasteful, but modest reception room",“卡托·贝林端坐在一间雅致而简朴的会客室里”
He looks less imposing than you remember - and with a few more crow's feet,他看起来没你记忆中那么威严——眼角也多了几道鱼尾纹，
"Nonetheless, he's lost none of his composure or air of casual authority",“尽管如此，他的沉着和那种不经意的威严气度丝毫未减”
Continue,继续
You take a seat across a formidable desk from him,你在他对面一张气派的书桌前坐下，
"This study, like the rest of the villa, is half-lit, giving a morose cast to its opulence",“这间书房，和别墅其他地方一样，光线半明半暗，给它的奢华蒙上了一层阴郁的色彩”
"The older man's face creases into a tired, but genuine smile, which momentarily lifts some of the room's oppressive mood",“老人脸上挤出一个疲惫但真诚的微笑，暂时驱散了房间里的一些压抑气氛”
It's a mercy to see you again - your own man and in your prime,能再见到你真是幸事——你已独当一面，正值壮年，
"Cato says, before a frown consumes his smile",“卡托说道，随即眉头一皱，笑容消失了”
It's just a shame our reunion is overshadowed by the fates of those we love,只可惜我们的重逢被所爱之人的命运蒙上了阴影，
"But perhaps, together, we can yet improve our collective circumstances?",“但或许，我们联手，还能改善我们共同的处境？”
It's a mercy to see you again - your own woman and in your prime,能再见到你真是幸事——你已独当一面，正值盛年，
Why have you summoned me?,你为什么召我来？
"So, you know my Father is dead",“那么，你知道我的【父亲】已经死了”
"Cato leans forward, hands clasped beneath his chin",“卡托身体前倾，双手在下巴下交握”
I shan't deny it,我不否认，
I was saddened to hear of his passing,听到他去世的消息，我很难过，
"Despite everything, I remember him fondly",“尽管发生了那么多事，我仍对他怀有美好的回忆”
You drove him to drink and mercenary work,是你逼得他酗酒，去当雇佣兵，
No need to dwell on the past,不必沉湎于过去，
"Cato leans back again, and his eyes go distant",“卡托又向后靠去，眼神变得遥远”
He failed in his duties,他失职了，
"For an arms-master, there is no greater shame than a lapse of vigilance",“对一名军械长来说，没有比警惕松懈更大的耻辱了”
He drove himself into exile,他自我放逐，
Lyra shifts slightly behind Cato,莱拉在卡托身后微微动了动，
"If he failed, then it was never possible to succeed",“如果他失败了，那这件事本就绝无成功的可能”
Say nothing,什么也别说，
A pregnant pause,一阵意味深长的停顿，
He failed her,他辜负了她，
Your father's exile was a sorrow to me,你父亲的流放令我痛心，
Yet he could not remain in the household - for Embla's sake,但他不能留在家族里——为了恩布拉，
"The loss of a mother is tragedy enough, without being reminded of it",“失去母亲已是莫大的悲剧，无需再被时时提醒”
Embla?,恩布拉？
Do not hide behind your daughter,别拿你女儿当挡箭牌，
The past is done with!,过去的事已经过去了！
Tell me why I'm here!,告诉我为什么叫我来！
That may be so,或许如此，
But it is done,但事已至此，
I regret his loyalty could not be rewarded,我很遗憾他的忠诚未能得到回报，
Sometimes...the tapestry's weave is not so easy to discern,有时候……命运之网的编织并不那么容易看清，
"Cato's face is still mild, yet you sense his tone hardening",“卡托的脸色依旧温和，但你感觉到他的语气强硬起来”
Fine,好吧，
I'm sure we've both moved on,我相信我们都向前看了，
"By exiling him, you condemned me as well",“你流放了他，也等于判了我的罪”
Your anger is understandable,你的愤怒可以理解，
The hardships you must have suffered on the road are written in your face,你在路上必定吃了不少苦，都写在脸上了，
"Such is the cost of mercenary work, I suppose",“我想，这就是雇佣兵生涯的代价吧”
But do not presume to understand the forces that were at play,但别自以为能理解当时起作用的那些力量，
And still are,而且至今仍在起作用，
"Just tell me why I'm here, old man!",“直接告诉我为什么叫我来，老头！”
"Cato is caught off-guard for a moment, before letting out a deep breath",“卡托一时措手不及，然后深深叹了口气”
Then the years have bestoweed you with wisdom,看来岁月赋予了你智慧，
"I am glad, for it has forsaken the House of Berryn",“我很欣慰，因为贝林家族已被智慧抛弃”
Why have you called me here?,你为什么叫我来？
Embla is missing,恩布拉失踪了，
"Cato's voice quivers momentarily, betraying his stoic features",“卡托的声音一时颤抖，出卖了他坚忍的表情”
"Now I beg of you, {PLAYER}",“现在我恳求你，{PLAYER}”
Help me find my daughter,帮我找到我的女儿，
"Help her return home, where she belongs",“帮她回家，回到她所属的地方”
Why me?,为什么是我？
What's happened to her?,她出了什么事？
Is it not obvious?,这还不明显吗？
You've clearly grown to inherit your fathers resourcefulness - and besides - Embla has trusted you since before either of you could speak,你显然继承了你父亲的足智多谋——再说——恩布拉从你们俩还不会说话时就信任你，
And now the fool has got herself into trouble?,现在那个傻瓜自己惹上麻烦了？
"She left without notice, a week ago",“她一周前不告而别”
"From the scant clues we had, we believe she boarded a ship bound for one of the Outer Isles, Idra",“根据我们掌握的零星线索，我们相信她登上了前往外岛群之一的伊德拉的船”
She went of her own free will,她是自愿走的，
At the time I thought little of it,当时我没太在意，
Cato begins to glower,卡托开始怒目而视，
"Since then, however, there have been 'reports'",“然而，从那以后，就有了一些‘报告’”
Grave ones,很严重的报告，
Reports?,报告？
Something has been building in her for years,多年来，她体内有某种东西在积聚，
An 'aptitude' of sorts,某种‘天赋’，
But I suspect you already knew?,但我猜你早就知道了？
"In any case, it's grown much stronger lately and drives her in ways I cannot understand",“无论如何，它最近变得强大了许多，并以我无法理解的方式驱使着她”
I suspect she is looking for... answers,我怀疑她在寻找……答案，
But why Idra?,但为什么是伊德拉？
An aptitude?,天赋？
What am I to do?,我该做什么？
An aptitude of the worst kind,最糟糕的那种天赋，
It does not spring from the canonical Imperial praxis,它并非源自正统的帝国修行体系，
Instead it comes from elsewhere,而是来自别处，
It is the kind the Empire does not suffer to exist,是帝国不容存在的那种，
I hope it's only answers that she seeks,我希望她只是在寻找答案，
I see,我明白了，
What can I do?,我能做什么？
Why indeed?,确实，为什么？
There is little on the island save the port of Horryn,岛上除了霍林港几乎没什么别的，
"If Idra was her destination, she must have landed there",“如果伊德拉是她的目的地，她一定在那里登陆了”
Horryn?,霍林？
What of her 'aptitude'?,她的‘天赋’是怎么回事？
Yes,是的，
"An old Imperial port and home to a few hundred whalers, traders and the occasional smuggler",“一个古老的帝国港口，居住着几百名捕鲸者、商人和偶尔出没的走私者”
"We can only speculate as to what drew her there, but it's our only lead",“我们只能猜测是什么吸引了她，但这是我们唯一的线索”
How can I help her?,我怎样才能帮她？
You mentioned her 'aptitude'?,你提到了她的‘天赋’？
"Hire mercenaries, travel to Idra and begin your search in the port of Horryn",“雇佣佣兵，前往伊德拉，从霍林港开始搜寻”
"From there, I trust you to do what needs be done",“到了那里，我相信你会做该做的事”
"Spare no cost, just bring back my daughter",“不惜代价，只要把我女儿带回来”
Mercenaries?,佣兵？
"The man is a grizzled veteran - he may have slowed with age, but his experience and reliability more than make up for it",“那人是个头发花白的老兵——岁月或许让他动作慢了，但他的经验和可靠足以弥补”
He's also much respected by similar men - and so will be instrumental in hiring a reliable crew,他在同类人中也很受尊敬——因此在雇佣可靠的队伍时会很有用，
I'll take it into consideration,我会考虑的，
"I trust your instincts, but I beseech you consider him - he's no great dinner guest, but he's been irreplaceable elsewhere",“我相信你的直觉，但我恳请你考虑他——他虽不是个好的宴客，但在其他方面无可替代”
Is that so?,是吗？
Very well,很好，
"Cato shows you his upturned palms, beseeching,",“卡托向你摊开双手，恳求道，”
I know this thing I ask of you is fraught with danger,我知道我求你做的这件事充满危险，
"But this is your chance at improving your fortune - materially, and in honour",“但这是你改善命运的机会——无论是物质上，还是荣誉上”
What say you?,你怎么说？
I accept - for Embla's sake,我接受——看在恩布拉的份上，
Very well - For my family's name,很好——为了我家族的名誉，
I'll do it,我会做的，
For the gold,为了金子，
What makes you think I care?,你凭什么以为我在乎？
"A chill draught causes a nearby candle to flicker, and you see the cold mirrored in Cato's features",“一阵冷风让近旁的烛火摇曳，你看到卡托脸上也映出寒意”
You are not to blame for the decline in your family's fortune,你家族财富的衰落不该怪你，
But you could be responsible for restoring it,但你可以负责恢复它，
We'll see,走着瞧，
I will be,我会的，
"Cato smiles softly, visibly relieved, and for a moment he looks like the man you remember",“卡托温和地笑了，明显松了口气，有那么一瞬间，他看起来就像你记忆中的那个人”
Have you any final questions or matters to discuss?,你还有什么最后的问题或要讨论的事吗？
"Time is, as I'm sure you appreciate, of the essence",“我相信你明白，时间至关重要”
Let's just get on with it,我们这就开始吧，
"If nothing else, the port will be dangerous enough",“别的不说，港口本身就够危险了”
That is why I have summoned a Roland Greyeye to me - a crude but effective sell-sword - that I've made good use of before,所以我召来了罗兰·灰眼——一个粗鲁但有效的佣兵——我以前就用得很顺手，
He shall accompany you on this task,他将在这项任务中陪同你，
Roland Greyeye?,罗兰·灰眼？
I work alone!,我单干！
I met the man just before seeing you,我来见你之前刚见过那人，
"No one, and no word has left Idra in days",“几天来，没有人，也没有任何消息从伊德拉传出”
Rumor has it even the Imperial augurs are in the dark,“有传言说，连帝国的占卜官都一无所知”
"I know not how this touches the fate of my daughter, but she must be returned to me, one way or another",“我不知道这与我女儿的命运有何关联，但她必须回到我身边，无论如何”
Any idea why she left?,知道她为什么离开吗？
#IntroCellar,#酒窖入口
Empty bottles litter the floor of this room,空瓶子散落在这个房间的地板上
You chuckle to yourself as you imagine the kitchen staff in their wine tasting sessions,你想象着厨房员工品酒的情景，不禁暗自轻笑
"No doubt, much revelry has taken place here",“毫无疑问，这里曾有过许多狂欢”
Then a cool gust of air from the passage to the north,这时，一阵凉风从北边的通道吹来
The wine cellar lies that way and you can almost hear faint sobbing,酒窖就在那边，你几乎能听到微弱的啜泣声
Ghosts no doubt,毫无疑问是鬼魂
#IntroChef,#厨师介绍
Ha!,哈！
The old wretch is too cowardly to come himself so he sends you instead?,那个老东西太懦弱了，不敢自己来，所以派你来了？
The brandy will be the end of him I say,我说，白兰地会要了他的命
"Then again, who am I to deny the old fool his few pleasures",不过话说回来，我有什么资格剥夺那个老傻瓜仅有的这点乐趣呢
You'll find a crate of fine Gorremian brandy in the north-east corner of the wine cellar,你会在酒窖的东北角找到一箱上好的戈雷米亚白兰地
Hold on!,等等！
Let me see what you made!,让我看看你做了什么！
Armand excitedly licks his lips,阿曼德兴奋地舔了舔嘴唇
Present the Sandwich for inspection,拿出三明治来检查
The chef offers a short bow and a tired but sincere smile,厨师微微鞠了一躬，露出疲惫但真诚的微笑
I am chef Armand and my humble kitchen is at your disposal m'lord,我是厨师阿曼德，我这简陋的厨房听候您的差遣，大人
I am chef Armand and my humble kitchen is at your disposal m'lady,我是厨师阿曼德，我这简陋的厨房听候您的差遣，女士
Sadly I was told of your arrival only minutes ago and my oven must be fired up again,可惜几分钟前才有人告诉我您来了，我的炉子得重新生火
You must be famished?,您一定饿坏了吧？
Indeed I am,确实饿了
Splendid!,太好了！
"The pantry is west of the wine cellar, and the cheese is kept in the northernmost room",食品储藏室在酒窖西边，奶酪放在最北边的房间里
Return when you have the cured ham and cheddar and I shall provide bread and instructions,等你拿到熏火腿和切达干酪再回来，我会给你面包和指示
"Now, venture forth into the underworld!",现在，向地下世界进发吧！
Where is the cellar?,地窖在哪里？
Kydeon has asked me to fetch him a bottle of brandy,凯迪恩让我给他拿一瓶白兰地
Perfect!,太好了！
"First of all, here is some bread",首先，这里有些面包
"Now, the cauldron is quite empty and just warm enough for you to use",现在，大锅是空的，温度刚好适合你用
Remember,记住，
"You need both the bread, ham and cheese to make the perfect sandwich!",你需要面包、火腿和奶酪才能做出完美的三明治！
"Now, go give it a try and bring me the result!",现在，去试试吧，把成品带给我！
I shall see if you have it in you!,我倒要看看你有没有这个本事！
"Chef Armand wanders back and forth, tending the fire and keeping his kitchen tidy",厨师阿曼德来回踱步，照看着炉火，把厨房收拾得井井有条
He has the gait of a man who has been on his feet for far too many hours,他走路的姿态像是一个站了太久的人
I have the ham and cheese!,我拿到火腿和奶酪了！
Present the sandwich for inspection,拿出三明治来检查
Where is the cellar again?,地窖在哪里来着？
Use the hatch in the floor over there!,用那边地板上的活板门！
Armand points towards a wooden hatch by the wall,阿曼德指向墙边的一个木制活板门
"It's quite dark down there, but there should be a lantern in a chest near the stairs",下面很黑，但楼梯附近的箱子里应该有一盏提灯
Good luck!,祝你好运！
#IntroMadSailors,#疯狂水手登场
Sailors,水手们
The sailors stare at you wide-eyed and terrified,水手们瞪大眼睛，惊恐地盯着你
Dead Emperors!,死去的帝皇！
It's coming for us!,它冲我们来了！
It whispers to me!,它对我低语！
One of them draws a weapon with shaking hands,其中一人颤抖着手拔出了武器
Get away from me!,离我远点！
Calm yourself - You're guild sailors!,冷静点——你们是公会的水手！
"Half-insane with terror, the sailors scream and lunge at you!",被恐惧逼得半癫狂的水手们尖叫着向你扑来！
Attack,攻击
The men stop dead in their tracks - seemingly shocked back from their momentary lapse of sanity by your words,这些人突然停住脚步——似乎被你的话语从短暂的失智中震醒过来
The pair blinks towards you in a moment of indecision and then stumbles up to the main deck and the tumult that seems to be taking place there,两人犹豫地朝你眨了眨眼，然后跌跌撞撞地爬上主甲板，那里似乎正一片混乱
#IntroMonster,#IntroMonster
"You dash towards the ship's fractured rail, dodging holes in the deck and wounded men, beseeching you for help",你冲向船体断裂的栏杆，躲开甲板上的破洞和向你求救的伤员
Roland hangs by one arm from the side of the ship,罗兰用一只手臂挂在船舷上
Try to grab him!,试着抓住他！
"Before Estavo can smirk in satisfaction, a tentacle whips into the lifeboat, leaving a dark smear against the now buckling hull",埃斯塔沃还没来得及得意地笑，一条触手就抽进了救生艇，在正在变形的船体上留下一道暗色污迹
"Looking up, you see the remaining tentacles high above you, poised for the coup de grace",抬头望去，你看到其余的触手高高悬在你上方，准备给予致命一击
Abandon ship!,弃船！
"You lunge for Roland's arm, but he loses his grip and your fingers close only around thin air - you missed him by an inch",你扑向罗兰的手臂，但他松开了手，你的手指只抓住了空气——你差一点就抓住他了
He falls wordlessly downwards,他无声地坠落下去
You regard the tentacles with morbid fascination,你带着病态的着迷注视着那些触手
"Their colouration seems to shift and swim, and their tips are cruelly barbed",它们的颜色似乎在流动变幻，尖端长着残忍的倒钩
"They sway, almost hypnotically, before crunching into the ship again",它们摇曳着，几乎令人催眠，然后再次嘎吱作响地砸进船体
"One of the tentacles narrowly misses you, but the impact sends you flying overboard",其中一条触手险些击中你，但冲击力把你抛出了船外
"The impact of the water winds you, the waves pummel you down, the currents beseech you to go deeper",水面的冲击让你喘不过气，海浪把你往下捶打，水流恳求你沉得更深
Ever deeper,越来越深
Peaceful blackness,宁静的黑暗
The Terror of Idra,伊德拉之怖
"You rest your sword-arm, and survey the carnage",你放下持剑的手臂，环顾四周的惨状
Then suddenly a loud crash as something collides violently with the hull,突然，一声巨响，有什么东西猛烈地撞上了船体
Surviving mercenaries and crewmen alike fight to keep their footing as the ship lurches,幸存的雇佣兵和船员都在船身倾斜时拼命站稳脚跟
"Suddenly, huge, monstrous tentacles burst from the water around the ship",突然，巨大而狰狞的触手从船周围的水中破浪而出
"For a split-second, before the terror sets in, you wonder what Estavo must be thinking as the monstrosities loom over him",在恐惧袭来之前的一瞬间，你心想，当这些怪物逼近时，埃斯塔沃会作何感想
"You pace the main deck, as the coast of Idra sails into clear view",你在主甲板上踱步，伊德拉的海岸清晰地驶入视野
"You may have kept the crew alive, but they're still tense and skittish",你或许保住了船员的性命，但他们仍然紧张不安
"The ships captain catches your eye, and nods in gratitude",船长与你目光相接，感激地点了点头
There is a scream from the crow's nest,桅杆瞭望台传来一声尖叫
"Momentarily, you understand why - huge, monstrous tentacles have burst from the water around the ship",你瞬间明白了原因——巨大而狰狞的触手从船周围的水中破浪而出
You hear the captain cry out in terror as one of them wraps around his leg and plucks him from the deck,你听到船长惊恐地大叫，一条触手缠住了他的腿，把他从甲板上拽走
"After reaching their full height, the tentacles curve inwards and smash into the ship",触手伸到最高处后，向内弯曲，猛砸在船上
Some pierce straight through the deck - Others snap the masts like they were matchsticks,有些直接刺穿了甲板——另一些则像折断火柴棍一样折断了桅杆
You stand frozen in place,你僵在原地
"Through a haze of splintered wood and panicked screams, you notice Roland",透过纷飞的木屑和惊恐的尖叫，你注意到了罗兰
"He throws himself out of the way of a tentacle, but begins to fall overboard as the ship lurches once more",他躲开了一条触手，但船身再次倾斜时，他开始向船外跌落
Go to Roland's aid!,去救罗兰！
Leave Roland to his fate,任由罗兰自生自灭
"Through a haze of splintered wood and panicked screams, you watch as the tentacles rise for another strike",透过纷飞的木屑和惊恐的尖叫，你看着触手再次升起，准备下一次攻击
You notice a few of the mercenaries are rushing towards the lifeboats,你注意到几个雇佣兵正冲向救生艇
Join the mercenaries,加入雇佣兵
Observe the tentacles,观察触手
You reach the lifeboat just as the mercenaries begin lowering it into the sea,你赶到救生艇旁时，雇佣兵们正开始把它放下海
Estavo brandishes his sword at you,埃斯塔沃向你挥舞着剑
I think not,我看不行
Get in!,上来！
Estavo bellows,埃斯塔沃吼道
"If you're ok with doubling our fee, of course",“当然，如果你不介意把我们的酬金翻倍的话”
You watch as he is swallowed by the raging sea,你眼睁睁看着他被汹涌的大海吞没
"The ship is listing fatally - and you see the great tentacles high above you, poised for the coup de grace",船身致命地倾斜着——你看到巨大的触手高高悬在你上方，准备给予致命一击
"As you jump, you hear the terrible rending of wood giving in to flesh",你跳下时，听到木头在血肉面前可怕地撕裂的声音
Roland plummets wordlessly over the ship's rail,罗兰无声地从船舷坠落
"Meanwhile, you notice a few of the mercenaries are rushing towards the lifeboats",与此同时，你注意到几个雇佣兵正冲向救生艇
Follow the mercenaries,跟随雇佣兵
...............,...............
Sink,沉没
#IntroMutiny,#暴动序章
"The mercenary leader, Estavo, flicks his dark eyes to you, but keeps his blade fixed on the desperate captain",雇佣兵首领埃斯塔沃用他黑色的眼睛瞥了你一眼，但手中的刀剑仍指着绝望的船长。
There's a reason he's known as 'Fireblood' to his men,他在手下中被称作“烈血者”是有原因的。
Estavo,埃斯塔沃
You'll get your money but let me handle this,你会拿到你的钱，但让我来处理这件事。
Estavo - enough of the theatrics,埃斯塔沃——别再演戏了。
A cruel smile twitches into life on Estavo's wind-weathered face,埃斯塔沃饱经风霜的脸上浮现出一丝残忍的微笑。
There's only one rich noble girl,只有一个富有的贵族女孩。
But we can always find more sailors,但我们总能找到更多的水手。
The ship's captain bristles at these words,船长听到这些话，怒发冲冠。
"Captain, why have we not dropped anchor?",“船长，我们为什么还不抛锚？”
Mutiny,暴动
"You emerge onto the deck, and see two groups of men facing each other with weapons drawn",“你来到甲板上，看到两群人手持武器对峙着。”
The ship shakes violently in the grip of a storm as lightning tears across the sky,船在风暴中剧烈摇晃，闪电撕裂天空。
There is desperation in the captain's voice,船长的声音中带着绝望。
We are seasoned sailors - we do not balk at shadows!,我们是经验丰富的水手——我们不会因阴影而退缩！
You need to be alive to rescue this girl you speak of!,你得活着才能去救你所说的那个女孩！
We're out of time,我们没时间了。
"Sail us in, or argue the point with Estavo",“把我们驶进去，或者跟埃斯塔沃争论这一点。”
"You speak sense, Perhaps it is better to turn around?",“你说得有道理，也许掉头更好？”
Estavo!,埃斯塔沃！
Have at it!,动手吧！
A few of the ship's crew lower their weapons,几名船员放下了武器。
"The captain's eyes flit between you, and Estavo's murderous grin",“船长的目光在你和埃斯塔沃杀气腾腾的笑容之间来回扫视。”
"He sheathes his blade and speaks softly, his voice barely audible over the snapping sails",“他收起刀剑，轻声说道，声音几乎被噼啪作响的船帆盖过。”
So be it,那就这样吧。
May the deep have mercy,愿深海怜悯我们。
You gain 300 XP,你获得了300经验值。
Hah!,哈！
Theatrics you say?,你说演戏？
It is not my men who cower like children!,像孩子一样畏缩的可不是我的人！
For what?,为了什么？
Shadows in the water?,水中的阴影？
Shadows will not keep me from my pay!,阴影休想阻止我拿到报酬！
I refuse to stand by and let you butcher the crew,我拒绝袖手旁观，任由你屠杀船员。
Do as you wish,随你便。
Estavo's grin begins to show teeth as he hears your words,埃斯塔沃听到你的话，笑容中开始露出牙齿。
The color drains from the Captain's face,船长的脸色变得苍白。
There is a moment's silence then a crash and a shudder as something strikes the ship's hull,片刻的寂静之后，一声巨响和震动传来，有什么东西撞上了船体。
"In the confusion, a mercenary's throwing dagger flies; lodging in a sailor's throat",“混乱中，一名雇佣兵的飞刀飞出，扎进了一名水手的喉咙。”
Fight the crew,与船员战斗。
"Estavo lets out a short, hoarse laugh",“埃斯塔沃发出一声短促、嘶哑的笑声。”
"Danger, I don't mind",“危险，我不在乎。”
Working for fools - that's how people get killed,为蠢货卖命——那才是送命的原因。
"Before you can reply, Estavo whistles, and his men charge at you and the ship's crew!",“你还没来得及回答，埃斯塔沃吹了声口哨，他的手下就向你与船员们发起了冲锋！”
Fend off the mercenaries,击退雇佣兵。
"Amidst the din of the storm and their frantic arguments, you bellow for the attention of the assembled crewmen and mercenaries",“在风暴的喧嚣和他们疯狂的争吵声中，你大声呼喊，吸引聚集的船员和雇佣兵的注意。”
"Both the ship's Captain, and the leader of the mercenaries you hired - a coarse, thug of a man named Estavo - turn their attention to you",“船长，以及你雇佣的雇佣兵首领——一个名叫埃斯塔沃的粗鲁暴徒——都将注意力转向了你。”
They look ready to use the unsheathed weapons in their hands at the slightest provocation,他们看起来随时准备在稍有挑衅的情况下就使用手中出鞘的武器。
Address the ship's captain,对船长说话。
Address the mercenary leader,对雇佣兵首领说话。
You direct your attention to the ship's captain,你将注意力转向船长。
"You know him to be a reasonable, but suggestible man",“你知道他是个通情达理，但容易受他人影响的人。”
"At present, his usually placid eyes are wild with panic - or anger",“此刻，他平时平静的眼睛里充满了恐慌——或是愤怒。”
I paid you for passage to the shore - did I not?,我付了钱让你送我们上岸——不是吗？
Why have we not dropped anchor?!,我们为什么还不抛锚？！
"The captain lowers his weapon, and speaks earnestly",“船长放下武器，恳切地说道。”
The coast of Idra is cursed!,伊德拉的海岸被诅咒了！
"We'd heard tales, and assumed them grog-drenched rumors only - but there is something between us and the shore that will drag us all to a watery grave!",“我们听过传说，以为那只是喝醉后的谣言——但海岸与我们之间确实有什么东西，会把我们都拖进水墓！”
What are you talking about?,你在说什么？
What have you seen?,你看到了什么？
"We must sail on, to land and the girl",“我们必须继续航行，前往陆地，找到那个女孩。”
Something dire stalks these shores,某种可怕的东西在这片海岸徘徊。
We cannot approach without risking the ire of that horror,我们不能冒险靠近，以免激怒那恐怖之物。
A jittery mutter of agreement rises from the sailors causing Estavo's eyes to darken even further,水手们发出一阵紧张不安的赞同低语，这让埃斯塔沃的眼神更加阴沉。
What horror?,什么恐怖之物？
Captain!,船长！
Take us closer or there will be consequences!,带我们靠近点，否则后果自负！
Naught but glimpses,只是瞥见而已。
"My men have seen the shadow of something deep in water, stalking us",“我的人看到了深水中有什么东西的影子，在跟踪我们。”
Nothing natural moves like that,自然之物不会那样移动。
Estavo glares murderously at the captain,埃斯塔沃杀气腾腾地瞪着船长。
You renege on our deal based on a glimpse?,你因为瞥见一眼就违背我们的约定？
Foolish superstition!,愚蠢的迷信！
Take us in now!,现在就带我们进去！
Do as you wish!,随你便！
Estavo turns his steely gaze from you to the captain,埃斯塔沃将钢铁般的目光从你身上转向船长。
"Let me spell this out for you, sea-dog - we contracted to rescue the girl",“让我给你说清楚，老海狗——我们签了合同要救那个女孩。”
"But if you don't get us to the shore, we'll gut you for free",“但如果你不把我们送上岸，我们就免费给你开膛破肚。”
The mercenaries you hired all shift their weight in anticipation of making good on that promise,你雇佣的雇佣兵们都调整了重心，准备兑现那个承诺。
Captain - he's right,船长——他说得对。
Do what you were hired to do!,做你被雇来该做的事！
Convince the man!,说服这个人！
Something changes in the Captain's expression,船长的表情发生了变化。
He stands tall,他挺直了身子。
I will not order my ship and my men to certain doom!,我不会命令我的船和我的手下走向必然的灭亡！
We shall not get any closer to the coast while I have command,只要我还指挥，我们就不会再靠近海岸。
I'm sorry captain,对不起，船长。
You leave us no choice,你让我们别无选择。
"I defer to your judgement, captain",“我听从你的判断，船长。”
Estavo - stand down,埃斯塔沃——退下。
I believe you - but my contract with these men does not mention your survival,我相信你——但我和这些人的合同里可没提到你的死活。
#IntroRats,#IntroRats
You stop dead as you narrowly avoid stepping in a rust-red puddle,你猛地停住，险些踩进一滩锈红色的水洼，
"The stench of blood fills your nostrils and as you look around in the dim light of the hold, you realize someone, or something fought for their life here",血腥味充斥着你的鼻腔，当你借着船舱里昏暗的光线环顾四周时，你意识到有人，或有什么东西曾在这里拼死搏斗，
"The same moment the thought hits you, a hiss sounds from the shadows!",就在这个念头闪过你脑海的同一瞬间，阴影中传来一声嘶嘶声！
"You squint towards the shadows as a hunched, feral looking form slowly slinks forwards",你眯起眼朝阴影处看去，只见一个佝偻着身子、野性十足的身影缓缓地向前潜行，
"Tiny, disgustingly human-like hands, yellow fangs and a grotesquely dexterous pink tail leave no doubt of the creature's rodent nature",那细小、令人作呕的类人手掌，黄色的獠牙，以及那条灵活得怪异的粉红色尾巴，毫无疑问地揭示了这生物属于啮齿类，
"Though as it emerges from the shadows, it becomes abundantly clear that what may have started life as a common ship-rat, has now grown into something that has no right to exist",然而，当它从阴影中完全现身时，事情变得再清楚不过：这个或许原本只是普通船鼠的生物，如今已长成了某种本不该存在的怪物，
A second hiss sounds behind you and the abominations lunge at you!,第二声嘶嘶声在你身后响起，那些畸形生物向你扑来！
#IntroRoland,#IntroRoland
Roland,罗兰
You emerge onto the ship's lower deck,你来到船的下层甲板
As your eyes adjust to the darkness you become aware of a hulking figure standing in the shadows,当你的眼睛适应黑暗时，你注意到阴影中站着一个魁梧的身影
{PLAYER}!,{PLAYER}！
Here at last,终于来了
growls a rough voice,一个粗哑的声音咆哮道
Who’s there?,谁在那儿？
Show yourself!,现身吧！
Freeze and listen carefully,别动，仔细听
Lunge at the figure,扑向那个身影
Have you lost your bloody mind?!,你他妈的疯了吗？！
Nobody is going to feel calmer for seeing you,没人会因为看到你而感到更安心
"Until you hear screams, stay here",“在你听到尖叫之前，待在这里”
You're right,你说得对
Follow me!,跟我来！
"Fine, and be careful - I hear it's bad luck to kill a guild-sailor",“好吧，小心点——我听说杀死公会水手会带来厄运”
Feeling jumpy?,感到紧张吗？
the brute growls with a smile,那个粗人微笑着咆哮道
Roland?!,罗兰？！
Why're you skulking in the shadows?,你为什么在阴影里鬼鬼祟祟的？
You tend to have that effect on people,你总是对人有这种影响
Where are we?,我们在哪儿？
"And you'll regret not stopping our boys from murdering them, if you don't get to the damn deck",“如果你不到那该死的甲板上去，你会后悔没有阻止我们的人杀了他们”
"Besides, we'll need an escape route",“此外，我们需要一条逃生路线”
Agreed,同意
"They deserve disciplining, not death",“他们应该受纪律处分，而不是死亡”
Listen,听着
I've been doing this since you were at the teat,我从你还在吃奶的时候就在干这个了
Let’s go,我们走
For all the good it will do,尽管这没什么用
"Wait here, Roland",“在这儿等着，罗兰”
"There are two doors ahead - take the left, and we should be able to sneak past them without any trouble",“前面有两扇门——走左边，我们应该能毫不费力地溜过去”
Anything else I should know?,还有什么我应该知道的吗？
Famous last words,这话可不吉利
"The figure in the shadows twists nimbly past your clumsy lunge, before thick arms wrap around your neck in a vice-like grip",“阴影中的身影敏捷地躲过你笨拙的扑击，然后粗壮的手臂像老虎钳一样箍住你的脖子”
Your assailant could surely snap your neck in an instance,袭击你的人肯定能瞬间扭断你的脖子
"Just as your vision begins to narrow and your legs go limp, he relases you and you stumble forewards before spinning around",“就在你的视野开始变窄、双腿发软时，他放开了你，你踉跄向前，然后转过身来”
Who's there?,谁在那儿？
It’s Roland,是罗兰
Where the tides have you been?,你他妈的去哪儿了？
Why are you skulking around?,你为什么鬼鬼祟祟的？
"Below decks, planning our landing",“在甲板下面，计划我们的登陆”
Why?,为什么？
Mind your own fucking business!,管好你自己的事！
What's going on?,怎么回事？
The brute chuckles,粗人轻笑道
Shadows suit a face like this just fine,阴影很适合我这张脸
No matter,没关系
There is trouble and you’re needed on deck,有麻烦了，甲板上需要你
Now,现在
What for?,为什么？
What’s all that noise?,那是什么声音？
Have we arrived?,我们到了吗？
Let's get this over with,让我们把这事了结吧
"The island is in sight, but the damn guilders refuse to land",“岛屿就在眼前，但那些该死的公会成员拒绝登陆”
They want to turn back,他们想掉头回去
If we turn back - we lose our shot at the girl,如果我们掉头——我们就失去了抓住那女孩的机会
Did they say why?,他们说了为什么吗？
Ha,哈
the old veteran grunts in what passes as laughter for him,这位老练的战士咕哝着，这对他来说就算是笑了
Only superstitious bilge,只是迷信的胡话
They claim they saw something in the water,他们声称在水里看到了什么东西
"Either way, our boys are about to show them some very real steel",“不管怎样，我们的人就要让他们见识见识真刀真枪了”
If we can't land - we lose our shot at the girl,如果我们不能登陆——我们就失去了抓住那女孩的机会
I knew I'd regret chartering a guilder ship,我就知道我会后悔租了一艘公会的船
And no-one gets paid,而且没人能得到报酬
"Listen here, I know our boys better than most",“听着，我比大多数人都更了解我们的人”
We've hired them to go to Idra and kill,我们雇他们去伊德拉杀人
"If we don't pay them, things will go bad quickly",“如果我们不付钱给他们，事情很快就会变糟”
But the sailors are bloody terrified,但水手们吓得要死
They claim something is hunting us,他们声称有东西在追猎我们
Wait,等等
"There're a few sailors up ahead, rattled as a pair of rabbits",“前面有几个水手，像一对兔子一样惊慌失措”
"We're not here to make friends, if that's what you're suggesting",“我们不是来交朋友的，如果你是这个意思的话”
Is there a way past them?,有办法绕过他们吗？
Spill sailor-blood and the guild will want to make you pay,让水手流血，公会会让你付出代价
"Take the left door ahead, and spare us some trouble, and a pay cut",“走前面左边的门，省得我们惹麻烦，也省得被扣钱”
Perhaps,也许吧
Anything else you feel compelled to tell me?,还有什么你觉得必须告诉我的吗？
Let's just get off this bloody boat,我们赶紧离开这该死的船吧
"Motioning for you to take the lead, Roland falls in behind you.'",“罗兰示意你带路，然后跟在你身后。”
From above agitated shouts can be heard,从上方传来激动的喊叫声
Why,为什么？
#IntroShipAwaken,#序章船内苏醒
The Zephyr,西风号
"On the wine-dark, raging seas of the Outer Isles, a lone caravel struggles against the winds and waves towards the accursed island of Idra",在外岛群酒暗色、汹涌的海面上，一艘孤零零的卡拉维尔帆船正与风浪搏斗，驶向被诅咒的伊德拉岛
The moan of creaking timbers,嘎吱作响的木料发出呻吟
The tang of preserved fish,腌鱼的强烈气味
Your eyes slowly adjust to the darkness of the ship's dimly lit hold,你的眼睛慢慢适应了船舱里昏暗的光线
"Suddenly, something strikes the hull and the ship rocks violently",突然，有什么东西撞上了船体，船剧烈摇晃起来
Your heart begins to pound and a feeling of unease grows in your stomach,你的心开始怦怦直跳，胃里涌起一阵不安
"Rise, well rested and ready to go",起身，休息充分，准备出发
"Get up, mouth dry and head pounding",起床，口干舌燥，头痛欲裂
Rouse yourself from deep meditation,从深度冥想中唤醒自己
You get to your feet and become aware of agitated voices shouting up on deck,你站起身来，听到甲板上传来激动的喊叫声
Something is not right,有些不对劲
You should make your way up top and get a bearing on the situation,你应该到上面去，弄清楚情况
Be on your way,出发吧
WARNING,警告
You are about to skip the intro and go straight to the mainland,你即将跳过序章，直接前往大陆
This is for PLAY-TESTING only and it is not the intended experience!,这仅用于游戏测试，并非预期的体验！
Never mind!,算了！
SKIP INTRO,跳过序章
#IntroShipLockedDoor,#IntroShipLockedDoor
A Locked Door,一扇上锁的门
"To your surprise, you realize that this door has been locked from the outside!",你惊讶地发现，这扇门竟然是从外面锁上的！
It doesn't budge - perhaps you could slip the lock with a thin blade or use something to smash it?,它纹丝不动——也许你可以用薄刃撬开锁，或者用什么东西砸开它？
Use Dagger,使用匕首
Use Club,使用棍棒
"As the door swings open, you can now clearly make out cries from the deck above",随着门打开，你现在能清楚地听到上方甲板传来的哭喊声
You should make haste,你得赶快
You slip the dagger through a gap in the door and lift the bar that was locking you in,你把匕首从门缝里伸进去，挑起了把你锁在里面的门闩
The door begins to creak open,门开始吱呀作响地打开
"Using the club, you smash the lock in a fell swoop",你用棍棒一下子砸开了锁
#IntroSurgeonJournal,#船医日志引言
Surgeon's Journal,船医的日记
Written on the day of departure from mainland,写于离开大陆的那一天
Left Adler's Helm today with a full cargo of passengers,今天满载乘客离开了鹰盔堡
Mercenaries by the looks of it,看起来像是雇佣兵
Paid well,报酬丰厚
Ship was dispatched by Guild before we could fully restock medical supplies,船在公会派遣前我们还没来得及充分补充医疗物资
Hopefully we won't need them,希望我们用不上它们
"Then again, our passengers make me uneasy",不过话说回来，我们的乘客让我感到不安
Writtern 5 days ago,5天前写的
Brawl in mess - had to set nose,食堂斗殴——不得不接好鼻子
Men seem on edge,船员们似乎很紧张
"Also, Igan came to me today with a bite-wound that he sustained whilst working in the hold",另外，伊根今天来找我，他在货舱工作时被咬伤了
Didn't see creature and I would say it was a rat's bite if it weren't for the size and some aspect of the dentition that I find hard to explain properly,没看到那生物，要不是因为伤口大小和齿痕的某些特征让我难以解释清楚，我会说那是老鼠咬的
I recommend captain sends detail to capture and kill creature,我建议船长派一队人去捕捉并杀死那生物
Written two days ago,两天前写的
Was visited today by navigator Aslam,今天航海长阿斯拉姆来找我
He asked for Whitefern - a sedative,他要白蕨——一种镇静剂
Claimed he had trouble sleeping,声称他难以入睡
"Suspected he was not fully forthcoming and when pushed, he mumbled something about the stars being 'odd'",我怀疑他没有完全说实话，当我追问时，他嘟囔着说星星有些‘古怪’
Not sure what he meant and he left before I could push him further,不确定他是什么意思，我还没来得及进一步追问他就离开了
Written today,今天写的
Men are about to break,船员们快要崩溃了
We cannot maintain our course for Idra,我们无法维持前往伊德拉的航线
Captain advised me today to make ready the surgery and to expect casualties,船长今天通知我准备好手术，并预计会有伤亡
I suspect he intends to inform our passengers that he refuses to land on the island,我猜他打算告诉乘客们他拒绝在那个岛上登陆
If this is my last,如果这是我的最后一篇，
The entry trails off,记录到此中断，
#IntroVilla,#IntroVilla
One you recognize immediately,你一眼就认出了她，
Valeria Berryn - the mistress of the house,瓦莱里娅·贝林——这座宅邸的女主人，
You remember her as a gray ghost,你记忆中的她如同一个灰暗的幽灵，
Absent and unwell,心不在焉，病体恹恹，
The other statue depicts the girl you once knew so well,另一尊雕像刻画的是你曾经无比熟悉的那个女孩，
"Embla Berryn - daughter of the house, and now a woman grown strong and clear-eyed - her likeness has none of her mother's cowed timidness",“恩布拉·贝林——贝林家之女，如今已长成一位坚强而目光清澈的女子——她的雕像上丝毫不见她母亲那种畏缩怯懦的神情”，
How is mistress Valeria these days?,瓦莱里娅夫人近来可好？
How fares Embla?,恩布拉怎么样了？
The mistress is 'vacationing' in the countryside,夫人正在乡间“休养”，
Lyra answers curtly,莱拉简短地回答，
And what of Embla?,那恩布拉呢？
Lyra's eyes flicker ever so slightly,莱拉的眼神微微闪烁了一下，
We should hasten to Master Berryn - he's long been impatient to see you,我们得赶紧去见贝林大人——他早就等不及要见你了，
But what of mistress Valeria?,但瓦莱里娅夫人呢？
Memories,回忆，
"The opulence is faded, the shadows longer - clearly much has changed since the last time you were here",“昔日的奢华已然褪色，阴影拉得更长——显然，自你上次来此之后，这里已发生了许多变化”，
Try to remember how long it's been,试着回想一下已经过去了多久，
I didn't come here to reminisce,我不是来此怀旧的，
The Statues,雕像，
Flanking the doorway are two marble statues,门口两侧立着两尊大理石雕像，
"The craftsmanship is stunning, but the sight of the two women depicted fills you with sadness",“工艺令人惊叹，但看到所描绘的这两位女子，你心中充满了悲伤”，
Examine them,仔细端详它们，
"It's been years, perhaps decades since you were here, not since your father was the house arms-master",“你离开这里已有多年，或许几十年了，自从你父亲担任这座宅邸的军械长之后，你就再没回来过”，
Not since,自从那以后，
You must have your wits about you and perhaps now is not the time to dwell on painful memories?,你必须保持清醒，也许现在不是沉湎于痛苦回忆的时候？
Not since your father's exile,自从你父亲被放逐之后，
You were no more than 12 when you were driven from the household,你被赶出家门时不过十二岁，
Hard were the years that followed; the mercenary life is bloody and unforgiving,随后的岁月异常艰辛；佣兵生涯充满血腥，毫不留情，
"Those years stole your childhood, and eventually they took your father too",“那些年夺走了你的童年，最终也夺走了你的父亲”，
"But your father had always insisted, to his dying breath, that his failure had been his own - that he had gotten the fate he deserved",“但你父亲至死都坚持说，他的失败是他自己的过错——他得到了应得的命运”，
The memories are painful nonetheless,尽管如此，回忆依然令人痛苦，
The villa of Lord Cato Berryn,卡托·贝林领主的宅邸，
Fat insects buzz lazily about in the warm and peaceful evening,温暖宁静的傍晚，肥硕的昆虫懒洋洋地嗡嗡飞舞，
"Still, there is a chill that creeps into your very core; as if somewhere, you are fighting for your life in the dark depths",“然而，一股寒意悄然渗入你的骨髓；仿佛在某个地方，你正在黑暗的深渊中为自己的生命而战”，
#IntroVIllaKitchen,#IntroVIllaKitchen
You enter the kitchen and a pair of scullions offer a hurried bow,你走进厨房，两个帮厨匆忙地鞠了一躬，
"It's all so much quieter, emptier, and gloomier than you remember",这里比你记忆中安静得多、空旷得多，也阴沉得多。
"Of course, Old Magda is no longer where she used to be - sitting by the oven, kind, red-faced and tending a shank of lamb",当然，老玛格达已不在她往常的位置——坐在烤炉旁，慈祥地红着脸，照看着一只羊腿。
Reminisce,回忆
"You remember the matronly woman as she sat, humming to herself, pouring fat over the roasting meat",你记得那位主妇般的女人坐在那里，自顾自地哼着歌，把油脂浇在烤肉上。
"Child, come here, will you?",“孩子，过来一下，好吗？”
Magda was always a beacon of kindness in a childhood where such qualities were few and far between,在你那善良品质少之又少的童年里，玛格达始终是一座仁慈的灯塔。
Go to Magda,走向玛格达
Magda clasps you gently with her tubby hand,玛格达用她胖乎乎的手轻轻握住你，
Have you eaten yet?,你吃过了吗？
"Before you can answer, she produces a small bundle of treats from her apron and hands it to you",你还没来得及回答，她就从围裙里掏出一小包点心递给你。
"As son to the Master-at-Arms for the great House Berryn, you did not go wanting - materially, at least",作为伟大的贝林家族军械士之子，你并不缺吃少穿——至少在物质上是如此。
"As daughter to the Master-at-Arms for the great House Berryn, you did not go wanting - materially, at least",作为伟大的贝林家族军械士之女，你并不缺吃少穿——至少在物质上是如此。
Thank you,谢谢你
Magda looks at you with kind eyes as you pick at the bundle,玛格达用慈祥的目光看着你，你一点点地吃着那包点心。
He's here again,他又来了
Down in the cellar,在地窖里。
"He's not so good, m'child",“他情况不太好，孩子。”
"Sleeping now, but it would be best if you got him to bed afore his men see him like this",“现在睡着了，但你最好在他手下人看到他这副样子之前把他弄到床上去。”
Again,又来了
The knot in your stomach is as real now as it was when you were,你胃里的那个结，现在和你当时一样真实，
I'll go get him,我去找他
"Don't worry, he won't make a fuss",“别担心，他不会闹的。”
He just needs time,他只是需要时间
"You know, {PLAYER}, deep wounds take a long while to heal",“你知道，{PLAYER}，深深的创伤需要很长时间才能愈合。”
The old woman turns back to her meat and resumed her meandering humming,老妇人转身继续照看她的肉，又哼起了那随意的曲调。
The sound of a man clearing his throat snaps you back out of your reminiscing,一个男人清嗓子的声音把你从回忆中拉了回来。
May I help you m'lord?,需要帮忙吗，大人？
May I help you m'lady?,需要帮忙吗，夫人？
the man in a chef's outfit offers in a hoarse voice,那个穿着厨师服的男人用沙哑的声音问道。
#IntroVillaLyra,#IntroVillaLyra
I suppose you do but I'll escort you nonetheless,我想你认识路，但我还是会陪你走
A flicker of a smile plays across her face and she beckons for you to lead the way,她脸上闪过一丝微笑，示意你带路
Lyra,莱拉
A woman stands before the main entrance to the villa,一位女子站在别墅正门前
"Her posture speaks of a graceful, coiled power - that of a duelling ace",“她的姿态透露出一种优雅而蓄势待发的力量——宛如一位决斗高手”
No doubt she is the new master-at-arms for house Berryn,毫无疑问，她就是贝林家族的新任军械长
"As you approach, she offers a quick, neat bow, just low enough to be respectful",“当你走近时，她迅速而利落地鞠了一躬，恰到好处地表达了敬意”
Greetings {PLAYER},你好，{PLAYER}
Master Cato welcomes you back to House Berryn,卡托大人欢迎你回到贝林家族
The Master is eager to meet with you and is ready at your leisure,大人急于见你，随时恭候
"However, if you wish to refresh yourself first, he suggests you visit the kitchen for some food and then perhaps walk the grounds and gardens?",不过，如果你想先梳洗休息一下，他建议你去厨房吃点东西，然后或许在庭院和花园里走走？
I wish to see Cato right away!,我想立刻见卡托！
I shall explore a bit,我先四处看看
Why have I been summoned?,为什么召我来？
The Maze?,迷宫？
That is for the Master himself to answer,这得由大人亲自回答
And he will soon enough,他很快就会回答的
"For now though, please, get some food and look around",“不过现在，请先去吃点东西，四处看看”
I'm sure old Kydeon would be happy to see you if you've not talked to him aready,如果你还没跟老凯迪恩聊过，我相信他会很高兴见到你
I would rather go directly to Cato,我更想直接去见卡托
"If it pleases you, the Master is in his office, just ahead",“如果你愿意，大人就在前面的办公室里”
And note,还有，请注意
"Once you meet with the Master, things may move quickly and you may not have another chance to walk the grounds",“一旦你见了大人，事情可能进展很快，你可能就没有机会再逛庭院了”
"Yes, I remember the way",“是的，我记得路”
I'd prefer to go alone,我更喜欢一个人去
"On second thought, I'd rather explore a bit more first",“转念一想，我还是先多逛逛吧”
Excellent,好极了
"Though I'm sure you still know your way around the grounds, the kitchen is in the building to the east, and the garden and hedge maze, is to the west",“虽然我相信你对庄园的路仍然熟悉，但厨房在东边的建筑里，花园和树篱迷宫在西边”
Come back and check in with me in once you've stretched your legs,等你活动完筋骨，回来找我报到
Are you ready for Master Cato or do you wish to wander around a bit more?,你准备好见卡托大人了，还是想再逛逛？
Have you eaten?,你吃过了吗？
Or perhaps see the hedge maze if the darkness does not scare you?,或者去看看树篱迷宫，如果黑暗吓不倒你的话？
It would scare me less if you joined me?,如果你陪我，我就没那么害怕了？
Let's go see the Master,我们去见大人吧
There you are,你来了
"If your nostalgia is appeased, the Master will see you now",“如果你的怀旧之情得到了满足，大人现在可以见你了”
Let's go see Cato,我们去见卡托吧
Just a moment!,稍等！
I have a few more things to do,我还有几件事要做
This estate was your home for many years; despite the circumstances you left it,这座庄园曾是你多年的家；尽管你离开时情况特殊
Perhaps the Master feels it would do you good to revisit some old memories?,也许大人觉得重温一些旧日回忆对你有好处？
Lyra's eyes narrow in a barely perceptible frown,莱拉的眼睛微微眯起，几乎察觉不到地皱了下眉
Or some old ghosts,或者一些旧日幽灵
What does Cato want with me?,卡托找我做什么？
Perhaps it would,也许吧
Under no circumstance,绝不
Now if you will excuse me,现在，请恕我失陪
"Just as your vision begins to narrow and your legs go limp, he releases you and you stumble forewards before spinning around",就在你的视野开始变窄、双腿发软之际，他松开了你，你踉跄向前，然后转过身来
#IntroVillaMaze,#IntroVillaMaze
You stand at the center of the maze,你站在迷宫的中心
"It feels much less impressive than you remember - the ornamental pond was once an ocean, the rock at its heart a wind-swept island",“感觉远不如你记忆中那般壮观——那个装饰性的池塘曾是一片海洋，池心的岩石曾是狂风肆虐的岛屿”
"You found me, day-dreamer",“你找到我了，白日梦想家”
"You remember the tone of her voice, and can almost see the impish, 10-year old girl wading through the pond",“你记得她说话的语气，几乎能看见那个顽皮的10岁女孩在池塘里涉水”
Why do you always come here?,你为什么总来这里？
I like the water,我喜欢水
It's so calm,它如此平静
Embla shoots you a mischievous look,恩布拉向你投来一个调皮的眼神
You notice the faintest tang of ozone,你察觉到一丝极淡的臭氧味
"She makes a slow motion hop through the water, her fingers trailing the pond's surface",“她缓缓地在水里跳了一下，手指划过池塘的水面”
"Where water and skin meet, strange colors bleed and spread across the surface",“在水与肌肤相接之处，奇异的颜色渗出并在水面上蔓延开来”
"Embla, you'll get in trouble, stop it!",“恩布拉，你会惹麻烦的，快停下！”
Embla moves her fingers across the water's surface like a painter's brush,恩布拉的手指像画家的画笔一样划过水面
"Colors spill across the pond and for a sleeping moment, you fancy that you can see cloud-topped mountains",“色彩在池塘上泼洒开来，在恍惚的一瞬间，你仿佛看见了云雾缭绕的山峦”
"Or was it the ramparts of an impossibly large city, reaching towards the heavens?",“抑或那是一座大得不可思议的城市城墙，直插云霄？”
"The silence is shattered by a shout, along with the beguiling images",“一声喊叫打破了寂静，也驱散了那些迷人的景象”
Mistress Embla!,恩布拉小姐！
"The Master requests you in the house, immediately!",“老爷请您立刻到屋里去！”
That's my father,那是我父亲
Something's wrong,出事了
It's mother,是母亲
She's 'ill' again,她又“病”了
I think I cause it - with what I can do,我想是我造成的——用我的能力
It poisons her mind,它毒害了她的心智
How long until mother isn't...mother?,还要多久母亲就不再是……母亲了？
"Or until father isn't lord, or your father isn't Master-at-Arms?",“或者直到父亲不再是领主，或者你的父亲不再是侍卫长？”
How long will any of it last?,这一切还能持续多久？
Why're you talking like this?,你为什么这么说？
I don't know,我不知道
No one does,没人知道
Everything falls apart in the end,一切最终都会分崩离析
Do you ever feel like everything is a lie?,你有没有觉得一切都是谎言？
"Like there's a veil that covers everything, but in some parts it's thin enough to see through?",“就像有一层帷幕笼罩着一切，但在某些地方薄得足以看穿？”
Embla starts as your father steps breathily into the enclosed garden,恩布拉吓了一跳，你的父亲气喘吁吁地走进封闭的花园
He's red-faced from exertion and anger,他因劳累和愤怒而满脸通红
"Young lady, you can't run off like this, the whole estate is looking for you!",“小姐，你不能这样跑掉，整个庄园都在找你！”
Your mother is ill and needs you,你母亲病了，需要你
Your father shoots you a stern glance,你父亲严厉地瞥了你一眼
I'll deal with you later,我回头再跟你算账
"Embla says nothing as your father grabs her by the arm and hauls her past you, back to the house",“恩布拉一言不发，你父亲抓住她的胳膊，拖着她经过你身边，回屋里去了”
She doesn't meet your eyes as you pass,她经过时没有看你的眼睛
"Finding yourself back in the present, a chill has crept into your bones",“回到现在，一股寒意已渗入你的骨髓”
You best move on,你最好继续前进
You stand before the gate to the hedge maze,你站在树篱迷宫的大门前
It stirs old feelings of both dread and elation,它唤起了既恐惧又兴奋的旧日情感
"The sounds and smells of the estate grounds - as they were long ago - call to you from distant memory, You feel you could easily plunge into their depths",“庄园里的声音和气味——如同很久以前那样——从遥远的记忆中呼唤着你，你觉得自己可以轻易地沉入它们的深处”
"Let yourself go, and remember",“放开自己，去回忆吧”
Which day-dream is it this time?,这次又是哪个白日梦？
Are you valiantly defending me from rebels again?,你又在英勇地保护我免受叛军伤害吗？
"Embla throws a pine cone at you, snapping you from your reverie",“恩布拉朝你扔了一个松果，把你从遐想中惊醒”
"She's 10 years old, and you're a year her senior",“她10岁，你比她大一岁”
"Let's play hide and go seek in the maze, I'll hide!",“我们在迷宫里玩捉迷藏吧，我来躲！”
You faintly hear someone yell her name from the distance,你隐约听到远处有人喊她的名字
You better run Star-child!,你最好快跑，星之子！
Only my mother ever calls me that,只有我母亲那样叫我
"Embla says, frowning",“恩布拉皱着眉头说”
Where did you hear it from?,你从哪里听来的？
"Before you can reply, she flings another pine-cone at you and darts off into the maze",“你还没来得及回答，她又朝你扔了一个松果，然后飞快地跑进了迷宫”
Give chase,追上去
You hear a man's voice yell Embla's name again - much closer now,你听到一个男人的声音再次喊恩布拉的名字——这次近多了
"Either way, she's lost to you in the winding passages of the hedge maze",“无论如何，她在树篱迷宫蜿蜒的通道中消失在你眼前”
"Your memory tugs at you, urging you on to the center of the maze",“你的记忆拉扯着你，催促你前往迷宫的中心”
#IntroVillaStealth,#IntroVillaStealth
Lyra closes the doors to the dining hall,莱拉关上了餐厅的门
Let's not keep master Cato waiting,别让卡托大人久等
The finality in her voice leaves no room for discussion,她语气中的决绝不容置喙
Lyra clears her throat behind you,莱拉在你身后清了清嗓子
Not that way,不是那边
"If you don't mind, the master's office lies through here",如果你不介意，大人的书房要从这边走
She motions to the left,她向左示意
Do you mind if I look around a bit?,你介意我四处看看吗？
Master Cato has summoned you and I don't intend to keep him waiting,卡托大人召见你，我可不想让他等着
"Besides, there is no need for you to disturb the servants in their tasks",再说，你也没必要打扰仆人们干活
I'll be silent as the night!,我会像夜晚一样安静！
Lyra goes still for a fraction of a second as if sensing something beyond just your perception,莱拉静止了一刹那，仿佛感知到了某种超出你察觉的东西
Then her eyes narrow and a mischievous smile plays across her features,接着她眯起眼睛，脸上浮现出一丝顽皮的笑容
Through the dining hall lies the hearth,穿过餐厅就是壁炉
A beast lurks there,那里潜伏着一头小畜生
I wager you cannot make your way past the servants in the dining hall and sneak up on this beast without being noticed?,我打赌你没法穿过餐厅里的仆人，偷偷接近这头小畜生而不被发现？
What shall we wager?,我们赌什么？
On second thought,转念一想
We'll decide that once we see if you can be as quiet as you claim,等我们看看你是否真像自己说的那样安静，再决定赌注
The dining hall and hearth lies ahead,餐厅和壁炉就在前方
And mind your steps,留心你的脚步
I'll only give you one chance!,我只给你一次机会！
"And the glory shall be yours, sneak-thief!",荣耀将归于你，潜行盗贼！
She feigns a silent applause and leads you on your way,她假装无声地鼓掌，然后带你上路
Lyra spins around and for a moment you fear she's going to punch you,莱拉猛地转身，一瞬间你担心她要揍你
Abruptly she leans in and whispers in your ear,她突然凑过来，在你耳边低语
"In that case, we shall save it for when you return from your assignment",那样的话，我们等你完成任务回来再说
Now let's go,现在走吧
Lyra continues to walk in silence,莱拉继续默默前行
"You're unsure if she heard you, but then again you get a strong feeling it's better to let the issue lay",你不确定她是否听见了，但你又强烈地感觉到，最好还是别追究了
Continue with your tail between your legs,夹着尾巴继续走吧
Very well!,很好！
Lyra places a coin in her open palm,莱拉把一枚硬币放在摊开的手掌上
Attempt to grab it,试着去抓它
"Despite several attempts, you fail to snatch the coin from her",尽管试了好几次，你都没能从她手中抢走硬币
You fail because you are waiting for the right moment to strike,你失败是因为你在等待出手的恰当时机
"Instead, you must strike in the void between moments",相反，你必须在刹那之间的空隙中出击
Ponder this,好好想想
"Now, let’s go",好了，走吧
Lyra laughs and pats Roland on the shoulder,莱拉笑着拍了拍罗兰的肩膀
"{PLAYER}, I present Roland Grayeye",{PLAYER}，这位是罗兰·灰眼
A man you should pray to always fight alongside and never against,一个你应当祈祷永远并肩作战、永不与之为敌的人
"Roland offers up a large, battle-worn hand and his grasp is surprisingly soft as you clasp it",罗兰伸出一只饱经战阵的大手，你握住时，他的力道却出奇地轻柔
You realize he’s making an effort not to harm you with the gesture,你意识到他是在努力不让这个动作伤到你
Good to see I’m not alone in waiting on the rich and noble,很高兴我不是唯一一个伺候有钱贵族的
His mouth contorts into something resembling a smile,他的嘴扭曲成一个类似微笑的表情
Have you been summoned as well?,你也是被召来的吗？
"You whirl around to the left, grasping instinctively at the weapon that isn't hanging by your side",你猛地向左转身，本能地去抓那柄没挂在身边的武器
Blood rushes to your head and your mouth goes dry,血液冲上头顶，嘴巴发干
You see nothing,你什么也没看见
In the corner of your eye you register Lyra rolling her eyes,眼角余光瞥见莱拉翻了个白眼
A slow rumbling laugh sounds from the opposite corner as a hulking shadow emerges,对面角落里传来一阵缓慢低沉的轰笑，一个庞大的阴影浮现出来
Don’t feel bad,别难过
"All it would have bought you, was time to see the killing blade",它最多只能给你争取到看见致命刀剑的时间
"You whirl around to the right, grasping instinctively at the weapon that isn't hanging by your side",你猛地向右转身，本能地去抓那柄没挂在身边的武器
The figure standing in the shadows behind you is laden with the promise of violence,站在你身后阴影中的身影充满了暴力的预兆
In the corner of your eye you register Lyra biting her lip in gleeful anticipation,眼角余光瞥见莱拉咬着嘴唇，一副幸灾乐祸的期待神情
The figure's slow laugh has the texture of an avalanche as he slowly emerges from the shadows,那身影缓缓从阴影中走出，低沉的笑声带着雪崩般的质感
You’d be dead either way,不管怎样你都是死
But at least you’d get a chance to see the blade,但至少你能有机会看见那把刀剑
The servant offers a startled shriek as she spots you,仆人发现你时发出一声惊叫
The plate she drops echoes through the vaulted dining hall,她掉落的盘子在拱顶餐厅里回响
"Lyra emerges from the shadows behind you, apparently amused by your clumsiness",莱拉从你身后的阴影中现身，显然被你的笨拙逗乐了
With feigned sadness she pats your cheek,她假装悲伤地拍了拍你的脸颊
I had expected more from you,我本来对你期望更高的
She leads you from the dining hall back to the foyer,她带你离开餐厅，回到门厅
The room around you lies silent and seemingly empty save the crackling of burning logs,四周的房间一片寂静，除了燃烧木柴的噼啪声，似乎空无一人
The fire casts a dim light and dancing shadows,炉火投下昏暗的光和舞动的阴影
A single goblet stands half empty on a small table,一只高脚杯半满着立在旁边的小桌子上
Lyra’s warm breath on your ear startles you as she whispers near imperceptibly,莱拉温热的呼吸拂过你的耳朵，她近乎无声的低语吓了你一跳
We have walked into a trap,我们走进了一个陷阱
The beast has laid an ambush for us,那小畜生给我们设下了埋伏
Can you sense him preparing to strike?,你能感觉到他正准备出击吗？
Hairs stand up on your neck,你脖子上的汗毛竖了起来
"If it is from latent danger or something else, you cannot tell",是因为潜在的危险还是别的什么，你分辨不出
No!,不！
Do not look!,别看！
"She whispers, louder now",她低语道，声音大了些
Close your eyes,闭上眼睛
Let your sensing be the absence of action,让你的感知成为无为
Become empty for the ambience to flow into you,放空自己，让周遭的氛围流入你体内
"Now, is he to our right or left side?",现在，他在我们右边还是左边？
Empty your mind,清空你的思绪
Lyra leads you back through the dining hall,莱拉带你穿过餐厅往回走
A slight sense of urgency has crept into her step,她的脚步中透出一丝紧迫感
Follow,跟上
Wait!,等等！
What about the wager?,赌约怎么办？
"Roland's good eye, shifts momentarily to Lyra who interjects",罗兰那只好眼睛瞬间转向莱拉，莱拉插话道
One of my master's foremost skills is his ability to recognize and attract resourceful individuals,我主人最出众的技能之一，就是能识别并吸引足智多谋的人才
Roland is one such individual,罗兰就是这样的人
"As are you, it seems",看来你也是
"Now, my master has waited long enough, and you two will have enough time to get to know one another later",好了，我主人已经等得够久了，你们俩以后有的是时间互相了解
Lyra offers a short bow to Roland who returns it in a surprisingly respectful manner,莱拉向罗兰微微鞠躬，罗兰以出人意料的恭敬态度回礼
We must go,我们必须走了
Ah; The wager!,啊；赌约！
What is a fitting prize for such a feat?,什么样的奖品才配得上这样的壮举？
The glory alone will suffice,荣耀本身就足够了
Teach me something!,教我点什么！
A kiss?,一个吻？
#IntroVillaVeteran,#老兵别墅介绍
"Tell me boy, what would yer father say if he knew you considered yourself the better of his old friends?",告诉我，小子，要是你父亲知道你认为自己比他那些老朋友还强，他会怎么说？
"Though his voice is full of gravel, there's now a glint in his eyes, as though the old coals have begun to warm up",尽管他的声音沙哑，但此刻眼中闪过一丝光芒，仿佛那些旧煤块又开始升温了
"Tell me girl, what would yer father say if he knew you considered yourself the better of his old friends?",告诉我，姑娘，要是你父亲知道你认为自己比他那些老朋友还强，他会怎么说？
Kydeon!?,凯迪恩！？
Is that you?,是你吗？
I have no time for the ghosts of my father's past,我没空理会我父亲过去的幽灵
"Say nothing, and keep walking",什么也别说，继续走
"Disappointment clouds the man's face, and he calls after you",失望笼罩着男人的脸，他在你身后喊道
"Very well, I suppose you're no longer the lad I remember",很好，我想你已经不再是我记得的那个小伙子了
Lyra awaits at the main entrance,莱拉在主入口等着
"She'll take you to the Master, for better or worse",她会带你去见卡托大人，无论好坏
Kydeon smiles sadly,凯迪恩悲伤地笑了笑
An old soldier's greeting,一个老兵的问候
Something one mercenary would say to another as a prayer to not dwell on painful memories,佣兵之间会说的话，像是一种祈祷，不要沉湎于痛苦的回忆
The kind that comes with the work,这种痛苦是这份工作带来的
Your father and I,你父亲和我
Kydeon halts momentarily and looks at you,凯迪恩停顿片刻，看着你
Your father and I would always part with those words,你父亲和我总是用那句话告别
"Now, I've held you long enough",好了，我耽搁你够久了
"If it’s the hedge maze you mean, just head west and then north",如果你指的是树篱迷宫，往西然后往北走就行
Then again you must have known that?,不过你应该知道吧？
Had to drag you out o’ there enough times,以前可没少把你从那儿拖出来
I won't betray my Master's confidence by saying more,我不会再多说，以免辜负卡托大人的信任
Best you see him yourself,最好你亲自去见他
The man offers a smile but it fails to iron out the concerned creases around his eyes,男人挤出一个微笑，但没能抚平他眼周忧虑的皱纹
I'll go look for the Master-at-Arms,我去找军械长
Never could pull the wool over your eyes,从来都骗不了你
"Truth is, many a day's been dark of late for House Berryn",说实话，贝林家族近来日子很不好过
Perhaps it all started when you and your father left,也许这一切都是从你和你父亲离开时开始的
A guilty grimace flashes across his face,他脸上闪过一丝愧疚的怪相
Or maybe it started even earlier,或者开始得更早
Kydeon pauses to blow out a long breath,凯迪恩停下来，长呼一口气
I'll go to the Master-at-Arms,我去找军械长
A single bark of laughter emanates from the dense beard as he embraces you in a crushing bear-hug,一声大笑从他浓密的胡须中传出，他给了你一个令人窒息的熊抱
"Kydeon may be older and grayer but from the force of his hug, you don't reckon you'd have any more chance of beating him now than you did as a 12 year old",凯迪恩也许更老更灰白了，但从他拥抱的力道来看，你觉得现在打败他的机会并不比12岁时多
"Go easy, you old boar",轻点，你这老野猪
It's good to see some things haven't changed,很高兴看到有些东西没变
"Kydeon steps back and allows you to breathe again, before grabbing you by the shoulders",凯迪恩退后一步让你喘口气，然后抓住你的肩膀
We heard of your father's passing,我们听说了你父亲的过世
"Truly, he sits with the Golden Dead now",真的，他现在与黄金先祖同在了
"Tell me, how did he die?",告诉我，他是怎么死的？
In glorious battle - at my side,在光荣的战斗中——在我身边
Drunk and reeking of his own piss,喝醉了，浑身尿骚味
Let's not dwell on old wounds,别纠结旧伤了
Do you know why I'm here?,你知道我为什么来这里吗？
Kydeon's eyes narrow,凯迪恩眯起眼睛
Then the old warrior died a fitting death,那么这位老战士死得其所
Kydeon is quiet for a moment then breaks into a grin,凯迪恩沉默片刻，然后咧嘴一笑
"We'll raise a cup to his name, together, you and I!",我们一起为他举杯，你和我！
"Soon as you're done with Cato, and I can rustle up some ale fit for a guest",等你和卡托谈完，我弄些适合客人的麦酒
"Kydeon, why am I here?",凯迪恩，我为什么在这里？
It's been that long has it?,有那么久了吗？
"Well, kitchen's still in that building over on the east end of the property",嗯，厨房还在庄园东头的那栋建筑里
Just follow yer nose,跟着鼻子走就行
And the wine cellar's underneath it,酒窖就在它下面
The old man fails to suppress the impulse to lick his lips,老人没能忍住舔嘴唇的冲动
"If you want to explore, for old time's sake, take this lantern",如果你想探索，看在旧日情分上，拿着这盏提灯
Lord Berryn will wait - and we don't want you getting lost in the hedge-maze again!,贝林勋爵会等着的——我们可不想你又迷路在树篱迷宫里！
"The man laughs heartily and hands you a small, brass lantern",男人开怀大笑，递给你一盏小小的黄铜提灯
"Whatever may come to pass, it did this old warrior a barrel of good to see you again boy!",不管发生什么，能再见到你，小子，可让这老战士高兴坏了！
"The old man slaps you on the shoulder in parting, almost knocking you off balance",老人告别时拍了拍你的肩膀，差点让你失去平衡
He then seems to remember something as he leans in conspiratorially,然后他似乎想起了什么，神秘兮兮地凑过来
"Whatever may come to pass, it did this old warrior a barrel of good to see you again girl!",不管发生什么，能再见到你，姑娘，可让这老战士高兴坏了！
Kydeon,凯迪恩
"An aging, armoured man in the livery of House Berryn stands and scowls at you",一个身穿贝林家族制服的衰老盔甲男子站在那里，对你怒目而视
"Eyes like coal peer out from a craggy face fringed top and bottom with wild, white hair",煤块般的眼睛从一张布满皱纹的脸上凝视着，脸的上方和下方都长着狂野的白发
Return his challenging stare,回敬他挑衅的目光
Walk on by,径直走过
"The man's eyelids droop, near fully closed",男人的眼皮耷拉下来，几乎完全闭上了
It was a cruel fate that befell your father,降临在你父亲身上的命运很残酷
"And yours, crueller still",而你的，更加残酷
"For what it's worth, I'll bear memory of him as the good, honest man he was, before",不管怎样，我会记住他曾经是个善良、诚实的人，在那之前
Kydeon is quiet for a moment then offers a sad smile,凯迪恩沉默片刻，然后露出悲伤的微笑
Soon as you're done with the Master!,等你和卡托大人谈完！
But first,但首先
Don't keep Lyra waiting any longer!,别再让莱拉等了！
Talk to her first and I'll be here for later,先和她谈谈，我晚点在这儿
Have you seen Lyra yet?,你见到莱拉了吗？
Best not keep her waiting!,最好别让她等着！
I have your medicine,我有你的药
Where was the kitchen again?,厨房又在哪儿来着？
Where do I find the garden?,我在哪儿能找到花园？
Where did you say Lyra was?,你说莱拉在哪儿？
May your sleep be dreamless?,愿你无梦安眠？
"The older man crosses his massive arms, steps forward and leans towards you",年长的男人交叉起粗壮的双臂，走上前，向你倾身
"So, young sellsword, come looking for a scrap have you?",那么，年轻的佣兵，来找茬的吗？
"Kydeon, you old fool!",凯迪恩，你这老傻瓜！
Stand aside old man,让开，老头
I have business with your lord,我和你的领主有要事
Have you not gone to see her yet?,你还没去见她吗？
You best hurry then!,那你最好快点！
She's on the stairs right behind me there!,她就在我身后的楼梯上！
"Master Cato will chew your ear plenty when you see him, {PLAYER}",等你见到卡托大人，他会唠叨个没完，{PLAYER}
"Lyra, the new Master-at-Arms awaits you by the main entrance",莱拉，新任军械长，在主入口等你
She'll escort you - and don't ask her not to,她会护送你的——别让她别这么做
If you think I had a temper,如果你觉得我脾气不好
The joke fails to hide the note of anxiety in the grizzled House guard's voice,这个玩笑没能掩盖这位头发斑白的家族守卫声音中的焦虑
I shall look for this Lyra,我会去找这位莱拉
"What are you hiding from me, old boar?",你在瞒着我什么，老野猪？
#IntroWineCellar,#酒窖序幕
"Your father jolts upright, the bloodshot whites of his eyes glaring out of the darkness","""你的父亲猛地坐直，布满血丝的眼白在黑暗中瞪视着"""
We found her!,我们找到她了！
Wandering the forests outside the estate!,在庄园外的森林里游荡！
Mistress Valeria,瓦莱里娅夫人
Help him stand,扶他站起来
"Haltingly, and leaning heavily on you, your father manages to stand","""他步履蹒跚，重重地靠在你身上，你的父亲总算站了起来"""
She was never the same,她再也不是从前的她了
Whatever happened broke her,无论发生了什么，都把她击垮了
"It was the girl, you know?","""是那个女孩，你知道吗？"""
The seed was planted in Valeria that night,那晚，种子在瓦莱里娅体内种下
But how could you know?,但你怎会知道？
You were but a babe yourself,你自己也还是个婴儿
You help lead the now sobbing man out of the cellar,你搀扶着这个现在啜泣不止的男人走出地窖
"Stop it, father!","""别说了，父亲！"""
Lord Cato trusted me!,卡托领主信任我！
And I failed him - but Valeria was the one to pay the price: mind broken and that spawn of a child,而我辜负了他——但付出代价的却是瓦莱里娅：心智崩溃，还有那个孽种
Your father's voice seethes with fury,你父亲的声音因狂怒而颤抖
Enough!,够了！
"Don't talk back to me, you bastard!","""别跟我顶嘴，你这杂种！"""
What do you know about honor!?,你懂什么荣誉！？
As much as your harlot mother!,跟你那妓女母亲一样多！
"Your father steps away from you, unsteadily, tears streaming down his contorted face","""你的父亲踉跄着从你身边退开，泪水顺着他扭曲的脸庞流淌"""
"Shut up, shut up, shut up!","""闭嘴，闭嘴，闭嘴！"""
Turn and run,转身逃跑
Strike the man,揍这个男人
"You draw a ragged breath and snap out of the memory, your knuckles white","""你深吸一口气，从记忆中挣脱出来，指节发白"""
You're alone in the damp cellar and don't particularly feel like dwelling there,你独自待在这潮湿的地窖里，并不想在此久留
You're gripped by a long-hidden memory upon entering this part of the cellar,一踏入地窖的这个区域，你便被一段尘封已久的记忆攫住
"You sealed it away - but in so doing, preserved its strength","""你将它封存——但正因如此，也保留了它的力量"""
"And now, it demands freedom","""而现在，它要求自由"""
You can still recall smelling him before you could make out his writhing shape in the dim light of the cellar,你仍记得，还没看清他在昏暗地窖中扭动的身形，就先闻到了他的气味
Mistress Valeria!,瓦莱里娅夫人！
Open the door!,开门！
Your father doesn't even notice you in the throes of his intoxicated ramblings,你的父亲在醉醺醺的胡言乱语中甚至没注意到你
How could they take her?,他们怎么能带走她？
Her chambers were locked from inside!,她的房间是从里面锁上的！
Where is she!?,她在哪儿！？
Try to shake some sense into him,试着让他清醒一点
#MercuryPool,#水银池
A single clear note rings out and for a moment the chirping of exotic birds dies down,一声清脆的音符响起，片刻间异域鸟儿的啁啾声沉寂下来
Somewhere a metallic clang sounds and then the mercury begins to circle some unseen drain,某处传来金属的铿锵声，随后水银开始围绕某个看不见的排水口旋转
Slowly but surely steps come into view,缓慢而坚定地，台阶浮现眼前
"With a final gurgle, the last of the liquid is drained away and at the end of the descending stairways a door can now be seen",随着最后一阵咕噜声，最后一滴液体被排尽，在向下延伸的阶梯尽头，一扇门现在清晰可见
The ‘down below’ awaits,‘下方’在等待
The strange pool ahead of you is filled with a silvery fluid that looks like liquid metal,你面前这口奇异的池子盛满了一种银色的液体，看起来像液态金属
Mercury perhaps?,也许是水银？
Play the Silver Flute,吹奏银笛
#MineExit,#矿井出口
You stand at the foot of the stairs for a moment,你在楼梯脚下站了一会儿，
It’s as if something is holding you back,仿佛有什么东西在阻止你，
"If you take even the first step, events will be set in motion that can never be undone",“哪怕你只迈出第一步，就会启动无法挽回的事件”，
Then the strangest thought strikes you,然后一个最奇怪的念头击中了你，
You’ve always been climbing these stairs and you will keep climbing them until the universe ends,你一直在爬这些楼梯，你会一直爬下去，直到宇宙终结，
Take the first step,迈出第一步，
The morbid thought is soon dispelled by the endless monotony of the climb,这个病态的念头很快就被无尽单调的攀爬驱散了，
The shaft goes straight forwards and up at a steep angle,竖井笔直向前，并以陡峭的角度向上延伸，
There is no bend or curve,没有弯曲或弧度，
Just the same infinitely ascending stairs perfectly carved through the heart of the mountain,只有同样的无限向上的楼梯，完美地凿穿山体中心，
"For the longest time, the only change is the drop in temperature as you get higher",“在很长一段时间里，唯一的变化是随着你越爬越高，温度在下降”，
"Then, finally you catch the first glimpse of natural light in a long time",“然后，你终于看到了许久以来的第一缕自然光”，
The exit is in sight!,出口就在眼前！，
The exhilaration fills you with energy and rejuvenates your aching thighs,兴奋感让你充满能量，让你酸痛的大腿重新焕发活力，
"With a final exertion, you make it to the top and emerge onto the barren plains of the interior plateau",“用尽最后一丝力气，你到达了顶部，出现在内陆高原的荒芜平原上”，
The Black Priory awaits you,黑修院在等着你，
#MineFaultyBeam,#矿井故障横梁
The support-beam appears to be close to giving in,支撑梁似乎快要撑不住了，
"It seems that if this beam breaks, this whole section of tunnel will collapse",看来如果这根梁断裂，整段隧道都会坍塌
"If you have some rope, you might be able to take advantage of this to rig a trap of sorts",如果你有绳子，或许可以利用这一点设置某种陷阱
Use rope to rig trap,使用绳子设置陷阱，
A makeshift trap,一个临时陷阱，
"If you had a reason to do so, you could cause this section of tunnel to collapse - crushing anyone inside under tons of rock",如果你有理由这么做，你可以让这段隧道坍塌——将里面的人压在数吨岩石之下
"You carefully tie the rope around the beam in such a way that if you give it a good tug, the beam will cause the tunnel ahead to collapse",你小心地将绳子绑在横梁上，只要用力一拉，横梁就会导致前方的隧道坍塌
#MineSecretDoor,"#MineSecretDoor,"
This section of wall appears to be close to collapsing,这面墙看起来快要塌了
If you have a pick-axe you could likely break through to the other side,如果你有镐子，应该能凿穿到另一边
Use pick-axe!,使用镐子！
You make short work of the wall and in no time it collapses to reveal that you have just linked up to the mine entrance,你三下五除二就凿开了墙，它很快坍塌，露出你刚刚打通的矿井入口
This will no doubt serve as a handy short-cut should you have the need to return to Adler’s Helm,这无疑会是一条便捷的捷径，日后你若需要返回鹰盔堡，就能派上用场
# NPC,# 他人
#NPCRoland,#NPCRoland
Hrm?,嗯？
What do you want!,你想干嘛！
#OverlandEnterBadland,#OverlandEnterBadland
Katabatic winds howl through the valley,下沉风呼啸着穿过山谷
"To the north, great snow-covered peaks loom over you like the ramparts of some great, cosmic fortress",北面，巨大的雪峰耸立在你们头顶，宛如某座宏伟宇宙堡垒的城墙
Embla leans in and shouts over the wind,恩布拉凑近身子，在风中喊道
These are the interior mountains!,这就是内陆山脉！
We must find a way to ascend them to reach the plateau and the Priory!,我们必须找到攀登它们的方法，才能抵达高原和修道院！
And we'll find that in Adler's Helm?,我们能在鹰盔堡找到方法吗？
"All I know is that the Cabal expedition traveled there, and that means we must too",我只知道秘盟考察队去过那里，所以我们也必须去
"I’m sure once we get there, the way will somehow reveal itself",我确信一旦到了那里，道路自然会显现
That's a lot to hope for,这希望也太渺茫了
"For now, let’s just try to get there in one piece",眼下，咱们先想办法平安抵达那里吧
"From what I understand, Adler’s Helm lies somewhere near the north-eastern parts of this mountain-range",据我所知，鹰盔堡位于这片山脉东北部某处
"If we follow its circumference, I believe we’ll eventually arrive there",如果我们沿着山脉边缘走，我相信最终会到达那里
# PartyMembers,# 队伍成员
#PrioryCaveAncientRoom,修道院洞穴古室
"Like the tons of stone that presses down from above, so does this chamber convey the weight of untold eons",如同上方压下的无数吨岩石，这个房间也传达着无数纪元的重量
"Rows of embalmed corpses line the wall, sitting in perfect stillness with empty eye-sockets that stare into eternity",一排排经过防腐处理的尸体沿墙排列，静坐不动，空洞的眼窝凝视着永恒
How long have they been here?,他们在这里多久了？
These men and women came here to worship long before the first stone of the Empire was laid,这些男男女女早在帝国的第一块基石铺设之前就来此朝拜了
Their corpses were already ancient when Gallian landed on Erdahn’s shores,当伽里安踏上厄尔丹的海岸时，他们的尸体早已古老
A strange thought occurs to you,一个奇怪的念头浮现在你脑海中
These corpses are ‘dreaming’,这些尸体在‘做梦’
Waiting and dreaming,等待与做梦
Waiting on what?,在等待什么？
They… are ‘dreaming’,他们……在‘做梦’
You turn and realize it was Kat who spoke,你转过身，意识到是卡蒂在说话
She looks surprised,她看起来很惊讶
I don’t know why I said that,我不知道我为什么这么说
The thought just came to me!,这个念头突然冒了出来！
"But, they ARE dreaming",但是，他们确实在做梦
Sharing the Sleeper’s dream,分享着沉睡者的梦境
Waiting for him to return to them,等待着他回到他们身边
Where are these thoughts coming from?!,这些念头是从哪里来的？！
Can we please leave?,我们能离开这里吗？
"Yes, let's move",好，我们走吧
#PrioryCaveBossFight,#修道院洞穴Boss战
The strange construct rises menacingly above you,那个奇怪的构造物在你上方威胁性地升起
"As you approach, the fungal growths that cling to it writhe in greedy anticipation - clawing impotently at the portal set into the structure’s side",当你靠近时，附着其上的真菌生长物在贪婪的期待中扭动——无力地抓挠着嵌在构造物侧面的传送门
You cannot easily discern the material used in its construction nor the hands that made it beyond the fact that there is an aspect about it that makes you think of the artifacts that the Magi sometimes employ,你无法轻易辨别其构造所用的材料，也无法知晓是何人之手造就了它，只是它有一种特质，让你想起法师们有时使用的法器
"Now, its outer skin is pockmarked and weathered by the shifting of stone over endless millennia",如今，它的外壳因无尽千年的岩石移动而变得坑坑洼洼、饱经风霜
"For the briefest moment you see it in your mind's eye, free of stone, moving over a landscape of jagged mountains and jungle-clad hills",在那一瞬间，你在脑海中看到它挣脱了岩石，在一片嶙峋山脉和丛林覆盖的山丘之上移动
"Great ferns sway in the humid breeze, and in the distance you see great, singing towers",巨大的蕨类植物在潮湿的微风中摇曳，远处你看到宏伟的、歌唱的高塔
A sudden tremor shakes you out of it,一阵突如其来的震动将你从中惊醒
This one more violent than the previous ones,这一次比之前的更加猛烈
"As you reel from the quake, Embla walks past you, moving towards the portal with her hand outstretched like a sleepwalker",当你因震动而踉跄时，恩布拉从你身边走过，像梦游者一样伸着手朝传送门走去
The air hums with energy that appears to be emanating from the portal itself,空气中嗡嗡作响，能量似乎正从传送门本身散发出来
The fungal tentacles begin to thrash wildly in anticipation,真菌触手在期待中开始疯狂抽打
"The tremors return, more powerful now, and around you stones fall from the cave’s roof",震动再次袭来，现在更加强烈，你周围的洞顶石块纷纷坠落
"Embla, wait!",恩布拉，等等！
"She does not hear you and before you can grab her, she has touched the door",她没有听见你的呼喊，你还没来得及抓住她，她已经触碰了那扇门
The effect is instant,效果立竿见影
Strangely shaped glyphs set into the portal begin to glow with a light so bright it’s nearly blinding,嵌在传送门上的形状奇特的符文开始发出光芒，亮得几乎让人目眩
"An undulating vibration that you feel in your bones rises and echoes through the cave and for a moment it sounds as if someone, or something is howling madly",一阵你骨子里都能感受到的起伏振动升起，在洞穴中回荡，有那么一瞬间，听起来仿佛有人或什么东西在疯狂嚎叫
Then sudden silence,然后突然一片寂静
What was,刚才那是，
"Before you can finish your sentence, the ground again shakes violently, knocking you to the ground",你还没来得及说完，地面再次剧烈震动，将你击倒在地
Rocks and debris explode outwards from the center of the cave and an inhuman roar so loud it causes your ears to bleed emits from the horror that emerges into the cave,岩石和碎片从洞穴中心向外炸开，一声非人的咆哮如此响亮，以至于你的耳朵开始流血，这声音来自那从洞穴中出现的恐怖之物
"Bursting forth from the depths below, it towers above you",它从下方的深渊中冲出，高耸在你之上
"A squirming mass of untold millions of strands of fungal growths animated into a gigantic, mawed worm-horror",一团由无数真菌生长丝组成的蠕动之物，被赋予了生命，化作一只巨大的、长着大嘴的蠕虫般的恐怖怪物
Tentacles thrash wildly with enough force to break rock as the abomination claws its way out of the emergence hole and towards you,触手疯狂抽打，力道足以击碎岩石，那畸形生物从出现的洞口爬出，向你扑来
Embedded into its roiling half-flesh are the forms and faces of men,在它翻滚的半血肉之中，嵌着人类的形体和面孔
You know with certainty that these are indeed the final members of the Cabal expedition,你确信，这些正是秘盟考察队的最后成员
Stagger to your feet,你踉跄着站起身来
"The creature lumbers towards you, emitting yet another terrible scream",那生物蹒跚着向你走来，发出又一声可怕的尖叫
Your heart sinks as you set to receive the charge,当你准备迎接冲锋时，你的心沉了下去
From around you echoes dozens of replies as its smaller siblings are called forth to the feast,从你周围传来数十声回应，它那些较小的同类被召唤前来赴宴
#PrioryCaveSpottedShip,#PrioryCaveSpottedShip
The cave expands into a vast chamber littered by the remains of what you deem to be the final resting-place of the Cabal expedition to the Black Priory,洞穴扩展成一个巨大的洞室，散落着你认为的秘盟考察队前往黑修院的最终安息之地的遗骸
Large quantities of stone and dirt have been shifted in what appears like an attempt to excavate… what?,大量的石头和泥土被移动过，看起来像是在试图挖掘……什么？
Your eyes strain in an attempt to make sense of the structure partially protruding from the rock,你眯起眼睛，试图看清从岩石中部分突出的结构
"Your mind reels at the thought that whatever this is, it must have been placed here thousands, nay, hundreds of thousands of years ago",“一想到这东西，不管它是什么，一定是在数千，不，数十万年前就被放置在这里，你的思绪就一阵眩晕。”
"What’s more, despite seeing just a small segment of the structure, you feel certain that whatever is buried here is vast",“而且，尽管只看到了结构的一小部分，你确信埋在这里的东西非常庞大。”
We’re here!,我们到了！
We’ve made it!,我们成功了！
"All these years, this is what was buried under the Priory",“这么多年，这就是埋在修院下面的东西。”
This is where the Sleeper awaits!,这就是沉睡者等待的地方！
Emblas voice trembles like a prisoner who senses that freedom is finally within reach,恩布拉的声音颤抖着，就像一个感觉到自由终于触手可及的囚犯
T-this thing,这-这东西
It cannot exist,它不可能存在
It should not!,它不应该存在！
Who can build something like this?,谁能建造这样的东西？
Driina’s voice is the closest to panic you’ve ever heard her,德莉娜的声音是你听过的她最接近恐慌的一次
This is the very heart of madness itself,这就是疯狂本身的核心
Roland whispers to himself,罗兰自言自语道
The sleeper awaits,沉睡者等待着
#PrioryDreamChamber,#修道院梦境室
I think the monks came down here to commune with him using those machines,我想僧侣们下来这里是用那些机器与他交流
Dreaming his dreams,梦着他的梦
You walk over to the shaft and peer down it,你走到竖井旁向下窥视
There is no end in sight,一眼望不到底
"Whatever lies at the bottom, lies far below this level of the catacombs",无论底部有什么，都远在这层地下墓穴之下
The octagonal room has four throne-like machines arranged around a central aperture,八角形的房间中央开口周围排列着四台王座般的机器
"Thick, squirming tentacles spew forth from the shaft, and you can’t help but wonder where it terminates",粗壮蠕动的触手从竖井中涌出，你不由得想知道它通向何处
"A strange humming can be felt, rather than heard, coming from the center of the room",房间中央传来一阵奇异的嗡鸣，与其说是听到，不如说是感觉到
Examine the machines,检查这些机器
"Though no doubt some form of arcane machinery, it’s beyond your ken and you feel loath to examine it further",尽管无疑是某种奥术机械，但这超出了你的认知，你不愿再细究
"Leaning in, you examine the indentation further and notice inlays of pure sylver radiating out from where the user’s skull would be",你凑近细看那凹陷处，发现纯银辉金镶嵌从使用者头骨所在的位置向外辐射
"You follow the inlays, and find that they seem to converge towards the room’s central shaft",你顺着镶嵌纹路看去，发现它们似乎汇聚向房间中央的竖井
"Intricately wrought in a complex design that appears more like machinery than decoration, each throne has an indentation that would accommodate a human figure",每张王座都精雕细琢，复杂的设计更像是机械而非装饰，上面都有一个能容纳人类形体的凹陷
"If you were to guess, you’d say that this machinery somehow attunes and connects the user to Reticular vibrations emanating from the shaft",如果要猜的话，你会说这台机器以某种方式调谐并连接使用者与竖井散发出的网状振动
As to what is generating those vibrations,至于是什么产生了这些振动
Could it be the holy corpse?,会不会是那具圣尸？
"As you enter the hall, a mass of misshapen flesh and slavering jaws spill forth from shadows and darkened side-passages!",当你踏入大厅，一大团畸形血肉与淌着涎水的巨口从阴影与黑暗的侧廊中蜂拥而出！
You can’t help but think that the glistening and slimy horrors before you look as if they were birthed into existence recently,你不由得觉得眼前这些湿亮黏滑的恐怖之物仿佛才刚被催生到世上不久，
No doubt they are now ravenously hungry,毫无疑问，它们此刻正饥肠辘辘，
Forces pull at you - driving you inexorably forwards,力量拉扯着你——无情地驱使你向前，
"You are, you are no doubt, nearing something",你，毫无疑问，正在接近什么东西
What’s wrong?,怎么了？
Why do we stop?,我们为什么停下？
Embla asks impatiently,恩布拉不耐烦地问道，
I have a strange feeling,我有种奇怪的感觉
A feeling we’re being watched!,感觉我们被监视了！
snarls Roland as he turns to face the amorphous eye-things that glide silently down from the ceiling to prey upon you!,罗兰咆哮着，转身面对那些从天花板无声滑落、以你为猎物的无定形眼状怪物！
"Before you can finish the thought, movement catches your eye and you whirl around to face the amorphous eye-things that glide silently down from the ceiling to prey upon you!",你还没来得及想完，一个动静吸引了你的目光，你猛地转身，面对那些从天花板无声滑落、以你为猎物的无定形眼状怪物！
Our path takes us into peerless darkness then?,我们的道路将我们带入无与伦比的黑暗之中吗？
Iben rubs his chin thoughtfully,伊本若有所思地揉着下巴，
"We’ve survived countless horrors thus far but I dare say, we must keep our wits about us now and proceed with the utmost caution",“我们迄今为止经历了无数恐怖，但我敢说，我们现在必须保持警惕，并以最大的谨慎前进。”
I can think of few fates worse than being lost and waylaid in this morass of darkness,“我想不出比在这片黑暗的泥沼中迷路和遭到伏击更糟糕的命运了。”
You must keep your wits about you if you are to proceed,“如果你要继续前进，就必须保持警惕。”
Take all precautions not to lose your way and ensure all possible preparations are made before you set forth,“采取一切预防措施以免迷路，并在出发前做好一切可能的准备。”
"The tunnel ahead is ancient, narrow and dark",“前方的隧道古老、狭窄而黑暗。”
"Walking down it, you cannot help but feel as if you are descending into some deeper abyss - far more ancient than the Priory and reluctant to give up its mysteries",“沿着它走下去，你会不由自主地感觉自己正在坠入某个更深的深渊——远比修道院更古老，且不愿交出它的秘密。”
"Nonetheless, you also cannot help but feel as if you are once more being pulled forwards",“尽管如此，你也不由自主地感觉自己再次被向前牵引。”
Something awaits you at the other end of these tunnels and it’s beckoning for you to proceed,“在这些隧道的另一端有什么东西在等着你，它在召唤你前进。”
You feel it too now don’t you?,“你现在也感觉到了，不是吗？”
Embla attempts to peer into the darkness ahead,恩布拉试图凝视前方的黑暗，
This is the way,“就是这条路。”
The tomb-chamber was never what the Priory was built to protect,“墓室从来就不是修道院建造来保护的东西。”
There must be even older mysteries below,“下面一定有更古老的秘密。”
I suspect many of the monks themselves didn’t know of this,“我怀疑许多僧侣自己也不知道这件事。”
Perhaps initiates offered praise to a false tomb for centuries while the Grandmasters kept the lie?,“也许几个世纪以来，新入会者向一座假墓致敬，而大导师们则维持着这个谎言？”
Let's move onwards then,“那我们继续前进吧。”
Not to interrupt your theosophic ramblings but there’s something you might want to see {PLAYER},“不是要打断你的神智学漫谈，但有些东西你可能想看看，{PLAYER}。”
Kat has walked up to the edge of the light and is carefully extending her arm into the darkness,卡蒂走到光亮边缘，小心地将手臂伸入黑暗中，
The darkness will not yield to the light,“黑暗不会向光明屈服。”
It’s as thick as tar,“它像焦油一样浓稠。”
Some kind of ward perhaps?,“也许是某种结界？”
I suspect we’ll need to navigate these tunnels blindly,“我怀疑我们需要盲目地穿越这些隧道。”
You walk up to the edge of the light and realize that the darkness does not appear to lift no matter how much light is present,“你走到光亮边缘，意识到无论有多少光，黑暗似乎都不会消散。”
The tunnels appear to be kept in some kind of perpetual darkness and it seems you must navigate them blindly,“这些隧道似乎被保持在某种永恒的黑暗中，看来你必须盲目地穿越它们。”
#PrioryDungeonGong,#修道院地牢锣
"You strike the gong a third time but as you utter the last name, the note sounds foul and discordant",你第三次敲击锣，但当你念出最后一个名字时，声音变得刺耳而不和谐
Whatever you did you suspect it was somehow wrong,无论你做了什么，你怀疑这有些不对劲
Perhaps you should start over?,也许你应该重新开始？
"A large, gilded gong that no doubt must have served some kind of ceremonial purpose",一面巨大的镀金锣，无疑曾用于某种仪式
Etched into it in fine lettering is the following text,上面用精细的字体刻着以下文字：
"He who wishes to pass so bold, Speak the names of masters of old!",“欲大胆通过者，须念出昔日大师之名！”
"And before the sleeper he beseech, Shall offer up a strike for each!",“并在沉睡者前恳求，每念一名便敲击一次！”
Ring the Gong,敲锣
You speak the name,你念出名字
Strike again and say the name 'Rothrax',再次敲击并念出名字“罗斯瑞克斯”
Strike again and say the name 'Carroleth',再次敲击并念出名字“卡罗莱斯”
Strike again and say the name 'Kalamar',再次敲击并念出名字“卡拉玛”
You strike again and speak the second name,你再次敲击并念出第二个名字
"You strike the gong with the mallet and a pure, deep note reverberates through the complex",你用木槌敲击锣，一声纯净而深沉的音符在整个建筑群中回荡
Say the name 'Rothrax',念出名字“罗斯瑞克斯”
Say the name 'Carroleth',念出名字“卡罗莱斯”
Say the name 'Kalamar',念出名字“卡拉玛”
You strike the gong with whatever is at hand and a dull note emanates from it,你用手边的随便什么东西敲击锣，发出一声沉闷的声响
You suspect only striking it with the correct tool will produce a proper note,你怀疑只有用正确的工具敲击才能发出恰当的声音
You ring the gong a third time and speaks the last name,你第三次敲锣并念出最后一个名字
The sound echoes more strongly than before through the catacombs and the grinding of stones can be heard in the room ahead,声音比之前更强烈地在地下墓穴中回荡，前方房间传来石头摩擦的声音
"Whatever you did, you suspect it was the right thing",无论你做了什么，你怀疑这是正确的
#PrioryDungeonPitTrap,修道院地牢陷坑陷阱
"With a mechanical click, the floor gives way under your",随着一声机械咔嗒声，你脚下的地板突然塌陷
Your short drop is arrested by the vicious spikes that cover the floor of the pit,你短暂的坠落被坑底密布的凶残尖刺所阻止
Your adventure has come to an end,你的冒险到此结束了
#PrioryDungeonSpottenTomb,"#PrioryDungeonSpottenTomb,"
Embla points through the passage to the north,恩布拉指向北方的通道，
A golden tomb!,一座金色的墓穴！，
We must be close now,我们现在一定很接近了，
Finally we shall know!,我们终于要知道了！，
What do we do if you're right?,如果你是对的，我们该怎么办？，
I do not know,我不知道，
But the answers will reveal themselves to us when we stand before the glorious corpse,但当我们站在那荣耀的尸体前时，答案自然会显现，
I just pray we’re not too late!,我只祈祷我们没有太迟！，
The corpse of an Emperor?,帝皇的尸体？，
In a place like this?,在这种地方？，
I refuse to believe it,我拒绝相信，
#PrioryEnterCave,#进入洞穴
The air down here is thick with the metallic smell of ozone and a throbbing ache grows in your teeth,这里的空气弥漫着浓重的金属臭氧味，牙齿间隐隐作痛。
"Each step down the narrow, winding tunnel takes you deeper and closer to… what?",沿着狭窄蜿蜒的隧道每走一步，都让你更深入、更接近……什么？
"But you have come this far, and you cannot help but feel a surge of determination at being so close to the end of your search",但你已经走了这么远，在如此接近搜寻终点时，你不禁感到一阵决心涌上心头。
It is so close now,现在它如此之近。
The call is almost too much to bear,那呼唤几乎让人难以承受。
Embla touches her forehead and for a moment seems to sway,恩布拉摸了摸额头，一时间似乎有些摇晃。
Are you unwell?,你不舒服吗？
But there is but one way to cure it now,但现在只有一种方法能治愈它。
We must proceed,我们必须继续前进。
Embla straightens,恩布拉挺直了身子。
Driina’s eyes narrow,德莉娜眯起眼睛。
This place is not for us,这地方不适合我们。
"The deeper we go, the further I feel we are from the Golden Light",我们走得越深，我就越觉得我们离金色光芒越远。
We must go on!,我们必须继续！
"Surely, we must go on?",我们当然必须继续，对吧？
Iben insists with an uncharacteristic intensity,伊本以一种异乎寻常的强烈态度坚持道。
We press on,我们继续前进。
#PrioryEnterFirstFloor,#进入修道院一楼
"The heavy wooden doors swing open slowly on ancient, rusted hinges and you apprehensively step inside the darkened halls of the grim edifice",沉重的木门在古老生锈的铰链上缓缓打开，你忐忑不安地踏入这座阴森建筑黑暗的大厅
"Inside, you find the air thick with dust and particles of swirling matter and your eyes adjust slowly to the darkness",里面空气弥漫着厚厚的灰尘和旋转的微粒，你的眼睛慢慢适应了黑暗
There is more,还有更多
A strange feeling as if something is stirring in anticipation at your arrival,一种奇怪的感觉，仿佛有什么东西在期待你的到来而骚动
Driina’s voice interrupts your train of thought,德莉娜的声音打断了你的思绪
This place is alien to me,这个地方对我来说很陌生
There is nothing here that marks this as an Imperial place of worship,这里没有任何标志表明这是帝国的礼拜场所
We must be on our guard,我们必须保持警惕
Embla points ahead,恩布拉指向前面
Lumerods,流明棒
They must have been set up by the Cabal expedition,它们一定是秘盟考察队设立的
Perhaps we can find some clue as to what fate befell them?,也许我们能找到一些线索，了解他们遭遇了什么命运？
I’ll tell you what befell them,我来告诉你他们遭遇了什么
Roland growls,罗兰咆哮道
"Nothing good, is what",没什么好事，就是这样
#PrioryGanglion1,#PrioryGanglion1
"A large, pulasting sack grows from the side of the fungal infection",一个巨大的、搏动的囊从真菌感染的一侧长出
There is something inside it,里面有东西
Cut it open,切开它
Leave it,不管它
"To your disgust and horror, a rotting corpse riddled with fungi spills forth",令你感到厌恶和恐惧的是，一具布满真菌的腐烂尸体倾泻而出
"As it does, it drops a small journal",与此同时，它掉落了一本小日志
You pocket the book and move on,你把书装进口袋，继续前进
#PrioryGroundsEnter,#修道院庭院进入
You enter the courtyard of the walled priory only to find it eerily quiet and surprisingly temperate,你走进有围墙的修道院庭院，却发现这里安静得诡异，而且出奇地温暖，
Not even in Vauul are the Imperial gardens still heated in the winter,即使在瓦乌尔，帝国的花园在冬天也不会供暖了，
"It is a sad thing to see for an Empire that was built on the subjugation of climate by man and magi, no?",“对于一个建立在人类与法师征服气候之上的帝国来说，这景象真令人悲伤，不是吗？”
The nearly imperceptible humming felt through the ground tells that an ancient environmental ward is miraculously still active,地面传来的几乎难以察觉的嗡鸣声表明，一个古老的环境结界奇迹般地仍在运转，
Truly a lost wonder of Imperial magical engineering,真是帝国魔法工程失落的奇迹，
Strange vegetation bursts out of the ground in grotesque mockeries of trees and writhing tendrils of fleshy pseudopods creep obscenely forth from the well,奇异的植被从地面破土而出，扭曲地模仿着树木的形状，蠕动的肉质伪足触须从井中淫秽地爬出，
"As you approach, the tentacles creep slowly but greedily in your direction",“当你靠近时，触手缓慢而贪婪地向你爬来，”
Driina stomps the nearest tendril,德莉娜踩向最近的触须，
That blasted infestation seems to grow like a cancer throughout these isles!,那该死的虫群像癌症一样在这些岛屿上蔓延！
"Wherever we set foot, we find it festering in some dark corner",“无论我们走到哪里，都会发现它在某个黑暗角落里溃烂，”
she spits in disgust,她厌恶地啐了一口，
"Mesmerized, you allow it to slowly begin winding up your leg",“你被迷住了，任由它慢慢开始缠绕你的腿，”
A wave of disgust washes over you to snap you out of your reverie and you hurriedly step away,一阵厌恶感席卷了你，将你从恍惚中惊醒，你急忙退开，
"Embla, what is that thing?",“恩布拉，那是什么东西？”
It’s the fungi from outside,是外界的菌，
"It infests Warda, growing through the veil and into the very matter of the world",“它侵染着沃尔达，穿透帷幕，渗入世界的物质本身，”
Her voice drops to a whisper,她的声音低成耳语，
It’s the herald of the Dragon,它是龙的先驱，
The tentacles squirm with increased fervor at the very mention of that blasted name,一提到那个该死的名字，触手就更加狂热地蠕动起来，
Stop it!,别说了！
Embla seems frozen in fear for a moment before she nods weakly in agreement,恩布拉似乎因恐惧而僵住了一会儿，然后虚弱地点点头表示同意，
You both feel it,你们都感觉到了，
The horrid certainty that seven terrible eyes are now fixed on you,那种可怕的确定感：七只恐怖的眼睛正盯着你们，
"Driina grabs your arm, her face a determined mask",“德莉娜抓住你的手臂，脸上是一副坚定的表情，”
There are some things we must not discuss here,有些事我们不能在这里讨论，
#PrioryInteriorAmbush,#修道院内部伏击
"As you pass through the ancient library, you cannot help but be awestruck by the number and age of the assembled volumes",当你穿过古老的图书馆时，你不由自主地对这些藏书的数量和年代感到敬畏。
Surely there are texts here that exist nowhere else in the Empire,毫无疑问，这里有些典籍在帝国其他地方根本不存在，
It’s a melancholy thought,这真是个令人忧郁的念头，
This priory is a time-capsule to an age that is long past and you cannot help but linger for a moment on all that has been lost over the long centuries of steady decline,这座修道院是一个时间胶囊，封存着早已逝去的时代，你不由自主地驻足片刻，思索着在漫长世纪中持续衰落所失去的一切，
You draw out a random volume and examine it: ‘On the Reticular Properties of Salts’,你随手抽出一卷书，仔细端详：《论盐的网状特性》，
"As you turn the beautifully bound volume over in your hands, you stop",当你把这本装帧精美的书卷在手中翻转时，你停了下来，
Did you just see something move in the shadows?,你刚才是不是看到阴影中有东西在动？
You squint into the darkness and see only rows and rows of books,你眯起眼睛望向黑暗处，只看到一排排的书架，
"Then, you see it again",然后，你又看到了，
It’s as if reality itself ripples,仿佛现实本身泛起了涟漪，
To your horror you realize that you are surrounded by a pack of some kind of chameleonic horrors!,你惊恐地意识到，自己被一群某种变色龙般的恐怖生物包围了！
#PrioryInteriorSpottedCamp,#修道院内部发现营地
"Crates of supplies, camp equipment and mining gear litter this room",成箱的补给、营地装备和采矿工具散落在这个房间里
It appears you’ve found the Cabal expedition’s base-camp,看来你找到了秘盟考察队的基地营地
I wonder what happened to them all?,我很好奇他们都遭遇了什么？
Kat muses,卡蒂沉思道
and what they left behind,以及他们留下了什么
She absent-mindedly kicks an empty sack,她心不在焉地踢了一个空袋子
The camp appears abandoned in a hurry and you wonder if the expedition may have left behind clues as to their fate,营地似乎被匆忙遗弃，你怀疑考察队是否留下了关于他们命运的线索
Your eyes fall on the floor,你的目光落在地板上
It’s covered by an intricate mosaic so life-like in its execution that the figures seem to shift,地板上覆盖着精美的马赛克，工艺栩栩如生，图案似乎在移动
You stand mesmerized,你站在那里，被迷住了
Embla hisses,恩布拉嘶声道
Did you hear something?,你听到什么了吗？
Look here,看这里
The floor,地板
"Drinna walks into the chamber, kicking away dust from the intricate mosaic that is laid out before you",德莉娜走进房间，踢开面前精美马赛克上的灰尘
"The imagery, there’s something wrong with it",这些图案，有些不对劲
Shh!,嘘！
Embla interrupts,恩布拉打断道
"Out of the shadows, grotesque forms lumber towards you",从阴影中，怪异的形体蹒跚着向你走来
These are not the desiccated forms of the ancient dead but fresh corpses swollen with squirming tentacles of the Fungi from Outside,这些不是古代死者的干尸，而是新鲜的尸体，肿胀着来自外域的菌的蠕动触手
I’d wager we’ve found the expedition’s members!,我敢打赌我们找到了考察队的成员！
Roland snarls as he braces to receive the onslaught,罗兰咆哮着，准备迎接冲击
I seems you’ve found the expedition’s members,看来你找到了考察队的成员
#PrioryOpenFakeTomb,#修道院假墓开启
A cursory examination of the area reveals nothing,粗略检查这片区域一无所获
"Nonetheless, your instinct tells you there is something here",尽管如此，你的直觉告诉你这里有什么东西
You’ll need to examine the chamber inch by inch,你需要一寸一寸地检查这个房间
You close your eyes and for a moment all is still,你闭上眼睛，片刻间万籁俱寂
Then you feel it,然后你感觉到了
The faintest of drafts seems to be coming from the south-west corner of the chamber,一丝极其微弱的气流似乎从房间的西南角传来
There is no doubt,毫无疑问
There is another way out of here,这里有另一条出路
My faith in the Golden Dead is unfailing and it screams at me that something here is not as it seems,我对黄金先祖的信仰坚定不移，它向我呐喊，这里有些东西并非表面所见
But we’ve come this far and now that we stand before the tomb I say we get to the bottom of this charade,但我们已经走到这一步，既然站在墓前，我说我们得揭穿这场骗局
"Embla, what about you?",恩布拉，你呢？
Open the tomb,打开墓穴
It still becons me,它仍在召唤我
Though… standing here now something feels off,不过……现在站在这里，感觉有些不对劲
"Nonetheless, as I see it there is only one way forward",尽管如此，在我看来只有一条路可走
We must open the tomb,我们必须打开墓穴
"Driina, how about you?",德莉娜，你呢？
The golden tomb stands before you in all its glory,金色的墓穴矗立在你面前，尽显辉煌
"Have you arrived, at last, at the object of your quest?",你终于到达了任务的目标吗？
"Embla, what are you thinking?",恩布拉，你在想什么？
"Driina, what do you think?",德莉娜，你怎么看？
It could be worse I suppose,我想情况可能更糟
Kat adds as she pats your shoulder,卡蒂拍了拍你的肩膀补充道
It could have been a trap,这本来可能是个陷阱
But where to now?,但现在去哪儿呢？
Scanning the room you can’t help but agree with Embla,扫视房间，你不由得同意恩布拉的看法
There is something about this chamber,这个房间有些不对劲
The taint of ancient secrets,古老秘密的污迹
"Suddenly a massive portcullis slams down behind you and to your horror, thick greenish smoke billows into the chamber through unseen apertures",突然，一扇巨大的落栅门在你身后轰然落下，令你惊恐的是，浓密的绿色烟雾通过看不见的孔洞涌入房间
"Oh, that’s not good!",哦，这可不好！
Kat says as her eyes widen in terror,卡蒂惊恐地睁大眼睛说道
"If you do not find a way out of here, this will very quickly end up as your tomb as well",如果你找不到出路，这里很快就会成为你的坟墓
You brace yourself and push with all your strength but find that the lid slides back easily and locks into position with a slight click,你稳住身体，用尽全力推，却发现盖子轻松滑开，并随着一声轻响锁定到位
It’s as if the lid has been designed to open and close,仿佛这盖子就是设计成可以开合的
"Nonetheless, the sarcophagus’ content now lies before you",尽管如此，石棺里的东西现在展现在你面前
Look inside,往里看
You draw a collective gasp as the content is revealed,当里面的东西显露出来时，你们齐声倒吸一口凉气
Nothing - The sarcophagus is utterly empty,什么都没有——石棺完全是空的
Roland’s laughter booms through the tomband you can hear Driina offer a whispered prayer of relief,罗兰的笑声在墓穴中回荡，你能听到德莉娜低声发出如释重负的祈祷
"Embla, somehow, looks less than surprised",恩布拉，不知怎的，看起来并不怎么惊讶
Roland’s laughter booms through the tomb,罗兰的笑声在墓穴中回荡
Nothing but dust has ever lain hereand you can hear Driina offer a whispered prayer of relief,这里除了灰尘从未有过任何东西，你能听到德莉娜低声发出如释重负的祈祷
Nothing but dust has ever lain here,这里除了灰尘从未有过任何东西
What is this?,这是什么？
A false tomb,一个假墓
A decoy perhaps?,也许是个诱饵？
Like a chest with a false bottom?,就像有假底的箱子？
I suspect the true meaning of this tomb lies deeper than we first suspected,我怀疑这座墓的真正含义比我们最初猜测的更深
Embla muses,恩布拉沉思道
There is something we’ve missed,我们遗漏了什么
Some hidden secret,某个隐藏的秘密
Roland’s laughter booms through the tomb and you can hear Driina offer a whispered prayer of relief,罗兰的笑声在墓穴中回荡，你能听到德莉娜低声发出如释重负的祈祷，
#PrioryPuzzleStatue0,#修道院谜题雕像0
You slowly rotate the statue until it faces east,你缓缓转动雕像，直到它面向东方
You feel certain the action of rotating this statue is somehow significant but at the moment no wider effect or change can be observed,你确信转动这尊雕像的举动意义重大，但眼下还看不出更广泛的影响或变化
Rotate statue towards the north,将雕像转向北方
Rotate statue towards the east,将雕像转向东方
Rotate statue towards the south,将雕像转向南方
Rotate statue towards the west,将雕像转向西方
You stand before a finely crafted statue of polished stone,你站在一尊打磨光滑、做工精细的石像前
"As you examine it more closely, you realize that the statue is mounted on a rotating base",你仔细端详，发现雕像安放在一个可旋转的底座上
With some effort you could turn it to face one of the cardinal directions,稍加用力，你就能将它转向任一基本方位
You slowly rotate the statue until it faces north,你缓缓转动雕像，直到它面向北方
You slowly rotate the statue until it faces south,你缓缓转动雕像，直到它面向南方
The ground trembles as the sound of shifting stone reverberates throughout the complex,地面震颤，巨石移动的声响回荡在整个建筑群中
Something large has moved - or perhaps opened?,有什么庞然大物移动了——或者，打开了？
You slowly rotate the statue until it faces west,你缓缓转动雕像，直到它面向西方
#PrioryPuzzleStatue1,#PrioryPuzzleStatue1
#PrioryPuzzleStatue2,#修道院谜题雕像2
#PrioryPuzzleStatue3,#修道院谜题雕像3
#PrioryShipEntrance,#修道院飞船入口
"As you approach the portal, a humming once more fills the air and strange, arcane sigils light up across its metallic skin",当你靠近传送门时，嗡嗡声再次充斥空气，奇怪的奥术符文在其金属表面亮起
"As if reinvigorated by the resurgent energies filling the cave, the mangled piles of the fungi-worm things littered around you begin to knit together and reassemble",仿佛被洞穴中重新涌现的能量所激活，散落在你周围的菌虫残骸开始编织重组
"Roland sits slumped against the wall next to you, breathing heavily",罗兰瘫坐在你旁边的墙边，沉重地喘息着
You best get that door open afore those things come at us again,你最好在那东西再次袭来之前打开那扇门
I don’t think I can hold them for long,我想我撑不了太久
Time is running out,时间不多了
"Tremors once more shake the cave and before your eyes, the gigantic Herald-thing re-knits itself together before rising up to even greater heights than before",震动再次摇晃洞穴，在你眼前，巨大的先驱之物重新编织成形，然后升到比之前更高的高度
It sways momentarily and then lets out an ear piercing scream,它摇晃了一下，然后发出一声刺耳的尖叫
"Around it, untold multitudes of fresh minor horrors rise forth",在它周围，无数新生的次级恐怖之物涌现而出
We have to go!,我们必须走了！
Emblas shout cuts through the din,恩布拉的喊声穿透了喧嚣
Run towards the portal,跑向传送门
The portal shifts,传送门变换
Disassembling itself into its component panels like some strange flower opening its petals to welcome the Sun,分解成它的组件面板，就像一朵奇异的花张开花瓣迎接太阳
"Soft, lambent light bathes you as the portal opens, revealing an interior of bizarre geometries and utterly alien proportions",柔和、闪烁的光芒沐浴着你，传送门打开，显露出内部奇异的几何形状和完全陌生的比例
An odd thought enters your mind,一个奇怪的念头进入你的脑海
Home,家
"Instinctively, you and Embla's hands find each other",本能地，你和恩布拉的手找到了彼此
There is no turning back now,现在没有回头路了
The final chapter has begun,最终章节已经开始
Venture Forth,即刻启程
Clasping hands you pull the massive brute to his feet,紧握双手，你把这个魁梧的粗人拉了起来
He winces in pain and a cough sprays blood down his chest,他疼得龇牙咧嘴，咳嗽时鲜血喷溅在胸前
Don’t worry about me,别担心我
Roland offers a sad smile,罗兰露出悲伤的微笑
"For the first time, you notice the stain bleeding through his tunic and armor",你第一次注意到血迹从他的束腰外衣和护甲中渗出
Surely this is no issue given the right magics?,只要有合适的魔法，这肯定不是问题吧？
Examine the wound,检查伤口
You apprehensively lift his tunic to reveal his abdomen,你忐忑地掀起他的束腰外衣，露出他的腹部
A large gash rimmed by necrotic skin,一道巨大的伤口，边缘是坏死的皮肤
And worse yet,更糟的是
"Pushing out of the wound from within, are thick squirming tentacles",从伤口内部挤出来的，是粗大蠕动的触手
I think this is as far as I go,我想我只能走到这里了
"Besides, where you’re heading, I suspect you won’t need me",而且，你要去的地方，我怀疑你不需要我了
Roland painfully gets to his feet,罗兰痛苦地站起身来
I'm not leaving you!,我不会丢下你的！
Young fool,年轻的傻瓜
I can only buy you seconds,我只能为你争取几秒钟
Roland clasps the back of your neck and pulls you in until your foreheads touch,罗兰抓住你的后颈，把你拉近，直到你们的额头相触
No more words are necessary,无需再多言
"He lifts his weapon and turns, broad-legged and defiant, to face the onslaught of slavering jaws",他举起武器，转过身，双腿分开，毫不屈服，面对蜂拥而至的垂涎之口
Roland!,罗兰！
The soft touch of Embla’s hand on your elbow snaps you out of it,恩布拉的手轻轻碰了碰你的手肘，让你回过神来
"{PLAYER}, we have to go",we have to go
Don’t let his sacrifice be for naught!,别让他的牺牲白费！
#Random Events,#随机事件
You attack your foes!,你攻击了你的敌人！
Sneak Away,潜行离开
You managed to sneak away from your opponents!,你成功从对手身边潜行离开了！
You failed to sneak away from your opponents,你未能从对手身边潜行离开
Parlay,谈判
You attempt to parlay with your opponents,你尝试与对手谈判
You successfully parlay your way out of trouble!,你成功通过谈判摆脱了麻烦！
You fail to resolve the situation peacefully,你未能和平解决局势
You cannot parlay with this foe,你无法与这个敌人谈判
You attempt to flee your opponents,你尝试逃离对手
You manage to flee your opponents!,你成功逃离了对手！
Combat erupts!,战斗爆发了！
#RatQueensArmor,#鼠后护甲
An exquisitely crafted set of armor that no doubt belongs to the queen of the underhalls,一套精工细作的护甲，无疑属于地下大厅的女王
Kat’s eyes seem to sparkle as she admires it,卡蒂欣赏着它，眼中似乎闪烁着光芒
Take the armor,拿走护甲
You carefully remove the beautiful set of armor from the stand and stash it in your backpack,你小心翼翼地从架子上取下这套美丽的护甲，并将其藏入背包
#ReaverZombieScene,#ReaverZombieScene
Driina walks up to one of the wretches and examines her grimy face,德莉娜走向其中一个可怜虫，仔细端详她那肮脏的脸庞
I know this woman,我认识这个女人
She used to live in Horryn,她以前住在霍林
By the Golden it is as if their minds are broken,以黄金之名，他们的心智仿佛已经破碎
The woman offers no sign of understanding and simply shambles away,那女人毫无理解的迹象，只是蹒跚着走开了
The wretch stares at you with vacant eyes and mouth half agape,那可怜虫用空洞的眼神盯着你，嘴巴半张着
Kill,杀
"You emerge into a large, natural cavern and your senses are immediately assaulted by the stench of human filth",“你走进一个巨大的天然洞穴，人类的污秽恶臭立刻冲击着你的感官”
"Ahead, in the darkness of the cave, you see dozens of shambing forms milling purposelessly about",“前方，在洞穴的黑暗中，你看到数十个蹒跚的身影漫无目的地徘徊”
They don’t appear to notice you,他们似乎没有注意到你
At the far side of the roiling mass of filthy bodies you spot another barred door and from beyond it a strange lambent glow seems to be emitting,在那一大群肮脏身躯的远端，你发现了另一扇栅栏门，门后似乎散发出一种奇异的柔和光芒
#ReaverZombieScene,#ReaverZombieScene
#SailingBehemothAttack,#航海巨兽袭击
You're ship is attacked by the Behemoth,你的船遭到了海怪的攻击
You die,你死了
#SantaFury,#圣·狂怒号
Carylla,卡莉拉
"A sinewy, armored woman with a shield slung on her back and a broadsword at her side stands by a small campfire",一个肌肉结实、身穿盔甲的女人，背上挂着盾牌，身侧佩着阔剑，站在一个小篝火旁
She’s grunting and cursing under her breath as she clumsily tries to bind a wound on her arm,她笨拙地试图包扎手臂上的伤口，嘴里低声咕哝着咒骂
Dried blood and mud cakes her face and armor and she looks haggard,干涸的血迹和泥巴糊在她的脸上和盔甲上，她看起来憔悴不堪
She freezes as she sees you emerge from the fog,看到你从雾中现身，她僵住了
A suspicious frown falls over her face,脸上浮现出怀疑的皱眉
Let me help you!,让我帮你！
she growls as she finishes the tourniquet using her good arm and teeth,她用完好的一只手臂和牙齿完成止血带，咆哮着说
Bless you for offering but I can manage,谢谢你的好意，但我能行
I would kill for some water though!,不过我真想喝点水！
Offer her a drink from your waterskin,从你的水袋里给她倒点水喝
Name’s Carylla,我叫卡莉拉
Used to call myself captain of our little mercenary company,以前自称是我们这个小佣兵团的队长
Some rich trader from Adler’s paid us well to come here and look for the Fury,鹰盔堡的一个富商出了大价钱，雇我们来这里寻找圣怒号
Things went to shit quickly,事情很快就变得一团糟
I’ve been losing my crew one by one,我的手下一个接一个地死去
Nillas and Pieter ‘got their coins’ yesterday,尼拉斯和皮特昨天“领了便当”
Torn to pieces by those fucking hounds,被那些该死的野狗撕成了碎片
It’s just me now,现在就剩我了
What’s the Fury?,圣怒号是什么？
Carylla packs up her gear and begins to carefully make her way through the mist until she’s gone,卡莉拉收拾好装备，小心翼翼地穿过雾气，直到消失不见
I would hate to see you spill your guts on this bloody island looking for some ghost-ship,我可不想看到你为了找一艘幽灵船，把命丢在这该死的岛上
"Then again, you might have better luck then me and my",不过话说回来，你可能比我和我的手下运气好
Carylla stops briefly and her eyes water up,卡莉拉停顿了一下，眼眶湿润了
Just be careful,小心点
Idra’s not peaceful any more and I suspect there are things out in the mist far worse than the hounds,伊德拉已经不再太平了，我怀疑雾里还有比野狗更可怕的东西
Honestly I don’t know where to start,说实话，我不知道从何说起
There were lights in the sky,天空中出现过光芒
Flashes and orbs,闪光和光球
Some over Horryn and others over the island’s interior,有些在霍林上空，有些在岛屿内陆上空
Minor quakes even,甚至还有小地震
And then things went real bad,然后情况就变得非常糟糕
People lost their minds and animals started changing,人们失去了理智，动物开始变异
What terrifies me is I can’t even tell you how long that was ago!,让我害怕的是，我甚至说不清那是多久以前的事了！
Her voice rises in an anxious tone,她的声音因焦虑而提高
I just need to get away from here!,我只想离开这里！
Off this fucking rock!,离开这该死的破岛！
What will you do now?,你现在打算怎么办？
"I’ll try to make my way east, around the bay",我会试着往东走，绕过海湾
Maybe there are larger groups of survivors there and perhaps even someone with a way of getting away from here,也许那里有更大群的幸存者，甚至有人有办法离开这里
"And if you ever find that bloody treasure, buy me a drink next time we run into each other",如果你真找到了那该死的宝藏，下次见面请我喝一杯
A Painting,一幅画
"Hanging on the wall, you see a dramatic but not particularly artful painting of a ship with torn sails caught in a terrible storm",墙上挂着一幅戏剧性但算不上精美的画，画中一艘船帆撕裂，被困在可怕的暴风雨中
Your mind wanders to the Zephyr and its grizzly fate and you shudder,你的思绪飘向西风号及其悲惨的命运，不禁打了个寒颤
Look closer,凑近看
Leaning in you notice that there is a name painted on the side of the ship,凑近后，你注意到船侧画着一个名字
The Santa Fury,圣·狂怒号
Could this be it?,难道就是它？
Is this what the rumor that the Santa Fury could be found near the lighthouse on Idra meant?,难道这就是传言中圣怒号能在伊德拉灯塔附近找到的意思？
Examine the painting even closer,更仔细地检查这幅画
Examining the painting more carefully reveals nothing,更仔细地检查画作并没有发现什么
Not until you turn it over!,直到你把它翻过来！
Written in faint lettering in the lower left corner of the painting's backside you can clearly make out a poem of sorts,在画作背面左下角，用模糊的字迹写着一首诗，你能清楚地辨认出来
The Poem,诗
"From the center of the three, The Santy Fury made her flight",从三者中心，圣·狂怒号启航
"Setting out to hide her booty, All within the lighthouse's sight",出发去藏匿她的战利品，一切都在灯塔的视野之内
"leagues south began her trip, ""5 east"" the Captain cried. 4 more north, our valiant ship, Our plunder we shall hide!",向南数里格开始航程，“向东5”船长喊道。再向北4，我们英勇的船，将宝藏隐藏！
Land ahoy!,陆地嗬！
went up the roar,响起欢呼声
We'll lay our treasure there!,我们将把宝藏放在那里！
"Into the rising sun: 3 more, Then dig and have no fear!",朝着初升的太阳：再走3，然后挖掘，无所畏惧！
You hastily take down the poem in your journal,你急忙把这首诗记在日志里
Excitement washes over you as you realize that you may in fact be on the trail of something more than an old sailor’s tale!,兴奋之情涌上心头，你意识到自己可能真的在追踪某个超越老水手传说的东西！
If you can make sense of the poem that is,前提是你能解读这首诗
A wise call,明智的决定
You may go far yet,你或许还能走得更远
But a friendly piece of advice between colleagues,但作为同行，给你一个友好的忠告
Don’t search for us,别找我们
Forget this ever happened and move on,忘了这一切，继续前行
She offers a short bow before the group dissolves back into the fog with the idol in hand,她微微鞠了一躬，然后这群人拿着神像，消散回雾中
Silence descends around you as you pick up the jewelry left behind,当你捡起留下的珠宝时，四周陷入寂静
It will certainly fetch a nice purse,这肯定能卖个好价钱
Yet you cannot shake the image of that grotesque idol from your mind,然而，你无法摆脱脑海中那个怪异神像的形象
Part of you prays you never see it again whilst another knows with absolute certainty you will,一部分的你祈祷再也不要见到它，而另一部分则绝对肯定你还会再见到
What!,什么！
Never heard of the Santa Fury?,从没听说过圣·狂怒号？
"She was an Ombarian treasure-ship, they say",据说，她是一艘奥姆巴里安宝船
Disappeared around 40 cycles ago and it’s said she was laden heavy when she went,大约40个周期前失踪，据说她沉没时满载货物
People been looking for her ever since,从那以后人们一直在寻找她
"Me, I never put any stock in the legend",我嘛，从来不信这个传说
Sailor’s tale,水手的故事罢了
But then this rich fop from Adler’s up and offered to pay me and my company to go here and look for it,但后来鹰盔堡那个有钱的纨绔子弟突然提出要付钱给我和我的佣兵团，让我们来这里寻找
"Well, 'easy money' we thought",嗯，我们当时想‘这钱好赚’
"Idra’s not huge and according to the trader, rumor had it she lay on dry land near the lighthouse",伊德拉不大，据那个商人说，传言宝船搁浅在灯塔附近的陆地上
"And there’s only one lighthouse on Idra see, so sounded easy enough",而且伊德拉只有一座灯塔，所以听起来挺容易的
No reason to expect any bloodshed either,也没理由会有什么流血冲突
Idra used to be nice and peaceful,伊德拉曾经宁静祥和
Our steel was mostly in case we did find it and needed to guard any treasure,我们带武器主要是万一找到了宝藏，需要看守
"Needless to say, that’s not how it went",不用说，事情并非如此
You didn’t find anything?,你们什么都没找到？
Not a scrap,一点渣都没找到
We've searched every inch of this island and let me tell you,我们搜遍了这座岛的每一寸土地，我告诉你
The Santa Fury’s not here!,圣·狂怒号不在这里！
It bloody can’t be!,它根本不可能在！
A fucking ship on dry land?,一艘该死的船在陆地上？
And near the lighthouse nonetheless?,而且还在灯塔附近？
It does not exist!,根本不存在！
Mind if I give it a go?,介意我试试吗？
Buried Treasure,埋藏的宝藏
"Digging through the rocky soil, you’re almost ready to give up then your shovel suddenly strikes something metallic",在岩石土壤中挖掘，你几乎要放弃了，突然你的铲子碰到了金属物
A small but sturdy strong-box,一个小而坚固的保险箱
"Though it appears to have something inside, this is far from the fabled mountains of gold that Ombarian treasure-ships were said to carry",虽然里面似乎有东西，但这远非传说中奥姆巴里安宝船所载的金山
Open the box,打开箱子
The box swings open without difficulty,箱子毫不费力地打开了
Inside lies a small pile of strange and exotic looking jewelry,里面有一小堆奇特的异域珠宝
And underneath it: an artifact wrapped in rough linen,而在它下面：一个用粗麻布包裹的器物
"As you reach for it, a ringing rises in your ears and you go light headed",当你伸手去拿时，耳边响起一阵嗡鸣，你感到头晕目眩
Excitement?,是兴奋？
Something else,还是别的什么
"The bundle tumbles from your hands and as it does, it becomes unwrapped",包裹从你手中掉落，随之散开
Laying on the ground in front of you is a hideous idol carved from some unknown greenish-black rock,躺在地上的是一个丑陋的神像，由某种未知的墨绿色岩石雕刻而成
"An amorphous shape of eyes, mouths and tentacles that manages to convey a sense of immensity in spite of the effigy’s small size",一个由眼睛、嘴巴和触手组成的无定形形状，尽管雕像尺寸很小，却传达出一种浩瀚无垠的感觉
Hand over the idol,把神像交出来
The voice cuts through the mist like a dagger,声音像匕首一样划破雾气
You turn around to see Carylla and a handful of other shapes approaching threateningly with weapons drawn,你转过身，看到卡莉拉和几个身影手持武器，气势汹汹地逼近
I can’t bloody believe it!,我真他娘的不敢相信！
It worked!,成功了！
I told you all it would,我告诉过你们会的
one of the men flanking Carylla rants excitedly before she cuts him off with a poisonous glance,卡莉拉身旁的一个男人兴奋地咆哮着，她恶狠狠地瞪了他一眼，打断了他
Shut your bloody trap Pieter!,闭上你的臭嘴，皮特！
You!,你！
she points her sword towards you,她用剑指向你
Hand over the idol!,把神像交出来！
Kick it over,踢过来
Not going to happen!,休想！
The men I work for,我效力的那些人
They will go so much further than just spilling your blood to get what they seek,为了得到他们想要的东西，他们可不止会让你流血那么简单
"A smile, strangely sympathetic, flashes over her face",她脸上闪过一丝奇怪而同情的微笑
Then she clicks her tongue and the men flanking her charge!,然后她咂了咂舌，她两侧的男人发起了冲锋！
#SantaFury2,#SantaFury2
"Come to think of it, a bit of bloodshed might be just what I need right now!",仔细想想，眼下见点血或许正是我需要的！
"Come on then, you bastard",那就来吧，你这杂种
"There are people, groups even, you just do not talk about and I’m not about to start with you",有些人，甚至有些组织，是根本不能谈论的，我也不打算跟你开这个头
"Since you’re moments away from death however, I’ll give you this much",不过，既然你离死不远了，我就告诉你这么多
There are secrets in the Empire so deeply hidden you’ll only ever be able to perceive the faintest of their outlines,帝国中有些秘密藏得如此之深，你最多只能窥见其最模糊的轮廓
"So monumental are they, that even though they’re in front of your very nose, you’re unable to perceive them",它们如此庞大，即便就在你眼皮底下，你也无法察觉
The rest of Carylla’s group looks at her anxiously,卡莉拉队伍里的其他人不安地看着她
"Cary, you shouldn't",卡莉，你不该这样
one of them whispers to her,其中一人对她低语
Carylla’s eyes narrow,卡莉拉眯起眼睛
Have no fear Pieter,别怕 皮特
This one’s at the end of the road,这家伙走到头了
"Wait, I had some more questions first!",等等，我还有些问题要先问！
Prepare to die you bitch!,准备受死吧 你这贱人！
The group exchanges nervous glances,这群人紧张地交换着眼神
I’m paid well to not ask questions and that’s a particularly dangerous question to ask,我拿高薪就是为了不问问题 而这个问题尤其危险
"Let’s just say, someone was willing to put a lot of gold towards recovering this",这么说吧，有人愿意花大把金子来找回这东西
Carylla pats the bag hanging by her side,卡莉拉拍了拍挂在身侧的袋子
"So, shall I gut you now?",那么，我现在就给你开膛？
I had some more questions first,我还有些问题要先问
Who's paying you?,谁在付你钱？
Let's dance!,来战吧！
"As you approach the camp, a group of armed men and women whirl to face you",当你靠近营地时，一群全副武装的男女猛地转身面对你
You recognize them as the troupe who ‘relieved’ you of the Santa Fury idol,你认出他们正是从你手中“夺走”圣怒号神像的那伙人
"They do, however, look quite a bit rougher compared to when you saw them last",不过，比起你上次见到他们时，他们看起来狼狈了不少
"Carylla, the leader of the group draws her sword and points it at you",卡莉拉，这伙人的头领，拔出剑指向你
You?,是你？
"Tell me, is your death-wish truly that strong?",告诉我，你当真这么想死？
All I want is to get paid for this bloody idol and leave this fucking island!,我只想拿这该死的破神像换钱，然后离开这座鬼岛！
Turns out that’s rather difficult at the moment and now I have to take time off from my drinking to spill your stinking guts as well?!,结果眼下这事变得相当棘手 现在我还得放下酒杯 来把你那臭烘烘的肠子也捅出来？！
"Wait, let's parlay!",等等，我们谈谈！
What are we waiting for?,我们还在等什么？
I'll indulge you,我就迁就你一下
What is that idol?,那神像是什么？
Who hired you?,谁雇的你？
How about I just take the idol of your hands?,不如我直接从你手里拿走神像？
Enought talk!,废话少说！
Time to die!,受死吧！
Carylla lets out a sound somewhere between a snort and a laugh,卡莉拉发出一声介于嗤笑和大笑之间的声音
"Pray tell, why would I do that?",请问，我为什么要那么做？
"For all her bravado, there is something",尽管她虚张声势，但有些东西
The slightest hint of doubt,一丝极细微的疑虑
Hand it over and I'll let you live,把它交出来 我就饶你一命
One of the lackeys look pleadingly at her but Carylla is adamant,一个手下恳求地看着她 但卡莉拉态度坚决
You don’t understand do you?,你不明白 对吧？
There are forces at work far more powerful and much darker than you can fathom,有远比你能想象的更强大、更黑暗的力量在运作
Your threats pale in comparison to what they would do,你的威胁跟他们要做的事比起来 根本不值一提
The group quickly and quietly slinks off into the forest leaving you behind with the idol,这伙人迅速而安静地溜进森林 留下你和那尊神像
"As you remove it from the sack and gaze upon the grotesque form, a ringing rises in your ears",当你把它从袋子里取出，凝视着那怪诞的形态时，一阵耳鸣在你脑中响起
This is no mere mundane item - of that you have no doubt,这绝非寻常凡物——对此你毫不怀疑
"As you stow it in your pack, you can’t help but wonder if Carylla’s final words were true",当你把它收进背包时，不禁怀疑卡莉拉最后的话是否属实
"Have you drawn the ire of other, darker forces?",你是否已经招来了其他更黑暗力量的怒火？
"One of the men leans in, speaking to Carylla",一个男人凑过来，对卡莉拉说
"Cary, ’s onto something yeah?",卡莉，他说得有点道理，对吧？
Let’s get out of here and leave that bleedin’ thing for them?,我们离开这儿，把那该死的东西留给他们？
Let them deal with it!,让他们去处理吧！
Carylla swallows hard,卡莉拉艰难地咽了口唾沫
Then throws you a sack with something heavy in it,然后扔给你一个沉甸甸的袋子
Have the fucking thing!,拿走这该死的玩意儿！
Maybe I’ll finally get to sleep now,也许我终于能睡个安稳觉了
But hear me,但你听好
Men will be coming for that,会有人来找这东西的
Men far more powerful than me and my lot,比我和我这帮人强大得多的人
So you best sleep with one eye open from now on,所以你最好从现在起睁着一只眼睡觉
"If you’re able to sleep at all, that is",如果你还能睡得着的话
Take the idol,拿走神像
"Cary, he’s onto something yeah?",卡莉，他说得有点道理，对吧？
"Cary, she’s onto something yeah?",卡莉，她说得有点道理，对吧？
#ShrineAgility,#神龛敏捷
A pilgrim's shrine,朝圣者的神龛
Driina answers as she thoughtfully strokes the ancient masonry,德莉娜一边若有所思地抚摸着古老的石砖，一边回答道
There are a number of these spread throughout the Outer Isles,外岛各处散布着许多这样的神龛
Pilgrims would come from throughout the Empire to pray at them,朝圣者会从帝国各地前来祈祷
It is said to bring good luck and clarity,据说能带来好运和清明
But you have not visited them?,但你还没去过吗？
I’m a Sepulchite,我是葬仪修会的
My order is not required to do pilgrimages and I’ve had little time to wander in my time here,我的修会不要求朝圣，而我在这里的这段时间也没什么空闲四处游历
"That being said, it would give me great joy to be able to visit all the shrines one day",“话虽如此，有朝一日能遍访所有神龛，会让我非常开心”
"Say, pilgrims traveling to the shrines pass through Horryn",“话说，前往神龛的朝圣者会途经霍林”
We might still find some there,我们或许还能在那里找到一些
Perhaps they could teach us the proper prayers and rituals to perform at these sites?,也许他们能教我们在此处进行恰当的祈祷和仪式？
Yes let's keep an eye out for them,好，我们留意一下他们
"An ancient, weathered Imperial way-shrine stands before you",“一座古老、饱经风霜的帝国路旁神龛矗立在你面前”
Despite its remote location you suspect it still sees occasional use,尽管地处偏远，你怀疑它仍偶尔有人使用
Pray at the shrine,在神龛前祈祷
"Driina, what is this?",“德莉娜，这是什么？”
Examine the shrine,检查神龛
You are a bit rusty on your Imperial religious history and have no clue as to the way-shrine’s purpose,你对帝国宗教史有些生疏，完全不知道这路旁神龛的用途
This is one of several pilgrim sites in the Outer Isles,这是外岛的几处朝圣地点之一
It is said that to pray at them offers wholeness of body and clarity of mind,据说在此祈祷能带来身体的完整与心智的清明
"However, you have no idea of the proper prayers and rituals to perform",“然而，你不知道该进行怎样的恰当祈祷和仪式”
Perhaps there are pilgrims in the region for you to ask?,也许这地区有朝圣者可以让你问问？
You kneel by the way-shrine and begin to recite the pilgrim’s prayer,你在路旁神龛旁跪下，开始念诵朝圣者的祈祷文
You successfully complete the ritual,你成功完成了仪式
"Traveling north along the coast, you notice a young man standing at the side of the road",沿着海岸向北行进，你注意到路边站着一个年轻人
# Shrines,# 神龛
#Shrines General,#神龛通用
{PLAYER} gained Ability,{PLAYER} 获得了能力
Blessing of Fortitude Kat gained Ability,卡蒂获得了坚韧祝福能力
#SpiderCaveSon,#蜘蛛洞穴之子
Ol’ mother Katak’s cottage lies to the north-east,老卡塔克嬷嬷的小屋在东北方
Has a great big tree growing through it so you can’t miss it,有棵大树从屋里长出来 你不会错过的
Ol’ lady’s a bit strange but she knows things!,老太太有点古怪 但她知道不少事情
Potions and herbs and such,药水和草药之类的
Might even have some to sell you,说不定还能卖你一些
Anything else?,还有别的吗
Aye!,嗯
There’s a bit of marshland north of the big oak,大橡树北边有一片沼泽地
I’d stay out of there,我劝你别去那儿
There’s lizards and such and they say even a single bite is enough to kill ya on account of the disease they carry in their mouths!,那里有蜥蜴之类的 据说只要被咬一口就足以致命 因为它们嘴里带着病
Thanks!,谢谢
I'll get going then,那我走了
Tombs bless you!,愿墓群保佑你
"If... when you find my dar, tell him I’ll be waiting for him at home!",如果……等你找到我爹 告诉他我会在家等他
"The boy sets off into the woods and once more, the forest is quiet",男孩动身走进树林 森林再次安静下来
"To your surprise, a young man crashes through the undergrowth ahead of you",出乎你的意料 一个年轻男子从你前方的灌木丛中冲了出来
His face is red and he’s panting heavily as he spots you,他满脸通红 气喘吁吁地看到了你
He... help!,他……救命
They took ‘im!,他们抓走了他
They took who?,他们抓走了谁
My dar!,我爹
We were working at the lumber-camp when they just burst out of the trees!,我们正在伐木营地干活 他们突然从树林里冲了出来
My dar took a swing at em with ‘is axe an told me to run!,我爹用他的斧子朝他们挥了一下 叫我快跑
The boy breaks down and sobs,男孩崩溃了 抽泣起来
But I saw ‘em take ‘im and drag ‘im into the forest!,但我看到他们抓走了他 把他拖进了森林
What took your father?,是什么抓走了你父亲
I couldn’t tell you because they kind of hid in the undergrowth!,我说不上来 因为他们躲在灌木丛里
But they were large as hounds and all I saw was the gleam from their terrible eyes!,但他们像野狗一样大 我只看到他们可怕的眼睛闪着光
Please,求你了
You have to go look for 'im!,你得去找他
He’s all I got left since ma died!,自从我妈死后 他是我唯一的亲人了
I'll try,我会试试
Camp’s to the east of here!,营地在东边
Just go past the big oak and then you’ll eventually see our lean-to and campfire!,只要经过那棵大橡树 你最终会看到我们的棚屋和篝火
Please hurry!,请快点
Anything else of note in the area?,这附近还有什么值得注意的吗
I’ll make my own way out,我会自己想办法出去
Surely my boy is waiting,我的孩子肯定在等我
Fare thee well and be careful - These are dark times,保重，小心——如今世道黑暗
The man bows deeply and leaves,那人深深鞠躬后离开了
You recoil in shock as the cocoon shifts under your hands!,当茧在你手下蠕动时，你震惊地缩回手！
Whatever is inside is still alive,里面的东西还活着
"As you stand there dumbstruck, you can hear faint moaning","""当你目瞪口呆地站在那里时，能听到微弱的呻吟声"""
Cut open the cocoon,割开茧
You carefully cut open the cocoon and a large man stumbles out,你小心地割开茧，一个高大的男人跌跌撞撞地摔了出来
"No doubt shaken and disoriented from the ordeal, the poor fellow looks at you with wide eyes",显然是被这番磨难吓坏了，这可怜的家伙睁大眼睛看着你
What,什么
Who,谁
Where?,在哪里？
Your son sent me to look for you!,你儿子派我来找你的！
Recollection creeps back into the man’s eyes,回忆渐渐回到男人的眼中
So,那么
So Lon’s alive?,那么朗还活着？
He made it!?,他成功了！？
Thank the Golden!,感谢黄金之神！
And you,还有你
You risked your own life to save me?,你冒着生命危险来救我？
How can I ever repay you?,我该如何报答你？
No reward is necessary,不需要报酬
Surely you have something?,你肯定有什么想要的吧？
"In that case, you have my eternal gratitude my lord!",那样的话，你永远拥有我的感激，领主大人！
"In that case, you have my eternal gratitude my lady!",那样的话，你永远拥有我的感激，女士！
Here,给
Take my axe!,拿着我的斧子！
It's as well crafted as they come and I'm sure it'll fetch you a pretty penny at the market!,这把斧子做工精良，肯定能在市场上卖个好价钱！
Thank you!,谢谢你！
"In that case, you have my eternal gratitude my Lord!",那样的话，你永远拥有我的感激，领主大人！
"In that case, you have my eternal gratitude my Lady!",那样的话，你永远拥有我的感激，女士！
#StarstriderShip_Awakening,#星行者飞船觉醒
Darkness,黑暗
The feel of cold metal on bare skin,裸露皮肤上冰冷金属的触感
A smell in the air,空气中有一股气味
"The pungent mix of spices, ozone and untold eons past",香料、臭氧与无数纪元过去的刺鼻混合物
"Consciousness eludes you however, and you slip back into the abyss",然而意识离你而去，你滑回深渊之中
…,…
You dream of floating,你梦见漂浮
Of stars,梦见星辰
A blue orb wreathed in a shimmering veil,一个被闪烁光幕包裹的蓝色球体
But there is more; A rift!,但还有更多；一道裂隙！
Something seeps through,有什么东西渗了进来
Like venom entering a wound,如同毒液渗入伤口
Coiling,盘绕
Roiling,翻腾
Primordial,原初
Suddenly a scream of pain and terror cuts into your mind like an acid knife!,突然，一声痛苦与恐惧的尖叫像一把强酸刀一样刺入你的脑海！
"Shocked awake, the scream echoes in your mind",惊醒过来，那尖叫仍在脑海中回荡
Was it real or part of the dream?,那是真实的还是梦境的一部分？
"Stirring slowly, you find you’re lying on some kind of table",慢慢动弹，你发现自己正躺在某种桌子上
"You’re naked and cold and, as far as you can tell, all alone",你赤身裸体，浑身冰冷，而且就你所知，孤身一人
You stand up and find your head spinning,你站起身来，感到天旋地转
"Even in the faint light, the vague outlines hint of proportions and dimension not meant for men",即使在微弱的光线下，模糊的轮廓也暗示着非为人类而设的比例与维度
What immortal hand could have framed such things?,何等不朽之手方能塑造此等事物？
Perhaps the concealing darkness is a blessing to your wracked senses,或许这遮蔽的黑暗对你饱受折磨的感官是一种恩赐
#StarstriderShipConsole,#星行者飞船控制台
Something about Doors,关于门的一些事
More about Doors,更多关于门的事
The machine abides,机器在等待
The inner doors have been unlocked,内部的门已解锁
Issue another query,发出另一个查询
A discordant sound blears at you from the machine in what can only be described as contempt,机器发出一种刺耳的声音，只能用轻蔑来形容
The aperture dies down and the machine appears to some sort of hibernation state,光圈暗淡下来，机器似乎进入了某种休眠状态
The image is one of deep timeless sleep,画面是一种深沉永恒的睡眠
Millennias passing in silence,千年在寂静中流逝
Then a sound,然后一个声音
Something banging on the outer skin,有什么东西在敲击外壳
Children!,孩子们！
They have descended from the trees and multiplied,他们从树上下来，繁衍增多
In their greed for knowledge and power they now come to disturb us,出于对知识和力量的贪婪，他们现在来打扰我们
But something else has crept in,但别的东西已经悄悄潜入
They have torn the veil!,他们撕开了帷幕！
It is here now!,它现在就在这里！
It claws at our skin!,它抓挠着我们的外壳！
We are holding for now but we grow weak,我们暂时还能支撑，但我们正在变弱
The navigator must awaken,领航员必须醒来
"The longer you play with it, the more the strange sounds and images resonate with you",“你越是摆弄它，那些奇怪的声音和图像就越与你产生共鸣”
You begin seeing them for what they are,你开始看清它们的本质
Terms in some great cosmic equation,某个宏大宇宙方程中的项
A language of pure logic,一种纯逻辑的语言
No longer are the notes mere sounds,音符不再仅仅是声音
With each note a number resonates,每个音符都有一个数字在共鸣
"As if sensing your dawning understanding, the great machine offers you a prompt",“仿佛察觉到你逐渐理解，这台伟大的机器向你发出了提示”
How do you respond?,你如何回应？
Enter '4',输入“4”
Enter '5',输入“5”
Enter '6',输入“6”
The machine prompts you to enter the next number,机器提示你输入下一个数字
Enter '8',输入“8”
Enter '10',输入“10”
Enter '12',输入“12”
The machine prompts you to enter the final number,机器提示你输入最后一个数字
Enter '13',输入“13”
Enter '14',输入“14”
Enter '15',输入“15”
The interior of the aperture appears like a churning vortex of some black oily substance,光圈内部看起来像某种黑色油状物质翻腾的漩涡
"Within it motes of light appear, looking almost like miniature stars that are born and die within the span of moments",“其中出现了光点，看起来几乎像微型的星星，在瞬息之间诞生又消亡”
Images form,图像形成
Strange geometric shapes that combine and recombine in strange infinite fractals,奇怪的几何形状，以奇异的无限分形组合再组合
"Looking around for a way to operate the strange machine, your hand passes over the liquid-filled basins",“四处寻找操作这台奇怪机器的方法时，你的手拂过了装满液体的盆子”
A strangely musical note can be heard,可以听到一个奇特的乐音
Soft at first and then much stronger as your fingers lightly graze the surface of the liquid,起初轻柔，然后随着你的手指轻轻掠过液体表面，声音变得响亮得多
"Dipping your fingers into the liquid at different points produces unique notes - almost like playing an instrument - and as you do so, the images on the aperture shift",“将手指浸入液体不同位置会产生独特的音符——几乎就像在演奏乐器——而当你这样做时，光圈上的图像也随之变化”
You find yourself mesmerized,你发现自己被迷住了
The auditory and visual patterns seem utterly incomprehensible and yet,这些听觉和视觉模式似乎完全无法理解，然而
There is something there,那里有什么东西
Something stirring in the back of your mind,有什么东西在你脑海深处搅动
"A sonorous, polyphonic wave of equations issues forth from the aperture",“一阵洪亮、复调般的方程式波动从光圈中涌出”
"Like a veil being lifted, you find that you now understand the machine’s language on an instinctual level",“就像帷幕被揭开，你发现自己现在本能地理解了机器的语言”
"The aperture on the wall is strangely mesmerizing though at the present, you have a feeling it is somehow inactive",“墙上的光圈有一种奇异的魅力，不过目前，你感觉它似乎处于非活跃状态”
You look over at the empty basins flanking it,你看向两侧的空盆子
Perhaps they are involved somehow?,也许它们与此有关？
The machine serves at your command,机器听从你的命令
Unlock the doors!,解锁门！
What is the status of this place?,这个地方的状态如何？
The black surface vibrates in anticipation as you approach it,当你靠近时，黑色的表面期待地振动着
Interact,互动
Something about Status,关于状态的一些事
More about Status,更多关于状态的事
Finally the last part about Status,最后关于状态的部分
#StarstridershipConsolePools,#星舰控制台池
"Smooth, empty basins line the console",光滑的空盆排列在控制台上
Narrow grooves seem to connect them and you get a feeling that they’re part of some kind of machine,狭窄的凹槽似乎将它们连接起来，你感觉它们是某种机器的一部分
"Whatever this is, it appears dormant at the moment and has likely been so for a long time",不管这是什么，它目前似乎处于休眠状态，而且很可能已经休眠了很长时间
Fill Basins,填满盆子
"Carefully, you empty the fluid from the vessels into the basins",你小心翼翼地将容器中的液体倒入盆中
"Seeming to move of its own volition, the fluid spreads from basin to basin through the inset grooves and slowly the entire room hums into life",液体似乎自行移动，通过嵌入的凹槽从一个盆扩散到另一个盆，慢慢地整个房间嗡嗡作响，恢复了生机
It appears you have conjured something back into life,看来你让什么东西重新焕发了生机
#StarstriderShipDriina,#星行者飞船德莉娜
The Driina’s whispered prayers echo softly throughout the strange hallway,德莉娜的低语祈祷声在这条奇怪的走廊里轻轻回荡，
Over and over she recites the same lines as she rocks gently back and forth,她一边轻轻前后摇晃，一边一遍又一遍地重复着同样的祷词，
Driina!,德莉娜！
I tried to talk to her,我试着和她说话，
To make her see,想让她明白，
But it’s too late,但太迟了，
I couldn’t stop her,我阻止不了她，
Who?,谁？
She is so close now,她现在离得很近了，
He calls to her,他在呼唤她，
I really did try to stop her,我真的试过阻止她，
But I see now,但我现在明白了，
We have always come here - and we always will,我们总是来到这里——而且我们永远都会来，
She will need your help before the end,在结束之前，她会需要你的帮助，
She lapses back into reciting her prayer,她又陷入了祈祷的背诵中，
There is nothing more to be done for her,对她已经无能为力了，
#StarstriderShipIben,#星行者飞船伊本
Your hands shake as you contemplate what you must do!,当你思考必须做的事情时，双手不住颤抖！
"To release him, you must no doubt inflict more pain onto his tortured form",“要释放他，你无疑必须给他饱受折磨的身躯带来更多痛苦”
"Fumbling, you reach into the open chest-cavity searching for his heart",“你摸索着，将手伸进敞开的胸腔，寻找他的心脏”
You find it but the feeling of it beating in your hands is enough to make you vomit,你找到了它，但它在手中跳动的感觉足以让你呕吐
"You try again, tears streaming down your face and, with much effort, you eventually manage to end his torment",“你再次尝试，泪水顺着脸颊流淌，费了很大力气，你终于结束了他的痛苦”
You control your breathing as best you can,你尽力控制住呼吸
Iben is already gone - You’re just setting him free,伊本早已离去——你只是在让他解脱
With deft hands you reach into the open chest cavity and find the still-beating heart,你灵巧地伸手进入敞开的胸腔，找到了仍在跳动的心脏
You end his torment,你结束了他的痛苦
The scene ahead of you is one of utter horror frozen in time,眼前的景象是凝固在时间中的彻底恐怖
The form of a man utterly unmade with a master chirurgeon's precision,一个被外科大师以精准手法彻底拆解的人形
And for what purpose?,又是出于什么目的？
Cruelty perhaps?,也许是残酷？
This body was taken apart by curious hands,这具身体被好奇的双手拆开
Like a child would pick apart some clever clockwork toy to get at the secrets within,就像孩子拆开精巧的发条玩具，想探寻其中的秘密
Murder to dissect,为解剖而谋杀
Examine the body more closely,更仔细地检查尸体
Reluctantly you approach the mangled face of the corpse,你极不情愿地靠近那具面目全非的尸体脸庞
Disassembled into its anatomical component pieces it’s nonetheless familiar to you,尽管被拆解成解剖学上的各个组件，但你仍然觉得熟悉
This is the corpse of Iben,这是伊本的尸体
The man who fought so valiantly at your side through horrors untold,那个曾在你身边英勇奋战，历经无数恐怖的人
There was no warrior’s death for him; just pain and terror,他没有得到战士的死亡；只有痛苦与恐惧
Good bye old friend,再见了，老朋友
The corpse’s eyes open wide!,尸体的眼睛猛然睁开！
"Impossibly, Iben is still alive",“不可思议，伊本竟然还活着”
The chirurgeon has taken great care to maintain the integrity of the circulatory system and for the first time you notice that the splayed body-parts are still connected by pulsating blood vessels!,外科医生极其小心地保持了循环系统的完整，你这才第一次注意到，那些摊开的身体部件仍由搏动的血管连接着！
"Eyes stare at you in wordless terror and, no doubt, pain beyond measure!",“那双眼睛无言地凝视着你，充满恐惧，毫无疑问，还有无法衡量的痛苦！”
Do what must be done,做必须做的事
Dazed you stumble away from the horrid scene,你茫然地踉跄着离开这可怕的场景
There is nothing more for you here now,这里现在已没有你留下的理由
You must push ahead,你必须继续前进
#StarstriderShipKat,#StarstriderShipKat
Movement catches your eye ahead,前方有什么动静吸引了你的目光
Something small and pale,一个小小的、苍白的东西
Crouching like a frightened animal,像受惊的动物一样蜷缩着
Your heart sinks as you see who it is,当你认出那是谁时，你的心一沉
Kat,卡蒂
She throws herself at you and clings to you like a shivering child,她扑向你，像个颤抖的孩子一样紧紧抱住你
T-they took him!,他-他们把他带走了！
They did… they made h-him,他们……他们把他变成了……
T-they took us!,他-他们把我们也抓了！
We’re powerless!,我们无能为力！
The little men!,那些小人！
They live in the walls!,他们住在墙壁里！
I saw them take us,我看见他们抓走了我们
Stripped us down like beasts going to the butcher’s cleaver!,像牲畜被拖去屠夫的屠刀下一样剥光了我们的衣服！
They don’t sleep like he does,他们不像他那样睡觉
They stay awake so he can sleep!,他们保持清醒，好让他能睡觉！
Who do you mean?,你指的是谁？
The king!,国王！
The navigator,领航员
He’s slept for so long but they say it’s time for him to wake up now,他已经沉睡了很久，但他们说现在是他醒来的时候了
They say they’re glad we came here,他们说很高兴我们来到这里
We did good,我们做得很好
But I don’t believe them,但我不相信他们
We should never have come!,我们根本就不该来！
Gods walk these halls!,众神行走在这些厅堂中！
We need to get out of here!,我们必须离开这里！
Kat’s expression vacillates between a smile and sheer terror,卡蒂的表情在微笑和纯粹的恐惧之间摇摆不定
The little men say we can’t leave,那些小人说我们不能离开
The king must awaken before the crawling doom finds its way inside,国王必须在蠕行之厄找到进来的路之前醒来
She tilts her head slightly to one side as if hearing something,她微微歪着头，仿佛在倾听什么
And they say it’s time for me to go now,他们说我现在该走了
I’m next,下一个是我
She takes a step backwards,她向后退了一步
Kat?,卡蒂？
"She holds your gaze, her smile almost apologetic, as she backs up against the wall",她凝视着你，笑容近乎歉意，一边后退靠在了墙上
The strange biomechanical material convulses and a fissure opens up,那奇异的生物机械材料抽搐起来，裂开了一道缝隙
"Half a dozen grotesque, small hands reach out and wrap around Kat!",六只怪异的小手伸出来，缠住了卡蒂！
Before you have time to react she is pulled in and the fissure seals shut with a disgusting smack,你还没来得及反应，她就被拖了进去，裂缝伴随着一声令人作呕的啪嗒声合上了
You are left dumbfounded and alone,你目瞪口呆，独自一人留在原地
#StarstriderShip_Misc,#StarstriderShip_Misc
A strange membranous substance blocks the road ahead,一种奇怪的膜状物质挡住了前方的道路
You suspect this may be some kind of door though there is no opening mechanism nearby,你怀疑这可能是某种门，尽管附近没有开启机关
#StarstriderShipServitor,#StarstriderShipServitor
The simulacra of a humanoid form stands before you,一个人形拟像站在你面前
Is this a machine imitating life or some living thing imitating a machine?,这是一台模仿生命的机器，还是某种模仿机器的活物？
"A strange, viscous liquid fills its cupped hands as if it’s offering it to you",“一种奇怪的粘稠液体充满了它捧起的双手，仿佛在将它献给你。”
Fill Vessel,填充容器
The vessel slots into the machine-creature and fills liquid,容器插入机器生物中，装满了液体
You take it back,你把它拿了回来
Perhaps this can be of some use?,也许这能派上什么用场？
#StarstriderShipVaultEnter,#StarstriderShipVaultEnter
You stand in the halls of titans,你站在巨人的殿堂中
No man was ever meant to see this!,凡人本不该目睹此景！
Why did you come here?,你为何来到这里？
It was her wasn’t it?,是因为她，对吗？
Or was it?,还是另有原因？
Did you ever really have a choice?,你真的有过选择吗？
Was there some unseen hand driving you towards this doom?,是否有一只无形之手，将你推向这厄运？
"Breathing fast and head reeling, your eyes fix on something utterly out of place in its mundanity",呼吸急促，头晕目眩，你的目光落在一样极其平凡、却与此地格格不入的东西上
A discarded shoe,一只被丢弃的鞋
Look behind you,回头望去
You sense her before you see her,你未见其人，先感知到她的存在
A luminous phantom in the darkness,黑暗中一个发光的幻影
Naked and emaciated there is nonetheless something in her bearing,赤身裸体，瘦骨嶙峋，但她的举止中却透着某种东西
Acceptance?,是接受？
An aura of maternal comfort?,一种母性慰藉的光环？
She strokes your cheek,她轻抚你的脸颊
Don’t be afraid,别害怕
We’re with him now,我们现在与他同在
What is happening?,发生了什么？
Look upon him,注视他
She takes you by the hand and leads you to the base of the massive throne,她牵着你的手，带你走到巨大王座的基座前
Stars flash before your eyes as you force yourself to look at the statue seated on it,当你强迫自己看向端坐其上的雕像时，眼前星光闪烁
Or is it something… more?,还是说，它不止于此……？
A sleeping king?,一位沉睡的君王？
A god!,一位神祇！
Your heart begins racing,你的心开始狂跳
You cannot bear standing in its presence,你无法承受站在它面前
Embla begins laughing as tears stream down her face,恩布拉开始大笑，泪水却顺着脸颊流淌
"A tremor violently shakes the structure and you feel, more than hear, an otherworldly scream coming from somewhere outside",一阵剧烈的震动摇晃着建筑，你与其说是听到，不如说是感觉到，从外面某处传来一声非人间的尖叫
Embla’s eyes are wide,恩布拉瞪大了眼睛
I must do what I was summoned here for and you must help me,我必须完成我被召唤至此的使命，而你必须帮助我
Help you do what?,帮你做什么？
The King must awaken before the Dragon reaches him,必须在龙抵达之前唤醒君王
He’s slept for so long and there is so little of his essence left,他沉睡了太久，所剩的精华已寥寥无几
He needs fresh life,他需要新鲜的生命
The glass sarcophagus opens as Embla approaches,随着恩布拉走近，玻璃石棺打开了
To your amazement you see that the inside is molded to perfectly fit a human form,你惊讶地发现，内部被塑造成完美贴合人类形体的形状
The dire implications of the device are unmistakable,这装置的可怕用途毋庸置疑
It can't end like this!,不能就这样结束！
I'm supposed to take you to your father!,我应该带你去见你的父亲！
Don’t you understand?,你还不明白吗？
She smiles sadly,她悲伤地微笑着
I’m already with my father,我已经与我的父亲同在
She softly strokes your cheek,她轻柔地抚摸你的脸颊
I’ve always come here and you’ve always brought me,我一直都来到这里，而你也总是带我前来
Time and time again we’ve stood here - in this place,一次又一次，我们站在这里——在这个地方
And every time you do the right thing,而每一次，你都做了正确的事
That is the entirety of my universe now,那便是我如今的全部宇宙
Him in front - you behind,他在前——你在后
But you'll die!,但你会死的！
All things die,万物皆有终结
But I’ll be with him,但我会与他同在
I wonder if I will look out from behind his eyes?,不知我是否会透过他的双眼向外张望？
"Slowly and painfully, Embla hoists herself onto the rim of the sarcophagus",缓慢而痛苦地，恩布拉将自己撑上石棺的边缘
With much effort she swings her legs up and lies down in the device,她费力地抬起双腿，躺入装置之中
Her body seems to have aged years just since you entered the chamber but now a look of utter relief washes over her face,自你进入这房间以来，她的身体仿佛衰老了数年，但此刻，一种全然解脱的神情浮现在她脸上
The machine emits an oddly beautiful note,机器发出一声奇异而优美的音调
A ritual has begun and it is time for you to take your part,仪式已经开始，该你扮演你的角色了
Interact with the machine,与机器互动
A torrent of resonant wave-form logic floods into you and the machine now awaits your command,一股共振波形逻辑的洪流涌入你的脑海，机器现在等待你的指令
Commence the ritual,开始仪式
A huge tremor once again shakes the craft,又一次巨大的震动摇晃着飞船
The howl that sounds this time is much more forceful,这次响起的嚎叫更加猛烈
Something is about to breach the craft’s outer hull,有什么东西即将突破飞船的外壳
Embla half-open eyes remain fixed on you as you feed the machine the harmony that sets the ritual in motion,恩布拉半睁的双眼依然凝视着你，你向机器输入启动仪式的和声
The faintest trace of a smile plays across her lips,一丝最微弱的笑意掠过她的唇边
"Snaking tendrils emerge from holes in the machine, seeking out the body encased within",蜿蜒的触须从机器的孔洞中伸出，探寻着被包裹在内的躯体
She jolts as they plunge into her flesh,当它们刺入她的血肉时，她猛地一颤
For a moment she is quiet then she breaks out into violent spasms,她安静了片刻，随即爆发出剧烈的痉挛
The machine begins to whir and the tendril-plugs pulsate obscenely with peristaltic motion,机器开始嗡嗡作响，触须插头以蠕动的方式淫邪地搏动着
It has begun!,已经开始了！
Let the ritual proceed,让仪式继续
The room shakes violently,房间剧烈震动
Light streaming from the anti-womb into the sleeping King as Embla is utterly unmade,光芒从反子宫涌入沉睡的君王，恩布拉则被彻底分解
He who sat undying for eons stirs!,那永世不灭的存在，动了！
HE RISES!,他站起来了！
You are but an insect at the feet of gods,你不过是众神脚下的蝼蚁
All is darkness,一切陷入黑暗
#StarstriderShipVaultThrone,#星行者飞船宝库王座
Ask about HelpEmbla,询问关于帮助艾姆布拉
Ask about StopEmbla,询问关于阻止艾姆布拉
Ask about AnotherWay,询问关于另一种方法
Something about HelpEmbla,关于帮助艾姆布拉的一些事
More about HelpEmbla,更多关于帮助艾姆布拉
Finally the last part about HelpEmbla,最后关于帮助艾姆布拉的部分
Something about StopEmbla,关于阻止艾姆布拉的一些事
More about StopEmbla,更多关于阻止艾姆布拉
Finally the last part about StopEmbla,最后关于阻止艾姆布拉的部分
Something about AnotherWay,关于另一种方法的一些事
More about AnotherWay,更多关于另一种方法
Finally the last part about AnotherWay,最后关于另一种方法的部分
#TowerOfAshElevator,#灰烬之塔电梯
The elevator stands ready to take you up to the upper level of the dungeon,电梯已准备好带你前往地牢的上层
Ascend,上升
The plate set into the floor bobs slightly as you step onto it,当你踏上时，嵌入地板的平台微微晃动
It appears to be a kind of elevator leading down to the level below,这似乎是一种通往下方楼层的电梯
#UnderhallsFungusCluster,"#地下大厅菌簇,"
A cluster of giant 'vomit cup' fungi grow in these cave,一簇巨大的“呕吐杯”菌生长在这些洞穴中
They emit an odor so foul you would only touch them if you were paid to do so,它们散发出极其恶臭的气味，除非有人付钱，否则你绝不会去触碰它们
Carefully gather some of the caps for Esteban,小心地为埃斯特班收集一些菌盖
You slice off a few of the larger caps and place them in a bag,你切下几个较大的菌盖，放进袋子里
The stench is almost overwhelming,恶臭几乎令人难以忍受
The stench is overwhelming and leaves you stricken with nausea,恶臭令人难以忍受，让你感到恶心
#,#
#,#
#,#
#,#
#,#
#,#
#,#
#,#
#,#
#,#
#,#
#,#
#,#
#,#
#,#
#,#
#,#
#,#
#,#
#,#
#,#
#,#
#,#
#,#
#,#
#,#
#,#
#,#
#,#
#,#
#,#
#,#
#,#
#,#
#,#
#,#
#,#
#,#
#,#
#,#
#,#
#,#
#,#
#,#
#,#
#,#
#,#
#,#
#,#
#,#
#,#
#,#
#,#
#,#
#,#
#,#
#,#
#,#
#,#
#,#
#,#
#,#
#WizardDungeonAlchemyBench,#巫师地下城炼金台
The device hums with life and you get the impression it’s ready for use,装置发出嗡嗡声，充满活力，你觉得它已经准备就绪。
Craft the Salts of Elthanyr,制作埃尔萨尼尔之盐
"Taking great care to place the ingredients into the catalyzer in the correct order, the process of transmutation begins",你小心翼翼地将材料按正确顺序放入催化器中，嬗变过程开始了。
Loud mechanical noises and hisses of steam sound as the machine vibrates violently,机器剧烈震动，发出响亮的机械噪音和蒸汽的嘶嘶声。
Then to your amazement a beaker emerges - filled with a cerulean substance that no doubt is the Salts of Elthanyr,然后，令你惊讶的是，一个烧杯出现了——里面装满了蔚蓝色的物质，毫无疑问就是埃尔萨尼尔之盐。
Take the salts,拿起盐。
It seems you have done what Calipero asked you to do,看来你已经完成了卡利佩罗要求你做的事。
Now you must make your way down into the summoning chamber and prepare to face whatever you find there,现在你必须前往召唤室，准备面对你在那里发现的任何东西。
This appears to be some form of exotic alchemical crafting device,这似乎是某种奇特的炼金制作装置。
"However, at the moment it appears to be somehow inactive",然而，此刻它似乎不知为何处于非活跃状态。
#WizardDungeonCloneRoom,#巫师地牢克隆室
The pathetic creatures howl in rage and terror and around them flickering reticular energies begin to form!,这些可怜的生物在愤怒和恐惧中嚎叫，周围开始形成闪烁的网状能量！
"A handful of naked forms flail about the room, attacking with their bare hands the strange machines that fill it",几个赤裸的身影在房间里乱挥乱打，徒手攻击着满屋的奇怪机器。
Their eyes are wild and staring and they drool as they bleat forth their non-verbal cries of fear and rage,他们眼神狂野而呆滞，流着口水，发出非言语的恐惧与愤怒的咩叫。
Suddenly they spot you and as one they freeze in place with a mask of terror on their face,突然他们发现了你，一齐僵在原地，脸上露出惊恐的表情。
Look at these machines!,看看这些机器！
This is where he… creates these poor creatures?,这就是他……制造这些可怜生物的地方？
They must have escaped when their master somehow failed to attend to them,他们一定是在主人不知何故未能照料他们时逃出来的。
Born into a world comprised solely of this subterranean nightmare,出生在一个完全由这地下噩梦构成的世界，
Embla looks around in wonder,恩布拉惊奇地环顾四周，
But that means,但那意味着，
They’re like children?,他们就像孩子？
Kat adds,卡蒂补充道，
Go!,快走！
Get out of here!,离开这里！
Let's put them out of their misery!,让我们结束他们的痛苦吧！
"Wild eyed and confused, the pathetic creatures first hesitate and then, in a sudden burst of mad energy, bolt towards the exit to the overworld",眼神狂野而困惑，这些可怜的生物先是犹豫，然后突然爆发出疯狂的能量，冲向通往地表世界的出口。
Bah!,呸！
What chance do they stand out there?,他们在外面能有什么机会？
Better we had put them to the sword and saved them their misery,我们还不如用剑结束他们，免得他们受苦，
Roland scoffs,罗兰嗤笑道，
"As they flee, you cannot help but wonder what chance they stand out there",当他们逃跑时，你不禁想知道他们在外面能有什么机会。
The feral apprentices seem less than intimidated by your display and instead a certain predatory aspect creeps into their stances,这些野性的学徒似乎并未被你的展示吓倒，反而他们的姿态中透出一丝掠食者的意味。
It occurs to you that they might not have eaten in a while,你意识到他们可能有一阵子没吃东西了。
#WizardDungeonDrainage,巫师地下城排水道
Bracing your back against the wall of the chute you attempt to make a controlled descent,你背靠着滑槽的墙壁，试图进行有控制的下降
It proves more difficult than you had hoped however and you lose your grip and plummet into the dark cave below,然而这比你预想的要困难得多，你失去了抓握，坠入了下方黑暗的洞穴
"You splash roughly into a shallow pool of water and though the landing has shaken you, at least you’re still alive",你重重地溅落在一洼浅水中，虽然落地震得你七荤八素，但至少你还活着
Bracing your back against the wall of the chute you make a controlled descent until the chute emerges into a larger natural cavern,你背靠着滑槽的墙壁，有控制地下降，直到滑槽通入一个更大的天然洞穴
A short drop remains but as the floor below is covered with water you take the chance and successfully drop into the chamber,还剩一小段落差，但下方的地面被水覆盖，你抓住机会，成功跳入了这个洞室
A large drain is set into the floor,地板上嵌着一个巨大的排水口
"Though you cannot tell where the chute beyond leads, you could easily fit in should you dare",虽然你不知道后面的滑道通向何方，但只要你敢，很容易就能钻进去
Climb Down,爬下去
#WizardDungeonElevatorBlocked,#巫师地下城电梯受阻
The room ahead of you contains a large stone platform that appears to be hovering in some kind of shaft leading down,前方的房间里有一个巨大的石台，似乎悬浮在某种向下延伸的竖井中。
"As you take your first step into the room however, the voice of Calipero booms throughout the chamber",然而，当你踏入房间的第一步时，卡利佩罗的声音在整个房间中回荡。
You’ve not crafted the Salts of Elthanyr!,你还没有制作埃尔萨尼尔之盐！
You cannot enter the summoning chamber without it!,没有它，你不能进入召唤室！
Don’t tarry - I can’t hold much longer!,别磨蹭——我撑不了多久了！
#WizardDungeonGenerator,#巫师地牢生成器
The strange machine appears to hum with latent energy,这台奇怪的机器似乎因潜在的能量而发出嗡嗡声
It appears to have been damage by the strange fire-creatures that occupied the room but you think you could probably reactivate it through some trial and error,它似乎被占据房间的奇怪火焰生物损坏了，但你觉得通过一些试错或许能重新激活它
Reactivate it,重新激活它
The droning hum coming from the machine rises in pitch and a subtle vibration can be felt through the floor now,机器发出的嗡嗡声调升高，现在可以感觉到地板传来轻微的震动
"You believe you’ve reactivated this device, though to what end you’re not certain","""你相信自己重新激活了这个装置，尽管不确定最终会有什么结果。"""
Strange creatures seemingly composed of fire and molten lava stand around a large arcane machine of some sort,一些似乎由火焰和熔岩构成的奇怪生物围着一台大型奥术机器
They appear to be swaying and you almost get the impression they’re drawing energy from the machine; almost as if feeding upon it,它们似乎在摇摆，你几乎觉得它们正在从机器中汲取能量；仿佛在以此为食
One of the creatures suddenly appears to notice you,其中一个生物突然似乎注意到了你
One by one they turn to face you,它们一个接一个地转身面对你
It seems they are protective of their food-source,看来它们很保护自己的食物来源
The machine hums along with a low drone that reverberates throughout the dungeon,机器发出低沉的嗡嗡声，回荡在整个地牢中
There is nothing more for you to do here,这里没有更多你能做的事了
#WizardDungeonQuest1,#WizardDungeonQuest1
I’ve not heard of these Salts of Elthanyr before,我以前从未听说过这些埃尔萨尼尔之盐
"If we find his laboratory, perhaps we can find a recipe of sorts?",“如果我们找到他的实验室，也许能找到某种配方？”
"Nonetheless, I say we press on and do what we can to aid this man",“尽管如此，我认为我们应该继续前进，尽我们所能帮助这个人”
As I’ve said before,正如我之前所说
A Magos is not an ally to scoff at,一位法师可不是能轻视的同伴
I cast my voice into your mind from my summoning chamber - deep beneath your feet,我从我的召唤室——就在你们脚下深处——将声音投射到你们脑海中
I have become… detained there and it shall be your privilege to render your assistance in freeing me!,我被……困在那里了，而你们将有幸协助我脱身！
And how did you end up so detained?,那你是怎么被困住的？
Through certain rites I was calling up that which lies beyond,通过某些仪式，我召唤了来自彼界的存在
"What came through however, was not… what I expected",“然而，过来的东西……并非我所预料的那样”
It tried to overpower me but I was faster,它试图压制我，但我更快
By my immense willpower alone am I keeping my foe at bay,仅凭我强大的意志，我正将敌人压制住
I can hold him for a long time - but not forever,我能长时间压制他——但并非永远
But what can I do?,但我能做什么？
The voice sounds strained now,声音现在听起来很吃力
I need,我需要
I need Salts of Elthanyr,我需要埃尔萨尼尔之盐
It can be created in my laboratory,它可以在我的实验室里制作
You just need the three ingredients,你只需要三种材料
Find,找到
The voice cuts out,声音中断了
Find what?!,找到什么？！
Just craft the Salts of Elthanyr and bring them to the summoning chamber below!,只需制作埃尔萨尼尔之盐，然后带到下面的召唤室来！
Hurry,快
Cannot ho,无法……
What do you make of it Embla?,恩布拉，你怎么看？
As you walk past the statue in the corridor a voice suddenly rings out from it,当你走过走廊里的雕像时，一个声音突然从中响起
"Sharp and terrible, like two metal bars being clanged together, it seems to resonate in your very bones",“尖锐而可怕，就像两根金属棒撞击在一起，仿佛在你的骨头里产生共鸣”
Interloper!,闯入者！
You stand in the halls of Calipero the Tempestuous!,你正站在暴风卡利佩罗的大厅里！
Serve me well and I shall forgive you your transgression,好好侍奉我，我将原谅你的冒犯
Are... are you inside the statue?,你……你在雕像里面吗？
Serve you?,侍奉你？
What makes you think I want to serve you?,是什么让你觉得我想侍奉你？
I am no statue!,我不是雕像！
You are talking to none other than,你正在与不是别人，正是
Calipero the Tempestous!,暴风卡利佩罗！
Once the court-master to the High Wizard of Freymark,曾是弗雷马克大巫师的宫廷术师长
But where are you talking to me from?,但你是在哪里跟我说话？
And what makes you think I want to assist you?,又是什么让你觉得我想协助你？
Insolent mortal!,无礼的凡人！
You shall serve because I ask it of you!,你必须侍奉，因为我要求你这么做！
Besides,此外
I’ll pay well,我会付好价钱
Just pay attention!,专心听好！
My grip is failing!,我的控制正在减弱！
What's happening?,发生什么了？
Why?,为什么？
#WizardDungeonRecipeBook,#巫师地牢配方书
"The large book appears to be a collection of different, obscure alchemical recipes",这本大书似乎是一本收录了各种晦涩炼金术配方的合集
Flipping through it you eventually find the entry for ‘Salts of Elthanyr’,翻阅时你最终找到了“埃尔萨尼尔之盐”的条目
Read the Recipe,阅读配方
Summoning forth that which dwells beyond is one of the most dangerous tasks that a Magos can undertake,召唤彼界存在是法师所能进行的最危险的任务之一
What comes through may not always be what was intended,召唤而来的未必总是预期之物
The Salts of Elthanyr must always be kept at hand when attempting such rituals,尝试此类仪式时必须随时备好埃尔萨尼尔之盐
It is antithetical to that which has been called forth,它与被召唤之物相克
Strewing it in a circle around the summoning focus confines the outsider,将其撒在召唤焦点周围形成一个圈可以困住异界存在
Casting the salts upon the outsider utterly unmakes it,将盐撒在异界存在身上可将其彻底瓦解
The salts are difficult to create and may only be crafted in a Protoplasmic Catalyzer,这种盐难以制造只能在原生质催化器中炼制
Three ingredients must be used and added in this precise order,必须使用三种材料并严格按此顺序添加
First add Sylversalt,首先加入银盐
"Second, add Salamander’s Horn",其次，加入火蜥角
"Finally, add Lotus Petals",最后，加入莲花花瓣
"First, add Sylversalt",首先，加入银盐
#WizardDungeonSarcophagus,#WizardDungeonSarcophagus
You examine the sarcophagus as best you can but fail to make much sense of its purpose beyond it not appearing to be used for burial,你尽力检查石棺，但除了它似乎不是用于埋葬之外，你无法理解它的用途
Pressing down on the bottom of the interior it appears to give ever so slightly - almost as if it was hinged in some way,按下内部的底部，它似乎微微下沉——几乎像是某种铰链连接
Taking a step back you scan the area around the sarcophagus only to spot a stone tile that is polished almost smooth by years of wear,后退一步，你扫视石棺周围的区域，发现一块石砖因多年磨损而几乎光滑如镜
No doubt this is a switch of some sort,毫无疑问，这是某种开关
Press the switch,按下开关
"In the middle of this room stands a large golden sarcophagus-like chest that is richly engraved with complex, arcane-looking symbols",房间中央立着一个巨大的金色石棺状箱子，上面雕刻着复杂的、看起来像奥术的符号
Carved in beautiful letters on a lid of the sarcophagus is the following,石棺盖上用优美的字体刻着以下文字：
"For thy service to thy Lord, Ascension is thy sweet reward",“为汝对领主的服务，升天是汝甜蜜的奖赏。”
Open it,打开它
Examine the decorations,检查装饰
The lid of the sarcophagus slides open with surprising ease revealing an interior molded to the form of a human form,石棺盖轻松滑开，露出内部塑造成人形的空间
"All along the interior walls, more of the strange looking sigils are carved giving the sarcophagus the appearance of being some sort of ‘machine’",内壁四周刻着更多奇怪的符文，使石棺看起来像是某种“机器”
"Carefully pressing down on the switch with your foot, the effect is immediate",用脚小心地按下开关，效果立竿见影
"The false bottom of the sarcophagus swings to one side, opening up to a shaft below",石棺的假底摆向一侧，露出下方的竖井
"As soon as it does, scorching jets of flame roar up the shaft",刚一打开，灼热的火焰便从竖井中咆哮而上
Had someone been laying in the sarcophagus they would have been totally and utterly incinerated,如果有人躺在石棺里，他们会被彻底焚化
Reduces to ash in an instance,瞬间化为灰烬
Driina’s eyes go wide with shock,德莉娜震惊地睁大了眼睛
Is this how those apprentices are repaid for their servitude?,这就是那些学徒为他们的服务得到的回报吗？
He uses them and then disposes of them like leprous corpses when they can serve no more?,他利用他们，然后当他们无法再服务时，就像处理麻风病人的尸体一样丢弃他们？
What monster could do such a thing?!,什么样的怪物会做出这种事？！
You shudder at the implication,你为这暗示不寒而栗
How many of this man’s ‘apprentices’ have ended their life in this way?,这个人的“学徒”中有多少人就这样结束了生命？
The symbols carved into the sarcophagus appear to be magical in nature,石棺上雕刻的符号看起来具有魔法性质
"Beyond that however, you have no idea of their meaning or purpose",然而除此之外，你对它们的含义或目的毫无头绪
"At first glance, the symbols carved into the sarcophagus appear to be magical in nature",乍一看，石棺上雕刻的符号似乎具有魔法性质
"This however, is only at first glance",然而，这只是第一印象
Further examination reveals that they are nothing but purely decorative patterns of no arcane significance,进一步检查发现，它们不过是纯粹的装饰图案，没有任何奥术意义
"In fact, you feel certain that the gold-leaf covering the structure is fake as well",事实上，你确信覆盖这结构的金箔也是假的
#WizardDungeonSummoningChamber1,#巫师地下城召唤室1
Howling winds scream through these halls,呼啸的狂风在这些厅堂中尖啸
Though you feel it clawing at your exposed skin there is something strange about it,虽然你感觉到它抓挠着你裸露的皮肤，但其中有些奇怪之处
A ghost wind,一阵幽灵之风
Only partially of the material world,只有部分属于物质世界
The other half coming from beyond,另一半来自彼岸
No doubt Calipero’s summoning chamber lies ahead,毫无疑问，卡利佩罗的召唤室就在前方
#WizardDungeonSummoningChamberFinal,"#巫师地牢召唤室终章,"
You fling the vial of salt at the horrid creature but a gust of that terrible witch-wind catches the bottle instead,你把盐瓶扔向那可怕的生物，但一阵恐怖的巫风却卷住了瓶子，
It misses its mark and shatters against the wall and the Salts of Elthanyr spread into the roiling vortex,它偏离了目标，撞在墙上碎裂，埃尔萨尼尔之盐散入翻腾的漩涡中，
Each grain that strikes the pillar of smokes explodes into a tiny shower of sparks but it does not have the intended effect,每一粒击中烟柱的盐粒都爆裂成细小的火花雨，但并未产生预期的效果，
Instead something roars in the beyond and in an explosion of white light Calipero’s ward collapses,相反，彼岸传来一声咆哮，在白色光芒的爆炸中，卡利佩罗的结界崩溃了，
You have failed your quest,你的任务失败了，
The howling witch-winds rise as you push south into what must be the summoning chamber,当你向南推进，进入那必定是召唤室的地方时，呼啸的巫风愈发猛烈，
Emerging from the central pool is a great whirling plume of black smoke,从中央池中升起一股巨大的旋转黑烟柱，
"Bluish light flashes inside it like lightning and, for a few mercifully brief moments, illuminates something vast swimming inside the smoke","""蓝光在其中如闪电般闪烁，在几个短暂的仁慈瞬间，照亮了烟雾中游动的某个庞然大物"""
"The thing claws at the threshold of reality, desperate to break through - like a drowning man trapped under the thinnest of ice-sheets","""那东西抓挠着现实的边界，绝望地想要突破——就像被困在最薄冰层下的溺水者"""
Standing in front of the hideous thing is a single robed human figure,站在那丑恶之物前面的，是一个身着长袍的人类身影，
Calipero no doubt,无疑是卡利佩罗，
"Encased in some glimmering sphere of force, Calipero’s form is utterly frozen in time","""被某种闪烁的力场球体包裹，卡利佩罗的身形完全凝固在时间中"""
"Nonetheless, his statue-like form conveys superhuman effort","""尽管如此，他那雕像般的形态传达出超人的努力"""
He has held the monstrosity from beyond at bay this long but his grip is no doubt failing,"""他这么久以来一直将彼岸的怪物拒之门外，但他的掌控无疑正在减弱"""
Throw the salt at the pillar of smoke,把盐扔向烟柱，
The man who stands before you looks much like his apprentices,站在你面前的这个人，看起来很像他的学徒们，
Or perhaps it is more accurate to say they look a lot like him for no doubt this is the original,或者更准确地说，他们很像他，因为毫无疑问，他才是原型，
"He regards you with cold eyes, head slightly cocked to one side, but says nothing","""他用冷漠的眼神打量着你，头微微偏向一侧，但一言不发"""
You open your mouth to speak and he snaps his fingers,你张嘴欲言，他打了个响指，
A rush of air and sudden vertigo and then you are somewhere else,一阵气流和突如其来的眩晕，然后你便身处别处，
"You fling the vial at the pillar of black smoke and watch in awe as the salt ignites, turning the pillar from a pillar of smoke to a pillar of multi-colored flame instead","""你把瓶子扔向黑烟柱，敬畏地看着盐燃烧起来，将烟柱变成了五彩的火焰柱"""
Something screams in terror from beyond,彼岸传来惊恐的尖叫，
At first the roar of some great beast then the whimper of a child,起初是某种巨兽的咆哮，然后是一个孩子的呜咽，
"Then, suddenly, all is quiet and the thing is no more","""然后，突然，一切归于寂静，那东西不复存在"""
You reel from the shock of the unmaking and for a moment your vision is obscured by the bright afterimages of the arcane light,你因毁灭的冲击而踉跄，一时间，奥术光芒的明亮残影遮蔽了你的视线，
"Slowly, your eyesight readjusts to the now darkened chamber and you see the Magos rising slowly to his feet","""慢慢地，你的视力重新适应了如今黑暗的房间，你看到法师缓缓站起身来"""
Calipero I presume?,我猜是卡利佩罗？
A man dressed in the colorful garb of a traveling theater performer walks onto the stage and the crowd falls utterly silent,一个身着巡回剧团演员鲜艳服装的男人走上舞台，人群顿时鸦雀无声，
#WizardsTowerEnter,#WizardsTowerEnter
You mind reels as you look around the lush interior of the tower,当你环顾塔内郁郁葱葱的内部时，你的思绪开始晕眩
"Colorful, fragrant flowers abound and exotic songbirds sing in every bush",“五彩缤纷、芬芳四溢的花朵随处可见，异国情调的鸣禽在每一丛灌木中歌唱”
"Stranger still, the tower’s interior is somehow much larger than its exterior seems to allow",“更奇怪的是，塔的内部不知怎的比其外部看起来要大得多”
Kat looks around in awe,卡蒂敬畏地环顾四周
This place is… impossible,这地方……不可能
I wonder what hands could have shaped such beauty?,我想知道是什么样的手塑造了如此美景？
"No doubt this is the work of some Magos, yes?",“毫无疑问，这是某位法师的作品，对吧？”
Let’s not be blinded by the splendor,我们不要被这壮丽景象蒙蔽了双眼
Iben muses as he carefully prods at one of the orchids with his weapon,伊本一边沉思，一边用他的武器小心地戳着一株兰花
"Looking around, You cannot help but wonder what hands could have shaped such beauty",“环顾四周，你不禁想知道是什么样的手塑造了如此美景”
#WizardTowerQuestBegin,#WizardTowerQuestBegin
Embla strokes her chin,恩布拉摸着下巴，
The scent of the Reticulum is about this,这里弥漫着魔网的气息，
I would wager much that this ‘Master’ he speaks of is a sorcerer of sorts,我敢打赌，他所说的“主人”是某种术士，
A Magos even,甚至可能是一位法师，
"Though time is against us, another Magos could be a powerful ally and our path to Gradla takes us past Eryll in any case",“虽然时间紧迫，但另一位法师可能成为强大的同伴，而且我们去格拉德拉的路无论如何都会经过埃里尔。”
"I say, we should at least investigate this further",“我说，我们至少应该进一步调查此事。”
Let's be on our way for now,我们先赶路吧，
"From his skin and nails to his jaundiced eyes and missing teeth, this young man appears to have been stricken by some disease",“从他的皮肤、指甲，到发黄的眼睛和脱落的牙齿，这个年轻人似乎患上了某种疾病。”
"Beyond that, you’ve never seen anything quite like it and have no idea how to classify it",“除此之外，你从未见过类似的情况，也不知道该如何归类。”
"So, what is this about your master then?",“那么，关于你的主人是怎么回事？”
"From his skin and nails to his jaundiced eyes and missing teeth, the young man’s condition is perplexing",“从他的皮肤、指甲，到发黄的眼睛和脱落的牙齿，这个年轻人的状况令人费解。”
Some of these symptoms are similar to those suffered by Magi upon exposure to strong magics over time but this is far too severe - especially considering the man’s young age,其中一些症状与法师长期接触强大魔法后出现的症状相似，但这要严重得多——尤其是考虑到他还这么年轻。
It’s as if he’s quite literally falling apart in front of your eyes,他简直就像在你眼前分崩离析。
"Strangest of all, it appears as if the man is oblivious to his condition",“最奇怪的是，这个人似乎对自己的状况浑然不觉。”
"Traveling north along the coast, you notice a young man standing at the side of the road",“沿着海岸向北行进时，你注意到一个年轻人站在路边。”
"His tattered robes, bald head and unhealthy pallor reminds you of a magos, though this boy is surely too young?",“他破烂的长袍、光头和不健康的苍白脸色让你想起法师，但这男孩未免太年轻了吧？”
He follows your passing with an idiotic smile draped over his round bland face,他用一张圆润而平淡的脸上挂着的傻笑目送你们经过，
Can I help you?,需要帮忙吗？
Ignore the man,无视这个人，
We have come,我们前来，
he stops for a long moment and thinks,他停顿了许久，思索着，
to beg for aid!,乞求援助！
Our Master is missing down below and we are not allowed to enter and search for him,我们的主人失踪在下面，我们不被允许进入寻找他，
Something is wrong - we know it!,出事了——我们知道！
"A note of agitation, bordering on panic, creeps into his voice",“一丝焦躁，近乎恐慌，悄然渗入他的声音。”
"Suddenly he stops, choughs slightly, and then smiles again",“他突然停下，轻轻咳了一声，然后又露出笑容。”
Bloody drool runs down his chin along with one of the man’s teeth,带血的口水顺着他的下巴流下，还带着一颗牙齿。
What of your master?,你的主人怎么了？
Help!,救命！
the young man croaks as you pass him,年轻人用沙哑的声音喊道，当你们经过他时，
He blinks as if he was equally surprised as you at the outburst - all the while smiling moronically,他眨了眨眼，仿佛对这声喊叫和你一样惊讶——同时仍傻笑着，
Well!,喂！
Speak up boy or you’ll get the back of my hand!,小子，大声点，不然就吃我一巴掌！
Roland grumbles at the man,罗兰对着那人咕哝道，
We beseech you,我们恳求你们，
Travel to Eryll,前往埃里尔，
Seek out the Tower of Ash,找到灰烬之塔，
Find us there and learn of our Master’s fate,在那里找到我们，了解我们主人的命运，
"But please, time is of the essence and for each second you tarry, hope fades",“但请务必抓紧时间，每耽搁一秒，希望就渺茫一分。”
"The words flow as if rehearsed and then, as he speaks the last words he lets out a deep sigh and sits down on the ground",“这些话像是排练过一样流畅，说完最后一句，他深深叹了口气，坐倒在地。”
Eryll?,埃里尔？
Tower of Ash?,灰烬之塔？
"Why, I’ve never felt better",“哎呀，我感觉再好不过了。”
The man seems taken aback by the question,那人似乎被这个问题吓了一跳，
"Please, it is my master who needs help",“求求你们，需要帮助的是我的主人。”
Driinas eyes narrow as she grabs one of his hands with the skilled touch of a healer,德莉娜眯起眼睛，用医者娴熟的手法抓住他的一只手，
You’re not well at all,你病得不轻，
she mumbles to herself,她自言自语道，
Let me just take a look at you none the less,不过还是让我看看你吧，
His eyes are glassy and distant,他的眼神呆滞而遥远，
Find us there,在那里找到我们，
he repeats before his voice trails off,他重复道，随后声音渐渐消失，
Fool’s mind is gone,这傻瓜已经神志不清了，
He’ll be food for crows come nightfall and it’ll be a mercy,天黑后他就会成为乌鸦的食物，那倒是一种解脱，
Roland mumbles,罗兰咕哝道，
Are you just going to sit there?,你就打算这么坐着？
The man rolls over on his side - eyes staring stiffly ahead,那人翻了个身侧躺着——眼睛直直地盯着前方，
"Though he still appears to be alive, no prodding or prompting raises any kind of response from him",“虽然他看起来还活着，但无论怎么戳弄或呼唤，他都没有任何反应。”
There appears to be nothing more you can do for this lost soul save consider his request,看来对于这个迷失的灵魂，你除了考虑他的请求外，已无能为力。
I'm not sure what ot make of this,我不确定这到底是怎么回事，
That is why you are travelling to the Black Priory,这就是你们前往黑修院的原因，
#WizardTowerTopFloor,#巫师塔顶层
It is where our Master goes to do his sacred work,那是我们主人进行他神圣工作的地方
But he is missing!,但他失踪了！
"Please, you must go there now",“求你了，你现在必须去那里”
Find him,找到他
Use the silver flute and go through the mercury lake!,使用银笛，穿过水银湖！
"And if I do, what's in it for me?",“如果我做了，我有什么好处？”
I'll get going,我这就出发
Master is still missing!,主人还是失踪了！
Go down below now!,现在下去下面！
The apprentices again begin to whimper in terror like caged animals,学徒们再次像笼中的动物一样恐惧地呜咽起来
You emerge into what appears to be an observatory of sorts,你出现在一个看起来像是某种天文台的地方
Astronomical glyphs cover the floor and in the center of the room stands what appears to be a huge telescope,天文符号覆盖着地板，房间中央矗立着一台巨大的望远镜
"Strangely though, there does not appear to be any form of aperture in the roof that would allow it to observe the sky",“但奇怪的是，屋顶上似乎没有任何形式的开口可以让它观测天空”
Four robed figures huddle together under the strange construct like frightened animals,四个穿着长袍的人影像受惊的动物一样蜷缩在这个奇怪的构造物下
Come out so I can see you!,出来让我看看你们！
Slowly the four figures creep forwards into the half-light and to your astonishment you see that all four have identical faces,慢慢地，四个人影向前挪到半明半暗的光线中，你惊讶地发现他们四个有着一模一样的脸
Indeed they all appear to be identical to the strange man you met on Idra,确实，他们看起来都和你之前在伊德拉遇到的那个奇怪男人一模一样
You come for Master!,你们来找主人！
"one of the men states, rather than asks, with a serene smile on his face",“其中一个人陈述道，而不是询问，脸上带着安详的微笑”
What in the Magi’s Loins is going on here?,法师的血脉啊，这里到底发生了什么？
Kat blurts out as she stares in fascinated awe at the quadruplets,卡蒂脱口而出，她着迷而敬畏地盯着这四胞胎
We are apprentices of Calipero the Tempestuous,我们是暴风卡利佩罗的学徒
one of the others answers with a smile,另一个人微笑着回答
But… our Master if miffing!,但是……我们的主人失踪了！
lisps an apprentice toothlessly,一个没牙的学徒口齿不清地说
"As one, the four men begin to whimper",“四人齐声呜咽起来”
"Though all four men are identical, they all seem to be afflicted by varying degrees of the strange decomposition that you observed in their 'brother' on Idra",“虽然这四个人一模一样，但他们似乎都不同程度地遭受着你之前在伊德拉的他们‘兄弟’身上观察到的那种奇怪的腐烂”
Missing?,失踪？
Explain!,解释！
Master has gone down below,主人已经下去下面了
To his work,去做他的工作
But he has not returned!,但他没有回来！
Something is wrong!,出事了！
Danger!,危险！
DANGER!,危险！
Like frightened animals the four apprentices fret anxiously about,像受惊的动物一样，四个学徒焦急地走来走去
Down below?,下面？
One of them whispers,其中一人低语道
We’re not allowed to go there,我们不被允许去那里
Not until we ascend,直到我们升天
But you can go!,但你可以去！
Even without ascending!,甚至不用升天！
As one the four apprentices’ moronic smiles return and they all nod in agreement,四人一齐露出傻乎乎的笑容，都点头同意
You go now!,你现在就去！
How would I even get there?,我到底要怎么去那里？
"One of the men pushes a small, silver flute into your hands",“其中一人把一支小小的银笛塞到你手里”
This is the key,这就是钥匙
Blow it and the mercury lake will open for you,吹响它，水银湖就会为你打开
It’s where we go to ascend but we’re not allowed there without him!,那是我们去升天的地方，但没有他我们不被允许去那里！
So you must go instead!,所以你必须替我们去！
Embla looks at the flute with fascination,恩布拉着迷地看着长笛
He must mean the mercury lake down on the ground floor,他一定是指楼下的那个水银湖
The affairs of Magi indeed,法师的事务果然如此
I wonder what knowledge a man such as this Calipero could be hiding in his secret halls?,我想知道像卡利佩罗这样的人在他的秘密厅堂里隐藏着什么样的知识？
she muses,她沉思道
Keep his knowledge for yourself Embla - I’d be happier with a fistful of diamonds,恩布拉，你自己留着那些知识吧——我宁愿要一把钻石
Kat chimes in,卡蒂插话道
Let's try to get some answers first,我们先试着找些答案吧
Let's be on out way then,那我们出发吧
We serve Calipero the Tempestuous!,我们侍奉暴风卡利佩罗！
all four answer in unison,四人齐声回答
As kind and loving as he is wise - Our joy is to serve him until we one day ascend to join him in the ranks of the holy Magi!,他既仁慈又充满爱心，如同他的智慧一样——我们的快乐就是侍奉他，直到有一天我们升天，加入神圣法师的行列！
Ascend?,升天？
But how come you all look so similar?,但你们怎么都长得这么像？
"When we are judged ready, we go down below",“当我们被判定准备好了，我们就下去下面”
Under the mercury pool and into and enter the ascension chamber and the golden machine!,到水银池下，进入升天室和黄金机器！
There we shall transcend this weak flesh and take our place amongst those who are giants amongst men!,在那里我们将超越这脆弱的肉身，在那些人中巨人之间占据我们的位置！
What more can you tell me about the area below?,关于下面的区域，你还能告诉我些什么？
The four apprentices stare at you with blank smiles,四个学徒带着茫然的微笑盯着你
Tell me about this master of yours!,跟我说说你们这位主人！
What kind of reward are we looking at here?,我们能得到什么样的奖励？
What lies down below?,下面有什么？
This young man smiles serenely at you as you approach,当你走近时，这个年轻人安详地对你微笑
His round face is eerily identical to that of all of his ‘brothers’,他圆圆的脸与他所有“兄弟”的脸惊人地一模一样
Where is Master?,主人在哪里？
I'm still searching,我还在找
Our Master is rich beyond comparison!,我们的主人富有得无与伦比！
Beyond count will be the joys and gifts he will bestow upon you!,他将赐予你们的欢乐和礼物将数不胜数！
The four apprentices simply smile absentmindedly as if they didn’t hear or understand the question,四个学徒只是心不在焉地微笑着，仿佛没听见或没听懂这个问题
After a short while one of them repeats,过了一会儿，其中一人重复道
#ZharaIagoReturned,#ZharaIagoReturned
"A tall, muscular woman, beautiful but for a scar across the cheek, stands looking over papers whilst apparently counting under her breath",一位高大健壮的女人，面容姣好，只是脸颊上有一道伤疤，她站在那里翻阅文件，同时似乎在低声计数。
Her flamboyant outfit marks her not only as a southerner but likely also an officer,她那华丽的装束不仅表明她来自南方，还很可能是一位军官。
So it's you we have to thank for our captain's return?,我们得感谢你让我们的船长归来？
"Well, the Weathermaiden is in your gratitude",嗯，天候少女号对你感激不尽。
She grins revealing a golden tooth,她咧嘴一笑，露出一颗金牙。
I’m at your service - but if it’s all the same to you I have much to do,我随时为你效劳——不过如果你不介意的话，我还有很多事要做。
#ZharaScene,#扎拉场景
Be careful out there!,小心点！
He is the finest sea-captain from here to the Sea-Gates,他是从这里到港门一带最出色的船长
If you’ve not heard of him it is because he prefers it so,如果你没听说过他 那是因为他喜欢这样
Such is the nature of our vocation,这就是我们职业的性质
Vocation?,职业？
"As I said, our cargo is often less than legal",如我所说 我们的货物常常不太合法
There is trouble brewing in the Freymark and plenty of people looking to acquire goods outside the Imperial trade network,弗雷马克正酝酿着麻烦 许多人想在帝国贸易网络之外获取物资
We carry it and people like the Rat Queen sell it,我们负责运输 而鼠后那样的人负责销售
Ah - I see sell-swords have come to answer the maiden’s plea!,啊——我看到佣兵们来回应少女的恳求了！
"Her smile however, does not quite reach her eyes",然而 她的笑容并未真正到达眼底
We met your man Dono in the refugee camp,我们在难民营见到了你的人多诺
I am Zhara,我是扎拉
First mate of the illustrious Weathermaiden,赫赫有名的天候少女号的大副
She gestures grandly to the anchored ship,她夸张地朝停泊的船做了个手势
As she proceeds a shadow falls over her face,她说着 脸上掠过一片阴影
We were on our way to the mainland when we encountered… something ancient,我们在前往大陆的途中遇到了……某种古老的东西
We lost many a good man and the ship was gravely damaged,我们失去了许多好手 船也严重受损
"However, by the grace of the Blind and our captain's good fortune, we outran the beast and made it to the shallows",然而 靠着盲神的恩典和船长的好运 我们跑赢了那怪物 抵达了浅滩
It did not pursue us there and we suspect it will not stray too far from deeper waters,它没有追到那里 我们猜测它不会远离深水区太远
"Thankfully, we were close to the sea-cave and we’ve been holed up here since",幸好 我们当时离海蚀洞窟很近 从那以后就一直躲在这里
The Behemoth,海怪
It sunk our ship as well as we attempted to land,我们试图靠岸时 它也击沉了我们的船
Behemoth indeed,果然是海怪
What a strange fate that we should both be survivors of something so deadly,多么奇妙的命运 我们居然都是如此致命之物的幸存者
In our case we made as good an escape as can be had against such a horror,就我们而言 面对如此恐怖之物 我们已经尽了最大努力逃脱
"The ‘Maiden’ is fast but more so, our captain, Iago zha Droma, is the finest captain to sail these waters",‘少女号’很快 但更重要的是 我们的船长 伊阿戈·扎·德罗马 是在这片海域航行过的最出色的船长
Be their sails black or white,无论他们的船帆是黑是白
And where is your Captain now?,那你们的船长现在在哪？
That is where I hope you might be of assistance,这正是我希望你能帮忙的地方
"While we await repairs, our cargo is rotting in our holds",在我们等待修理的时候 我们的货物正在货舱里腐烂
The Captain decided to venture into Horryn and seek out the Rat Queen and her black market in a bid to offload what he could,船长决定冒险进入霍林 寻找鼠后和她的黑市 想尽量把货脱手
I advised him against it as the ‘Queen’ is cruel and fickle,我劝过他别去 因为那位‘鼠后’残忍又善变
Black market?,黑市？
"As you may have surmised, our operation is less than sanctioned by the Empire",你可能已经猜到了 我们的行动并未得到帝国的许可
"We must ply our trade in the shadows and we deal with those we can, I suppose",我们不得不在阴影中经营 只能和那些我们能打交道的人交易 我想
"In any case, you no doubt know as well as I what has befallen this island",无论如何 你肯定和我一样清楚这座岛遭遇了什么
Horryn is overrun by mad-men and I fear that the Captain was still inside its walls when the city fell,霍林被疯子们占领了 我担心城市陷落时船长还在城墙之内
In any case we have not seen him for days and I fear the worst,总之 我们已经好几天没见到他了 我担心最坏的情况
A slight hint of desperation creeps into her voice,她的声音里透出一丝绝望
And now you want me to look for him?,现在你想让我去找他？
"If you can make it inside the walls, you would be doing a favor to the finest captain in the Outer Isles if you could venture to rescue him",如果你能进入城墙内 若能冒险去救他 就是帮了外岛最出色的船长一个大忙
Surely that must be worth something?,这肯定值得点什么吧？
I'll keep an eye out for him,我会留意他的
Zhara looks relieved,扎拉看起来松了口气
That is all I ask!,这就是我全部所求！
I would begin the search at the Rat Queen’s court,我会从鼠后宫廷开始搜寻
I’ve never seen it myself but I hear it lies deep in the sewers under the city,我自己从未见过 但我听说它位于城市下方深处的下水道里
Just be careful and trust no one - least of all the Rat Queen,千万小心 别相信任何人——尤其是鼠后
Zhara spits in contempt,扎拉轻蔑地啐了一口
Where did you say I should look for Iago?,你说我该去哪里找伊阿戈？
Tell me more about your Captain,再跟我多说说你们船长的事
How long until you can take to sea again?,你们还要多久才能再次出海？
The ‘maiden’ took quite a beating and we’ll be here for quite some time yet,‘少女号’挨了顿狠揍 我们还得在这儿待上好一阵子
"And in any case, we’re not leaving until we learn Iago’s fate",而且无论如何 在得知伊阿戈的命运之前 我们不会离开
"That being said, monster or no monster, we’re not staying a moment more than we need on this accursed island",话虽如此 不管有没有怪物 我们都不会在这座被诅咒的岛上多待一刻
There is something… wrong here,这里……有些不对劲
I feel it in my bones,我骨子里能感觉到
Do you think you can outrun the creature again?,你觉得你们能再次跑赢那怪物吗？
"If there is one captain and one ship that could, it's Iago at the helm of the ‘Maiden’",如果有一位船长和一艘船能做到 那就是掌舵‘少女号’的伊阿戈
We may need to be cautious and stay close to shore but I’m willing to roll those dice,我们可能需要谨慎行事 紧靠海岸 但我愿意赌一把
The Blind has her hand over us,盲神在护佑着我们
What news of Captain Iago?,有伊阿戈船长的消息吗？
"As I said, he made his way towards the black markets that lie under Horryn",如我所说 他去了霍林下方的黑市
All I know is that they can be entered via the sewers that lie under the city,我只知道可以通过城市下方的下水道进入
"Though the black market is no doubt a nest of vipers, I fear the biggest problem for now is finding a way into the city itself",虽然黑市无疑是蛇窝 但我担心眼下最大的问题是找到进入城市本身的路
Perhaps allying yourself with the survivors in the refugee camp is a wise course of action?,或许与难民营的幸存者结盟是个明智之举？
#ZharaWeathermaiden,#扎拉天候少女号
There is an oven going over on the fore-castle where you can cook your meals,前甲板上有个烤箱，你可以在那里做饭
And before you ask,在你问之前
The forecastle is at the front of the boat,前甲板在船的前部
He’s around somewhere!,他就在附近某个地方！
Have you tried his cabin below?,你试过下面的他的船舱了吗？
"If he's not there now, just keep checking in and you'll run into him eventually!","""如果他此刻不在那里，就继续找，你最终会碰到他的！"""
Zhara expertly mans the helm while keeping a steady eye on the horizon,扎拉熟练地掌着舵，同时稳稳地注视着地平线
She appears to revel in the fact that she’s back at sea and as she sees you she lets out a howl of joy,她似乎陶醉于重回大海的事实，看到你时，她发出一声喜悦的嚎叫
By all of the Blind Maidens it is good to feel the wind on my face again!,以所有盲眼少女之名，再次感受到风吹在脸上的感觉真好！
"This is the good life, no?","""这才是好生活，不是吗？"""
Winds behind and adventure in front!,身后是风，前方是冒险！
Ah yes,啊，是的
Argh!,啊！
In the meantime I had some questions,与此同时，我有一些问题
Not to worry!,别担心！
We’ve set aside a cabin for you down below - next to the captain's quarter,我们在下面为你留了一间船舱——就在船长室旁边
Feel free to rest there and to store any items you might wish to,你可以在那里休息，存放任何你想放的物品
"I can assure you, they’ll be quite safe!","""我可以向你保证，它们会很安全！"""
Nothing I'd rather do than answer your questions!,我最乐意回答你的问题了！
I need to see the captain!,我需要见船长！
I need to rest!,我需要休息！
Is there any place to cook my food?,有地方做饭吗？
I wanted to ask you something!,我想问你点事！
